0	0.542598252
1	0.544626389
2	0.548863304
3	0.55161984
4	0.55228825
5	0.545168173
6	0.54350994
7	0.543210458
8	0.541980186
9	0.544353556
10	0.541931386
11	0.541902587
12	0.541032313
13	0.541682171
14	0.53825867
15	0.525753773
16	0.516488437
17	0.516040246
18	0.506085539
19	0.517360786
20	0.518785621
21	0.525558114
22	0.525838776
23	0.527523562
24	0.529929297
25	0.52836067
26	0.531157805
27	0.534140145
28	0.537326686
29	0.538336587
30	0.539546604
31	0.53954535
32	0.539410707
33	0.538819
34	0.541791306
35	0.542316584
36	0.54061617
37	0.539787441
38	0.549371895
39	0.55438491
40	0.555009788
41	0.555295863
42	0.552884519
43	0.551796197
44	0.552457052
45	0.552479831
46	0.551857946
47	0.552701757
48	0.553029495
49	0.554727291
50	0.554959103
51	0.554910736
52	0.556351195
53	0.558035885
54	0.559208779
55	0.5479762
56	0.55091259
57	0.55137425
58	0.552878677
59	0.557784827
60	0.5593243
61	0.559863978
62	0.560534045
63	0.562231778
64	0.563376237
65	0.567390972
66	0.565818414
67	0.569321951
68	0.571715006
69	0.560178166
70	0.561228838
71	0.563757798
72	0.564809526
73	0.563510703
74	0.565777323
75	0.560467698
76	0.559472906
77	0.559671796
78	0.560557122
79	0.555136733
80	0.552190604
81	0.553271692
82	0.552833884
83	0.561998203
84	0.565250057
85	0.565981893
86	0.566118703
87	0.555163308
88	0.558363387
89	0.538530917
90	0.538864307
91	0.539078593
92	0.530259277
93	0.530964429
94	0.532979623
95	0.532954914
96	0.533344906
97	0.536051771
98	0.536460989
99	0.538590319
100	0.540199376
101	0.534768794
102	0.534437738
103	0.534170232
104	0.535137192
105	0.53906206
106	0.539685597
107	0.54127183
108	0.546582537
109	0.550886603
110	0.552499504
111	0.553948586
112	0.552664668
113	0.555129738
114	0.549430551
115	0.549978928
116	0.550390221
117	0.551068447
118	0.553009598
119	0.552617474
120	0.553011424
121	0.557124983
122	0.556947726
123	0.549638685
124	0.550518395
125	0.551038383
126	0.55158473
127	0.551776906
128	0.552262076
129	0.553599715
130	0.545309151
131	0.54608419
132	0.547664287
133	0.548268614
134	0.548467323
135	0.548942361
136	0.549001554
137	0.546582204
138	0.546898795
139	0.549257876
140	0.551394635
141	0.55152902
142	0.554383479
143	0.554384581
144	0.551014373
145	0.549128817
146	0.547929134
147	0.54923292
148	0.551646639
149	0.550236525
150	0.549538509
151	0.549607683
152	0.550915185
153	0.551383244
154	0.516223997
155	0.516153233
156	0.516624759
157	0.517073721
158	0.506542046
159	0.507192044
160	0.511464086
161	0.518740753
162	0.519519456
163	0.525242563
164	0.531623678
165	0.539653308
166	0.541121645
167	0.541617798
168	0.544145101
169	0.54566956
170	0.549350247
171	0.548975339
172	0.549350998
173	0.550076379
174	0.550098358
175	0.550827807
176	0.531658412
177	0.533230324
178	0.534457585
179	0.534572901
180	0.536416659
181	0.53557323
182	0.53790949
183	0.537457582
184	0.537775443
185	0.543810948
186	0.544999625
187	0.545675417
188	0.54585804
189	0.548247436
190	0.548311387
191	0.548188326
192	0.546571221
193	0.54441672
194	0.544795368
195	0.545247912
196	0.545685366
197	0.541750535
198	0.540867808
199	0.545772171
200	0.546318041
201	0.546245248
202	0.542224247
203	0.542744407
204	0.536287675
205	0.531929262
206	0.533104298
207	0.532794049
208	0.533974649
209	0.534697892
210	0.529540026
211	0.523683631
212	0.523268551
213	0.524031062
214	0.522045643
215	0.521660862
216	0.524403392
217	0.526928437
218	0.528042909
219	0.52940572
220	0.535130428
221	0.536355632
222	0.538596438
223	0.538981681
224	0.540142515
225	0.543005525
226	0.547474824
227	0.549994598
228	0.553001571
229	0.554225291
230	0.555474847
231	0.550109069
232	0.549908295
233	0.551310195
234	0.538740678
235	0.541391708
236	0.541808661
237	0.518864252
238	0.520295379
239	0.524580662
240	0.52439778
241	0.526634321
242	0.526941542
243	0.527960655
244	0.530876493
245	0.531372621
246	0.524067068
247	0.521049724
248	0.524158195
249	0.526776754
250	0.529506557
251	0.530059245
252	0.530303425
253	0.533067511
254	0.536689196
255	0.535538812
256	0.535343176
257	0.535402404
258	0.538391772
259	0.540037866
260	0.54220646
261	0.544468045
262	0.547154661
263	0.549785411
264	0.549907476
265	0.554541906
266	0.556375662
267	0.554831604
268	0.555572035
269	0.556832913
270	0.556976144
271	0.552482584
272	0.553529296
273	0.552530498
274	0.552740983
275	0.549115811
276	0.551274142
277	0.551634164
278	0.549642882
279	0.549668375
280	0.552758724
281	0.552610317
282	0.553835765
283	0.55427425
284	0.554254155
285	0.554161372
286	0.550059602
287	0.550867166
288	0.553438274
289	0.553658788
290	0.554723989
291	0.552298872
292	0.552827898
293	0.552407264
294	0.556325385
295	0.555321406
296	0.555618834
297	0.549308553
298	0.549656677
299	0.54986811
300	0.551231075
301	0.553919063
302	0.557279973
303	0.557517736
304	0.556813169
305	0.55856482
306	0.558544207
307	0.556740057
308	0.556509296
309	0.558689608
310	0.560935021
311	0.561059577
312	0.562090968
313	0.561923586
314	0.564619995
315	0.567769861
316	0.568536565
317	0.568740875
318	0.568740875
319	0.570143346
320	0.570721838
321	0.57175966
322	0.57171575
323	0.572112718
324	0.568887028
325	0.569298355
326	0.570820379
327	0.571868108
328	0.551327192
329	0.55068547
330	0.555213837
331	0.539579616
332	0.533518643
333	0.534177059
334	0.534851778
335	0.536621321
336	0.540632144
337	0.54305766
338	0.545606226
339	0.544159531
340	0.540394189
341	0.540596225
342	0.536908411
343	0.539173185
344	0.537817619
345	0.531419079
346	0.53222184
347	0.536674975
348	0.539085124
349	0.53179983
350	0.530857484
351	0.531441224
352	0.524958426
353	0.534931932
354	0.537500328
355	0.539170153
356	0.528800456
357	0.530308522
358	0.529988705
359	0.530599356
360	0.531088365
361	0.532402345
362	0.54046445
363	0.540344263
364	0.542442022
365	0.536147147
366	0.53728051
367	0.543410989
368	0.532483976
369	0.530726677
370	0.523189885
371	0.598316299
372	0.601309303
373	0.597568125
374	0.594711911
375	0.598304506
376	0.600520842
377	0.601682085
378	0.603110385
379	0.601825657
380	0.600670455
381	0.606442694
382	0.610015517
383	0.607539018
384	0.613119166
385	0.61017101
386	0.610084489
387	0.612861079
388	0.617564898
389	0.620337151
390	0.622249276
391	0.622600935
392	0.623492691
393	0.626229784
394	0.626998736
395	0.627468941
396	0.628288675
397	0.628393853
398	0.631828896
399	0.632962217
400	0.603368962
401	0.603859621
402	0.600696286
403	0.602833451
404	0.594694314
405	0.594821565
406	0.594735887
407	0.595406988
408	0.597248169
409	0.567964524
410	0.568006191
411	0.568996347
412	0.570410718
413	0.571284783
414	0.563962272
415	0.566867076
416	0.568932159
417	0.570093601
418	0.566142796
419	0.569395792
420	0.570092063
421	0.571280256
422	0.563464413
423	0.565336387
424	0.562004069
425	0.565235781
426	0.563186117
427	0.565279918
428	0.554854975
429	0.556050424
430	0.557393032
431	0.551660878
432	0.556034718
433	0.556351464
434	0.558750824
435	0.560090522
436	0.560003776
437	0.56069904
438	0.560796351
439	0.562861324
440	0.562815413
441	0.566246901
442	0.564623558
443	0.550578566
444	0.551069702
445	0.552108564
446	0.553452799
447	0.556709187
448	0.556817852
449	0.551471878
450	0.551533783
451	0.55332429
452	0.558639315
453	0.559057265
454	0.559018571
455	0.558953618
456	0.558495611
457	0.558895482
458	0.559288469
459	0.557756274
460	0.559927486
461	0.560229597
462	0.562178107
463	0.564184737
464	0.559497084
465	0.56195349
466	0.562534987
467	0.563582144
468	0.564386496
469	0.564408545
470	0.565395465
471	0.5659649
472	0.562814479
473	0.563770885
474	0.563212893
475	0.564103202
476	0.564157354
477	0.564635227
478	0.565689372
479	0.567079967
480	0.566383506
481	0.565284002
482	0.567866054
483	0.57171112
484	0.571578386
485	0.571463173
486	0.573605687
487	0.574341379
488	0.575142068
489	0.573629933
490	0.574633224
491	0.574568692
492	0.569197404
493	0.570361328
494	0.568614908
495	0.566647974
496	0.568098102
497	0.569141182
498	0.570764322
499	0.571415267
500	0.571561511
501	0.571799809
502	0.571822642
503	0.573633257
504	0.57521509
505	0.575491672
506	0.577396531
507	0.577285944
508	0.579322008
509	0.580008198
510	0.566980115
511	0.567308777
512	0.566490639
513	0.565191696
514	0.565994989
515	0.562154052
516	0.55944448
517	0.557306803
518	0.556984406
519	0.558685993
520	0.563200718
521	0.564083206
522	0.562875875
523	0.568138754
524	0.570239135
525	0.570507039
526	0.556188743
527	0.556191118
528	0.554879877
529	0.55509391
530	0.555911141
531	0.555745203
532	0.556209857
533	0.548230094
534	0.547897003
535	0.548194669
536	0.548248304
537	0.550171033
538	0.550013115
539	0.550072772
540	0.551192355
541	0.551560373
542	0.54961442
543	0.550990064
544	0.550454783
545	0.555052423
546	0.555958318
547	0.550926024
548	0.550992578
549	0.549714198
550	0.550881388
551	0.550607015
552	0.548913036
553	0.547471906
554	0.547466764
555	0.5478775
556	0.525507262
557	0.525761453
558	0.525949391
559	0.525977518
560	0.526373894
561	0.527226864
562	0.525880563
563	0.5268644
564	0.527094503
565	0.5277322
566	0.529631927
567	0.528349482
568	0.529283702
569	0.528061089
570	0.528651898
571	0.529304583
572	0.529979673
573	0.527908379
574	0.524775528
575	0.526051496
576	0.528101533
577	0.528595324
578	0.527321113
579	0.527450184
580	0.528282758
581	0.529531778
582	0.529454848
583	0.530615036
584	0.526844743
585	0.527611434
586	0.520995196
587	0.520751216
588	0.52144362
589	0.521643278
590	0.518275184
591	0.518370683
592	0.519265398
593	0.51923624
594	0.519417091
595	0.521194102
596	0.521354467
597	0.522024044
598	0.522464025
599	0.524292469
600	0.524498494
601	0.525388567
602	0.525814133
603	0.525024503
604	0.525542829
605	0.52781463
606	0.527879318
607	0.529117807
608	0.529192563
609	0.525049945
610	0.525356654
611	0.525564207
612	0.525940107
613	0.528513769
614	0.529659802
615	0.530201945
616	0.527549422
617	0.527675581
618	0.527710642
619	0.527748369
620	0.531762031
621	0.53287054
622	0.529768237
623	0.529765522
624	0.529400768
625	0.529785308
626	0.530784643
627	0.532936377
628	0.533531158
629	0.525801711
630	0.51885704
631	0.515978465
632	0.517579167
633	0.518649683
634	0.517442904
635	0.525801628
636	0.526248566
637	0.526802233
638	0.525194842
639	0.527435504
640	0.5254532
641	0.526253109
642	0.526818149
643	0.527467727
644	0.528653106
645	0.529664154
646	0.50752477
647	0.508864355
648	0.5077029
649	0.510494256
650	0.508842646
651	0.51066625
652	0.511656055
653	0.513261474
654	0.513262057
655	0.513778717
656	0.514166369
657	0.517111202
658	0.517146219
659	0.517694688
660	0.522277983
661	0.524164087
662	0.526249729
663	0.527370871
664	0.527691418
665	0.531030122
666	0.526958154
667	0.528259015
668	0.528111164
669	0.524782068
670	0.528924628
671	0.529998865
672	0.52980079
673	0.528818423
674	0.530492966
675	0.531155641
676	0.531770207
677	0.5320706
678	0.523775602
679	0.523870409
680	0.526447739
681	0.527810589
682	0.528238185
683	0.525830497
684	0.52451855
685	0.526135276
686	0.526197772
687	0.528321371
688	0.529781435
689	0.53114606
690	0.519715096
691	0.503383664
692	0.503255531
693	0.506659625
694	0.508411006
695	0.510117178
696	0.513389926
697	0.514550604
698	0.517227703
699	0.524998392
700	0.527312146
701	0.533065778
702	0.534668402
703	0.533838188
704	0.531536281
705	0.534338642
706	0.529438016
707	0.530036581
708	0.538661779
709	0.539648709
710	0.533287746
711	0.538181969
712	0.544389923
713	0.547052578
714	0.548665233
715	0.54801695
716	0.546590882
717	0.5499124
718	0.551173908
719	0.553759952
720	0.549104058
721	0.55002504
722	0.550305913
723	0.550869544
724	0.547274397
725	0.547955228
726	0.493468171
727	0.494898451
728	0.49544599
729	0.497357667
730	0.499237353
731	0.502412627
732	0.506322237
733	0.507032317
734	0.507097223
735	0.50711412
736	0.498076235
737	0.498429431
738	0.499525655
739	0.499121816
740	0.497789273
741	0.49813543
742	0.499678212
743	0.500281439
744	0.498570777
745	0.500661235
746	0.502027381
747	0.500980856
748	0.501379776
749	0.502910076
750	0.502655865
751	0.503412784
752	0.496960337
753	0.493815638
754	0.491564576
755	0.493063951
756	0.493074233
757	0.493109081
758	0.493500448
759	0.493693348
760	0.493072552
761	0.493759334
762	0.49074315
763	0.490977315
764	0.491451536
765	0.494193251
766	0.494852747
767	0.500472492
768	0.504163444
769	0.50477197
770	0.505146904
771	0.499414309
772	0.500729666
773	0.501350789
774	0.502500806
775	0.491849804
776	0.482508949
777	0.487451886
778	0.4894055
779	0.489778267
780	0.487191226
781	0.483743757
782	0.475993099
783	0.476594544
784	0.468628165
785	0.463853275
786	0.464991834
787	0.465383709
788	0.464894687
789	0.463823716
790	0.466092179
791	0.466375092
792	0.467918093
793	0.470956689
794	0.471151163
795	0.473397888
796	0.473770621
797	0.476170846
798	0.477564138
799	0.47958292
800	0.483724178
801	0.485295561
802	0.48514836
803	0.485199976
804	0.485901904
805	0.487210658
806	0.490147949
807	0.4899668
808	0.490277161
809	0.490382102
810	0.490388708
811	0.490482206
812	0.489599338
813	0.491737872
814	0.490516298
815	0.490573814
816	0.492157376
817	0.492605723
818	0.49251887
819	0.492499225
820	0.495035432
821	0.498245835
822	0.497872016
823	0.502929501
824	0.503238077
825	0.48111067
826	0.481368894
827	0.482053834
828	0.480299801
829	0.482162929
830	0.480770675
831	0.475407002
832	0.480162011
833	0.485348954
834	0.483372732
835	0.483948623
836	0.47949545
837	0.477585587
838	0.480872292
839	0.478673669
840	0.478765143
841	0.481243566
842	0.475337458
843	0.476169267
844	0.46656572
845	0.467504016
846	0.468994132
847	0.468627847
848	0.470587487
849	0.470851196
850	0.470532
851	0.472149456
852	0.468203004
853	0.468094273
854	0.468577736
855	0.4695592
856	0.470315881
857	0.469779849
858	0.466967081
859	0.46486097
860	0.466823855
861	0.466945919
862	0.464283041
863	0.45624762
864	0.455672046
865	0.456245624
866	0.45806336
867	0.458055011
868	0.458637114
869	0.46288623
870	0.452003405
871	0.451990842
872	0.4539748
873	0.45413918
874	0.45413016
875	0.45462809
876	0.45376732
877	0.453585338
878	0.453775652
879	0.454057524
880	0.454340153
881	0.454007645
882	0.455054777
883	0.45798249
884	0.459376759
885	0.459333637
886	0.458561789
887	0.45295193
888	0.450750788
889	0.451382961
890	0.452156563
891	0.452596437
892	0.453474551
893	0.45429405
894	0.455481949
895	0.455481949
896	0.455392574
897	0.451818748
898	0.448342014
899	0.443207337
900	0.444883131
901	0.446157606
902	0.444750079
903	0.446204368
904	0.446104449
905	0.447700774
906	0.448482469
907	0.443627193
908	0.443437568
909	0.44152507
910	0.442171646
911	0.439834358
912	0.440511228
913	0.441445784
914	0.438647649
915	0.438778898
916	0.435238204
917	0.43561796
918	0.435559045
919	0.435552242
920	0.431896641
921	0.430747415
922	0.430590227
923	0.430625222
924	0.431345995
925	0.430355505
926	0.429625826
927	0.432465991
928	0.432598394
929	0.43332825
930	0.43274113
931	0.431278666
932	0.432116987
933	0.433254536
934	0.429109798
935	0.430874521
936	0.429586033
937	0.433521184
938	0.420014476
939	0.417603853
940	0.418170821
941	0.420136571
942	0.420549366
943	0.423888163
944	0.425069298
945	0.425160005
946	0.427135592
947	0.432641514
948	0.433879462
949	0.434429754
950	0.434786701
951	0.435260123
952	0.4356634
953	0.429303379
954	0.430253555
955	0.429545734
956	0.427414294
957	0.435752888
958	0.436305448
959	0.436688686
960	0.437980406
961	0.439098297
962	0.437161233
963	0.436093282
964	0.436814747
965	0.437997851
966	0.439797387
967	0.44043083
968	0.444500349
969	0.437412399
970	0.431997958
971	0.434614973
972	0.43535385
973	0.437817931
974	0.435864139
975	0.435903479
976	0.435840063
977	0.436256156
978	0.43765865
979	0.439085116
980	0.439088068
981	0.43960562
982	0.440153631
983	0.441033769
984	0.44101987
985	0.439837637
986	0.437497216
987	0.437037106
988	0.437572841
989	0.436223865
990	0.437806857
991	0.438397397
992	0.441729886
993	0.443263371
994	0.443940097
995	0.444515582
996	0.446089537
997	0.447272253
998	0.447272253
999	0.449101844
1000	0.445355195
1001	0.444598087
1002	0.445984145
1003	0.441559342
1004	0.441646515
1005	0.441410295
1006	0.443076373
1007	0.44187293
1008	0.443896026
1009	0.444273636
1010	0.444678996
1011	0.446895294
1012	0.451860543
1013	0.45260804
1014	0.45491422
1015	0.454977904
1016	0.459760171
1017	0.457203626
1018	0.457105821
1019	0.461362584
1020	0.460682163
1021	0.461900885
1022	0.463146342
1023	0.454716933
1024	0.456134842
1025	0.456049609
1026	0.456716517
1027	0.459234218
1028	0.448315557
1029	0.44876327
1030	0.452198341
1031	0.440724305
1032	0.443120983
1033	0.442583546
1034	0.444259474
1035	0.44750812
1036	0.448141494
1037	0.448089745
1038	0.44901246
1039	0.448634535
1040	0.449860168
1041	0.450908323
1042	0.456403289
1043	0.45823867
1044	0.44903767
1045	0.449554596
1046	0.450248988
1047	0.443261186
1048	0.446210179
1049	0.449771777
1050	0.437615309
1051	0.438203103
1052	0.423996582
1053	0.421704495
1054	0.421169544
1055	0.421000698
1056	0.421513737
1057	0.423502361
1058	0.424390106
1059	0.419037445
1060	0.416932778
1061	0.422508601
1062	0.422882425
1063	0.422821351
1064	0.425365397
1065	0.425836072
1066	0.428233386
1067	0.429053421
1068	0.432393147
1069	0.427397326
1070	0.431377328
1071	0.437381323
1072	0.435444506
1073	0.438726174
1074	0.44139154
1075	0.443327406
1076	0.444349183
1077	0.445102699
1078	0.456245754
1079	0.45025268
1080	0.451817899
1081	0.446117585
1082	0.447601287
1083	0.449653762
1084	0.451806881
1085	0.439034012
1086	0.439229753
1087	0.438859688
1088	0.443062154
1089	0.446430501
1090	0.447126036
1091	0.449839822
1092	0.451517278
1093	0.456852971
1094	0.449037205
1095	0.453714112
1096	0.457828701
1097	0.46035361
1098	0.461145466
1099	0.462695065
1100	0.462681472
1101	0.462853168
1102	0.464778312
1103	0.463780589
1104	0.463506806
1105	0.465913687
1106	0.457771004
1107	0.457918907
1108	0.461064444
1109	0.465593278
1110	0.465613294
1111	0.462302114
1112	0.461581021
1113	0.44371905
1114	0.443230529
1115	0.452309019
1116	0.452933443
1117	0.459409726
1118	0.460908435
1119	0.461656642
1120	0.462108948
1121	0.463670459
1122	0.464270973
1123	0.465822932
1124	0.467878959
1125	0.466395988
1126	0.455806532
1127	0.456686127
1128	0.440979693
1129	0.442926986
1130	0.442995044
1131	0.444699445
1132	0.446299284
1133	0.4342088
1134	0.434497626
1135	0.437404194
1136	0.440133499
1137	0.439918449
1138	0.441108474
1139	0.441865477
1140	0.444515627
1141	0.444698055
1142	0.446027423
1143	0.449846656
1144	0.45201793
1145	0.451697227
1146	0.452624297
1147	0.454232131
1148	0.456946127
1149	0.453437515
1150	0.455139456
1151	0.443668224
1152	0.445974971
1153	0.444748116
1154	0.447451876
1155	0.445482221
1156	0.452719315
1157	0.453567847
1158	0.455502308
1159	0.455920342
1160	0.455467145
1161	0.459915362
1162	0.460707195
1163	0.463778589
1164	0.465452877
1165	0.468819297
1166	0.462088971
1167	0.465291125
1168	0.466262201
1169	0.466674511
1170	0.469798202
1171	0.459280781
1172	0.46009135
1173	0.460361882
1174	0.451808765
1175	0.452072314
1176	0.452377871
1177	0.457978985
1178	0.457868993
1179	0.459233564
1180	0.460150963
1181	0.458776588
1182	0.461864973
1183	0.463765975
1184	0.46556519
1185	0.469626316
1186	0.470146772
1187	0.471465959
1188	0.472911508
1189	0.472806225
1190	0.459688765
1191	0.458913493
1192	0.461358986
1193	0.462241495
1194	0.463421505
1195	0.464727466
1196	0.468241893
1197	0.468890355
1198	0.458332178
1199	0.458061199
1200	0.458907763
1201	0.433023495
1202	0.434665527
1203	0.435365899
1204	0.4363881
1205	0.438725074
1206	0.439402564
1207	0.441524517
1208	0.437338712
1209	0.438243858
1210	0.439626698
1211	0.438802458
1212	0.438638037
1213	0.43862892
1214	0.439517892
1215	0.437650263
1216	0.440739704
1217	0.444451139
1218	0.44441325
1219	0.445711274
1220	0.444873039
1221	0.445509775
1222	0.446337682
1223	0.447246247
1224	0.448638742
1225	0.450026748
1226	0.450765002
1227	0.452580097
1228	0.454950277
1229	0.449960478
1230	0.445881361
1231	0.445976809
1232	0.446560087
1233	0.448430595
1234	0.442916237
1235	0.437018462
1236	0.439316515
1237	0.442750853
1238	0.445521093
1239	0.438042153
1240	0.439826867
1241	0.436115543
1242	0.436925708
1243	0.436976262
1244	0.437816808
1245	0.435108897
1246	0.435669945
1247	0.407923234
1248	0.388337139
1249	0.382502942
1250	0.384008309
1251	0.384873306
1252	0.386211759
1253	0.387945138
1254	0.389637867
1255	0.391988117
1256	0.389450125
1257	0.384068674
1258	0.384937469
1259	0.38113376
1260	0.379669516
1261	0.381320501
1262	0.38235236
1263	0.382811403
1264	0.385795763
1265	0.387629923
1266	0.389541409
1267	0.388110504
1268	0.392534361
1269	0.395566608
1270	0.3959908
1271	0.39818783
1272	0.402638285
1273	0.399254796
1274	0.399968231
1275	0.400678908
1276	0.40305451
1277	0.403847666
1278	0.405609562
1279	0.407578669
1280	0.405218975
1281	0.405713058
1282	0.41614974
1283	0.417315068
1284	0.416722224
1285	0.418657188
1286	0.419582408
1287	0.42102565
1288	0.416944854
1289	0.410435412
1290	0.412321202
1291	0.408660393
1292	0.409893815
1293	0.411292698
1294	0.411482119
1295	0.410896331
1296	0.409640357
1297	0.40955309
1298	0.410812886
1299	0.410625705
1300	0.409426516
1301	0.40905576
1302	0.404532659
1303	0.407121796
1304	0.407093599
1305	0.408308834
1306	0.395656429
1307	0.39690124
1308	0.396020994
1309	0.390954948
1310	0.391571407
1311	0.394504655
1312	0.3950911
1313	0.399956376
1314	0.405340225
1315	0.406980547
1316	0.401439401
1317	0.405850874
1318	0.40723738
1319	0.408192357
1320	0.40795121
1321	0.410219522
1322	0.409377173
1323	0.412092843
1324	0.406608415
1325	0.405778714
1326	0.405730752
1327	0.408952136
1328	0.409839147
1329	0.413068986
1330	0.410449895
1331	0.412043318
1332	0.41276599
1333	0.409865375
1334	0.410607871
1335	0.413227824
1336	0.414946038
1337	0.415824854
1338	0.414288422
1339	0.412499108
1340	0.410822432
1341	0.412234984
1342	0.41347729
1343	0.413646797
1344	0.407205094
1345	0.410342618
1346	0.40420221
1347	0.406838524
1348	0.395534809
1349	0.395676566
1350	0.39681162
1351	0.399383189
1352	0.399343649
1353	0.400164261
1354	0.401352399
1355	0.398144274
1356	0.397982688
1357	0.397510681
1358	0.401124093
1359	0.406743517
1360	0.41006294
1361	0.412250831
1362	0.414140813
1363	0.414915254
1364	0.411661427
1365	0.411034975
1366	0.412640228
1367	0.412541357
1368	0.40692999
1369	0.408125442
1370	0.419503326
1371	0.4208007
1372	0.41889099
1373	0.415208362
1374	0.417273438
1375	0.414269988
1376	0.405873754
1377	0.396634243
1378	0.398601922
1379	0.399173296
1380	0.396914801
1381	0.40010254
1382	0.399894382
1383	0.399462155
1384	0.406673513
1385	0.407990381
1386	0.408321306
1387	0.401635853
1388	0.403482381
1389	0.399354987
1390	0.400737294
1391	0.401919803
1392	0.410118443
1393	0.410438595
1394	0.404399694
1395	0.405095865
1396	0.402569991
1397	0.404750173
1398	0.406096868
1399	0.404932042
1400	0.406236262
1401	0.40641465
1402	0.407852333
1403	0.409998935
1404	0.41097355
1405	0.410451025
1406	0.414528842
1407	0.415630099
1408	0.416344552
1409	0.417036957
1410	0.414555406
1411	0.414130171
1412	0.4138455
1413	0.415384674
1414	0.415630739
1415	0.418406951
1416	0.419535091
1417	0.417688781
1418	0.418867144
1419	0.403741927
1420	0.404943919
1421	0.404550043
1422	0.406796225
1423	0.39564193
1424	0.395746303
1425	0.395920165
1426	0.39876041
1427	0.401038791
1428	0.397581566
1429	0.398541516
1430	0.396544747
1431	0.397459467
1432	0.398010426
1433	0.39948325
1434	0.400924303
1435	0.400382327
1436	0.401476747
1437	0.380753729
1438	0.37964457
1439	0.380037343
1440	0.386109816
1441	0.380219919
1442	0.382565637
1443	0.386042299
1444	0.38936589
1445	0.382153239
1446	0.38362468
1447	0.382209839
1448	0.383349338
1449	0.384429185
1450	0.38194082
1451	0.385445242
1452	0.385795823
1453	0.38708518
1454	0.387822959
1455	0.392701769
1456	0.394979742
1457	0.396131131
1458	0.395810769
1459	0.385431055
1460	0.388942997
1461	0.390199953
1462	0.391861324
1463	0.411594668
1464	0.412972035
1465	0.414595171
1466	0.415602126
1467	0.41726633
1468	0.418734189
1469	0.419803956
1470	0.421319926
1471	0.42309984
1472	0.422809056
1473	0.418155282
1474	0.422390926
1475	0.423903545
1476	0.429097032
1477	0.435092153
1478	0.43495822
1479	0.436225688
1480	0.436867479
1481	0.430388799
1482	0.433099319
1483	0.433037973
1484	0.432811058
1485	0.423010641
1486	0.424425202
1487	0.42565701
1488	0.427188188
1489	0.425720793
1490	0.426255916
1491	0.428356228
1492	0.428397596
1493	0.426551687
1494	0.428873071
1495	0.430949646
1496	0.433967081
1497	0.435107386
1498	0.437738848
1499	0.44016682
1500	0.440461342
1501	0.424054807
1502	0.425898198
1503	0.427005419
1504	0.413719454
1505	0.416109303
1506	0.413684716
1507	0.418080656
1508	0.417001276
1509	0.422377165
1510	0.425336031
1511	0.425071465
1512	0.425175267
1513	0.433879489
1514	0.437398513
1515	0.433157604
1516	0.433614141
1517	0.435611062
1518	0.443585915
1519	0.441940939
1520	0.442588768
1521	0.442620001
1522	0.443591583
1523	0.443603508
1524	0.446159594
1525	0.4370464
1526	0.442085528
1527	0.442860124
1528	0.443249345
1529	0.443292643
1530	0.444602278
1531	0.446115823
1532	0.44612628
1533	0.447140372
1534	0.448591551
1535	0.451673831
1536	0.452797026
1537	0.455086138
1538	0.45276516
1539	0.453695152
1540	0.454589296
1541	0.455551123
1542	0.458383018
1543	0.458751512
1544	0.458820065
1545	0.45080641
1546	0.453524864
1547	0.439167705
1548	0.432110079
1549	0.425005287
1550	0.42027671
1551	0.411405086
1552	0.412841746
1553	0.415412504
1554	0.418748135
1555	0.421850572
1556	0.424108125
1557	0.428482993
1558	0.428361309
1559	0.428776326
1560	0.43393848
1561	0.42321075
1562	0.430692342
1563	0.432601822
1564	0.4326659
1565	0.436050308
1566	0.420342264
1567	0.420679348
1568	0.421284863
1569	0.416058652
1570	0.411245276
1571	0.411767737
1572	0.414322692
1573	0.416326464
1574	0.417237292
1575	0.420499198
1576	0.419759168
1577	0.421255234
1578	0.419963312
1579	0.424640253
1580	0.430038341
1581	0.42940445
1582	0.429373405
1583	0.432758614
1584	0.42284362
1585	0.420503186
1586	0.400596593
1587	0.403141979
1588	0.403300824
1589	0.404975204
1590	0.406089283
1591	0.406317352
1592	0.406350348
1593	0.406511446
1594	0.409022949
1595	0.407780486
1596	0.409966522
1597	0.411407338
1598	0.410374588
1599	0.411879484
1600	0.413263072
1601	0.414021938
1602	0.41239636
1603	0.41313584
1604	0.413670403
1605	0.411785871
1606	0.411723932
1607	0.414543722
1608	0.41977728
1609	0.425862493
1610	0.427167689
1611	0.432005963
1612	0.431883477
1613	0.428836507
1614	0.429565097
1615	0.426376677
1616	0.426259508
1617	0.428545002
1618	0.430364266
1619	0.431330003
1620	0.433480168
1621	0.437831021
1622	0.432359137
1623	0.434989321
1624	0.431626661
1625	0.431736493
1626	0.432832284
1627	0.433386572
1628	0.4343212
1629	0.434887686
1630	0.435313661
1631	0.430709639
1632	0.433307425
1633	0.433132375
1634	0.42894322
1635	0.426306871
1636	0.426857504
1637	0.426909461
1638	0.427522405
1639	0.42858304
1640	0.429173473
1641	0.417663028
1642	0.421425243
1643	0.422379085
1644	0.402219053
1645	0.403485409
1646	0.406506772
1647	0.410363969
1648	0.413880999
1649	0.414030833
1650	0.408926358
1651	0.411526483
1652	0.41212584
1653	0.414106872
1654	0.413531131
1655	0.416327475
1656	0.417440375
1657	0.414342263
1658	0.41528801
1659	0.413890594
1660	0.415959864
1661	0.416785046
1662	0.417663272
1663	0.415745716
1664	0.41708614
1665	0.417758783
1666	0.419406207
1667	0.420182633
1668	0.420721063
1669	0.421418378
1670	0.421535299
1671	0.423234174
1672	0.423923859
1673	0.423945462
1674	0.424499774
1675	0.425145266
1676	0.425383093
1677	0.417558556
1678	0.418013021
1679	0.416103441
1680	0.416239748
1681	0.416373212
1682	0.411692798
1683	0.411727127
1684	0.411852018
1685	0.41394882
1686	0.414406749
1687	0.414573498
1688	0.415528544
1689	0.416164678
1690	0.417653966
1691	0.417975625
1692	0.417312065
1693	0.417583874
1694	0.416156574
1695	0.419238695
1696	0.414568662
1697	0.414494015
1698	0.414939394
1699	0.413271497
1700	0.414261347
1701	0.411849061
1702	0.412173295
1703	0.412328946
1704	0.412669506
1705	0.412773382
1706	0.412467372
1707	0.416206031
1708	0.410205609
1709	0.409908012
1710	0.411068032
1711	0.411789004
1712	0.41325674
1713	0.413666968
1714	0.413715933
1715	0.410433278
1716	0.411527318
1717	0.41128855
1718	0.41128741
1719	0.412813777
1720	0.407243078
1721	0.403559091
1722	0.406179605
1723	0.407828703
1724	0.402220093
1725	0.400636611
1726	0.399073499
1727	0.39991482
1728	0.40089856
1729	0.401085011
1730	0.395234281
1731	0.399657705
1732	0.400922708
1733	0.402586258
1734	0.406549819
1735	0.40763037
1736	0.41006331
1737	0.409740463
1738	0.4099395
1739	0.411565761
1740	0.40756861
1741	0.411001033
1742	0.411755963
1743	0.408882342
1744	0.411482296
1745	0.413402743
1746	0.413774006
1747	0.411395895
1748	0.41225254
1749	0.414242507
1750	0.414420571
1751	0.418246254
1752	0.411275754
1753	0.416302743
1754	0.417771746
1755	0.418238984
1756	0.418978714
1757	0.420262923
1758	0.42038649
1759	0.417899039
1760	0.419697319
1761	0.422678542
1762	0.423261579
1763	0.423539344
1764	0.418832797
1765	0.420762205
1766	0.421309448
1767	0.416074219
1768	0.407604144
1769	0.405308678
1770	0.411356107
1771	0.411473783
1772	0.412153807
1773	0.412709008
1774	0.413118421
1775	0.413720107
1776	0.416140644
1777	0.417318001
1778	0.415968393
1779	0.421268457
1780	0.422157117
1781	0.41183243
1782	0.412893617
1783	0.413148622
1784	0.4140318
1785	0.415469251
1786	0.415913437
1787	0.41609459
1788	0.416217534
1789	0.416441413
1790	0.416497937
1791	0.416550898
1792	0.411372348
1793	0.412691443
1794	0.410660113
1795	0.411613503
1796	0.412568599
1797	0.405549609
1798	0.40555827
1799	0.406145946
1800	0.39027111
1801	0.391199679
1802	0.393668927
1803	0.393942628
1804	0.394363434
1805	0.401797945
1806	0.401815768
1807	0.401781596
1808	0.401682262
1809	0.402544785
1810	0.400585543
1811	0.401547233
1812	0.400900018
1813	0.382163592
1814	0.383200256
1815	0.386549923
1816	0.395618655
1817	0.400420505
1818	0.401808828
1819	0.392034793
1820	0.392939417
1821	0.395883876
1822	0.39683361
1823	0.396475258
1824	0.397041541
1825	0.397373928
1826	0.386524588
1827	0.388435738
1828	0.390615895
1829	0.390376569
1830	0.387016729
1831	0.385506742
1832	0.38470273
1833	0.386255334
1834	0.386576399
1835	0.389443711
1836	0.391882696
1837	0.395653079
1838	0.397949456
1839	0.400206686
1840	0.404205498
1841	0.404802404
1842	0.405611529
1843	0.409239815
1844	0.400057349
1845	0.402824111
1846	0.397708034
1847	0.399821819
1848	0.401424947
1849	0.402938847
1850	0.408499165
1851	0.410320945
1852	0.418199319
1853	0.419374815
1854	0.424066609
1855	0.426925374
1856	0.428783351
1857	0.432434433
1858	0.432010918
1859	0.434479372
1860	0.434398565
1861	0.415128646
1862	0.415276327
1863	0.406475058
1864	0.411992695
1865	0.412551507
1866	0.413971788
1867	0.414139148
1868	0.411583734
1869	0.407412855
1870	0.409236804
1871	0.409606566
1872	0.409691344
1873	0.404977136
1874	0.406992873
1875	0.40711906
1876	0.409125207
1877	0.409894269
1878	0.410512309
1879	0.411456985
1880	0.41124686
1881	0.405264091
1882	0.405277158
1883	0.406913767
1884	0.407190779
1885	0.407499193
1886	0.408117434
1887	0.407424618
1888	0.404956606
1889	0.405576398
1890	0.405732629
1891	0.407606074
1892	0.406663525
1893	0.393887922
1894	0.391807513
1895	0.391733585
1896	0.394251459
1897	0.39587004
1898	0.385553854
1899	0.386989865
1900	0.387611872
1901	0.388395965
1902	0.389951103
1903	0.392967451
1904	0.394720297
1905	0.379802679
1906	0.381814687
1907	0.38068308
1908	0.374867169
1909	0.364845589
1910	0.36557482
1911	0.36554155
1912	0.374101413
1913	0.376015618
1914	0.379492141
1915	0.375846874
1916	0.376131107
1917	0.37638026
1918	0.377398095
1919	0.375686552
1920	0.378508106
1921	0.380138493
1922	0.380531821
1923	0.381424482
1924	0.379621009
1925	0.372336929
1926	0.37591898
1927	0.379680128
1928	0.381429083
1929	0.385526655
1930	0.38187715
1931	0.382420791
1932	0.383295837
1933	0.38480555
1934	0.386057622
1935	0.388066148
1936	0.385470371
1937	0.38683727
1938	0.386133549
1939	0.386374635
1940	0.386252439
1941	0.393343958
1942	0.396960746
1943	0.402200859
1944	0.403822718
1945	0.404371225
1946	0.398255607
1947	0.399134371
1948	0.402048177
1949	0.401994243
1950	0.403517876
1951	0.405421457
1952	0.407063541
1953	0.408837199
1954	0.407760227
1955	0.40620749
1956	0.408005361
1957	0.411021504
1958	0.406325392
1959	0.408525069
1960	0.409831287
1961	0.431985702
1962	0.422725561
1963	0.423687973
1964	0.424762773
1965	0.425438913
1966	0.427214195
1967	0.429705243
1968	0.432794743
1969	0.433470816
1970	0.4356397
1971	0.433674964
1972	0.435199697
1973	0.439812857
1974	0.440779217
1975	0.436490609
1976	0.436370294
1977	0.437012571
1978	0.433979142
1979	0.43420798
1980	0.446087654
1981	0.44599668
1982	0.448586595
1983	0.444869435
1984	0.44910866
1985	0.450471479
1986	0.458009298
1987	0.4639141
1988	0.464281181
1989	0.468189943
1990	0.468507192
1991	0.46923397
1992	0.469850758
1993	0.471240908
1994	0.472462387
1995	0.472054551
1996	0.473017969
1997	0.473455629
1998	0.475014406
1999	0.476233813
2000	0.469652856
2001	0.469115487
2002	0.46978287
2003	0.470057806
2004	0.46621811
2005	0.458819374
2006	0.460420059
2007	0.46108719
2008	0.461607353
2009	0.463126911
2010	0.46342446
2011	0.459808552
2012	0.459922786
2013	0.463205794
2014	0.463126
2015	0.465246059
2016	0.466206056
2017	0.466165141
2018	0.465571852
2019	0.461283375
2020	0.461591065
2021	0.463007828
2022	0.462676459
2023	0.462651052
2024	0.463164953
2025	0.464072026
2026	0.466132579
2027	0.466230779
2028	0.466888732
2029	0.466502729
2030	0.467229961
2031	0.467767579
2032	0.46380553
2033	0.470215229
2034	0.470320062
2035	0.474430903
2036	0.475195289
2037	0.45782936
2038	0.458717308
2039	0.443741561
2040	0.442994505
2041	0.43368159
2042	0.44000179
2043	0.441042418
2044	0.442729821
2045	0.445536639
2046	0.445684099
2047	0.447235835
2048	0.447672244
2049	0.442681916
2050	0.443474793
2051	0.444617725
2052	0.450639994
2053	0.452661685
2054	0.442027047
2055	0.446115874
2056	0.449167175
2057	0.449591582
2058	0.450521053
2059	0.452155597
2060	0.457964218
2061	0.459398739
2062	0.460210797
2063	0.460379049
2064	0.463299186
2065	0.465008275
2066	0.465441836
2067	0.460915806
2068	0.467735208
2069	0.465636567
2070	0.449216377
2071	0.451069327
2072	0.451492423
2073	0.452529411
2074	0.457731937
2075	0.458568481
2076	0.458437586
2077	0.460247677
2078	0.45419675
2079	0.45780882
2080	0.458555347
2081	0.460865396
2082	0.461966771
2083	0.463641856
2084	0.464980509
2085	0.460448077
2086	0.461976572
2087	0.461993391
2088	0.463273388
2089	0.459795027
2090	0.461291702
2091	0.462768455
2092	0.46712374
2093	0.469621525
2094	0.471094606
2095	0.473829492
2096	0.474691266
2097	0.472276538
2098	0.474115618
2099	0.476554713
2100	0.478139611
2101	0.479189019
2102	0.478022172
2103	0.478045639
2104	0.478229406
2105	0.479522464
2106	0.479270189
2107	0.481361781
2108	0.466117631
2109	0.467077047
2110	0.467529814
2111	0.467705373
2112	0.470198918
2113	0.46682662
2114	0.467729756
2115	0.467395832
2116	0.468375962
2117	0.468441892
2118	0.471214872
2119	0.471182452
2120	0.47120328
2121	0.475416887
2122	0.474746201
2123	0.467525272
2124	0.468233578
2125	0.44843653
2126	0.446038122
2127	0.446386822
2128	0.447714787
2129	0.447645163
2130	0.447754177
2131	0.451653428
2132	0.457655733
2133	0.45792246
2134	0.453068045
2135	0.453634972
2136	0.455746169
2137	0.456933153
2138	0.458868724
2139	0.458915141
2140	0.460139327
2141	0.451970728
2142	0.452145305
2143	0.46007373
2144	0.460541695
2145	0.46165877
2146	0.462265852
2147	0.463598635
2148	0.464603005
2149	0.46130537
2150	0.463852168
2151	0.466383025
2152	0.465677991
2153	0.465545747
2154	0.468173524
2155	0.448761864
2156	0.44835061
2157	0.450001287
2158	0.450291432
2159	0.449398945
2160	0.450058577
2161	0.450580199
2162	0.450758369
2163	0.453821572
2164	0.455055103
2165	0.450162379
2166	0.450371603
2167	0.451812658
2168	0.454291103
2169	0.455100194
2170	0.455963306
2171	0.456141961
2172	0.455200546
2173	0.455871011
2174	0.456913679
2175	0.455458832
2176	0.459047237
2177	0.456810911
2178	0.457207839
2179	0.456930074
2180	0.45753495
2181	0.458187069
2182	0.465914374
2183	0.462113777
2184	0.462062548
2185	0.462946537
2186	0.464963854
2187	0.463419181
2188	0.470375223
2189	0.470814163
2190	0.472690819
2191	0.47338346
2192	0.472772287
2193	0.47250258
2194	0.472553457
2195	0.473355911
2196	0.467608389
2197	0.464589974
2198	0.465774905
2199	0.470545646
2200	0.470937788
2201	0.471922236
2202	0.472521077
2203	0.472433381
2204	0.471387506
2205	0.472286646
2206	0.475552689
2207	0.472180626
2208	0.473992608
2209	0.474850314
2210	0.475201118
2211	0.47543393
2212	0.478934973
2213	0.479998168
2214	0.480050532
2215	0.480699072
2216	0.480705618
2217	0.480649138
2218	0.480637056
2219	0.480648887
2220	0.481055923
2221	0.479587705
2222	0.479483964
2223	0.4797105
2224	0.480461082
2225	0.476936862
2226	0.474671608
2227	0.475900354
2228	0.469536624
2229	0.465578058
2230	0.470308012
2231	0.469729726
2232	0.470399145
2233	0.471870367
2234	0.472059998
2235	0.473531382
2236	0.473923439
2237	0.471477862
2238	0.465288294
2239	0.464273744
2240	0.464393912
2241	0.464877679
2242	0.466976998
2243	0.469127763
2244	0.469549331
2245	0.470057597
2246	0.471862788
2247	0.4718224
2248	0.471502064
2249	0.471566702
2250	0.472121982
2251	0.472646037
2252	0.471322341
2253	0.458450302
2254	0.458656946
2255	0.458676371
2256	0.458889488
2257	0.431930593
2258	0.428934907
2259	0.430435218
2260	0.427067179
2261	0.422894515
2262	0.422823579
2263	0.423114936
2264	0.4231899
2265	0.425460237
2266	0.428127294
2267	0.430806948
2268	0.430945767
2269	0.431631968
2270	0.432779032
2271	0.426718324
2272	0.428442561
2273	0.427227236
2274	0.429414107
2275	0.429482063
2276	0.430233636
2277	0.431259756
2278	0.428194223
2279	0.428668002
2280	0.422314378
2281	0.423335026
2282	0.423256901
2283	0.426000796
2284	0.428690632
2285	0.429644873
2286	0.433047312
2287	0.434521502
2288	0.435206901
2289	0.435642149
2290	0.433103936
2291	0.427399071
2292	0.428424879
2293	0.429545857
2294	0.428086641
2295	0.429075702
2296	0.42924661
2297	0.430120762
2298	0.431874149
2299	0.433010845
2300	0.434443482
2301	0.436187625
2302	0.438217039
2303	0.439568072
2304	0.440043113
2305	0.440655444
2306	0.440837761
2307	0.440940639
2308	0.443427082
2309	0.44227956
2310	0.443462571
2311	0.444108242
2312	0.444708149
2313	0.443315454
2314	0.443769643
2315	0.442980372
2316	0.444914655
2317	0.446132036
2318	0.446526259
2319	0.446917156
2320	0.445963212
2321	0.45334956
2322	0.454292261
2323	0.45087928
2324	0.452478411
2325	0.453425246
2326	0.453926819
2327	0.452245437
2328	0.452813022
2329	0.453162247
2330	0.45326206
2331	0.451093703
2332	0.449855692
2333	0.449826842
2334	0.445644602
2335	0.43324311
2336	0.420813445
2337	0.421266039
2338	0.42087097
2339	0.421996942
2340	0.424644635
2341	0.426446301
2342	0.427996273
2343	0.429807836
2344	0.430919662
2345	0.431458493
2346	0.432897556
2347	0.434065457
2348	0.432783149
2349	0.439197666
2350	0.439481601
2351	0.440159459
2352	0.440750818
2353	0.441839767
2354	0.445861945
2355	0.446241568
2356	0.445546714
2357	0.446628655
2358	0.446461619
2359	0.446844176
2360	0.446998585
2361	0.449198319
2362	0.448708679
2363	0.448860044
2364	0.449164242
2365	0.450178781
2366	0.450191201
2367	0.453465801
2368	0.453653216
2369	0.454084028
2370	0.454637652
2371	0.449737882
2372	0.445752928
2373	0.442780069
2374	0.444678227
2375	0.44831339
2376	0.448907118
2377	0.447589386
2378	0.445968083
2379	0.449321002
2380	0.450466339
2381	0.451883999
2382	0.451945247
2383	0.454622735
2384	0.454928881
2385	0.448592716
2386	0.451295572
2387	0.452309125
2388	0.452722936
2389	0.453079895
2390	0.451490209
2391	0.45155989
2392	0.452204899
2393	0.455032558
2394	0.455539522
2395	0.455712642
2396	0.457138085
2397	0.457389557
2398	0.459290519
2399	0.462977522
2400	0.453744535
2401	0.45295007
2402	0.455320253
2403	0.455312385
2404	0.455789872
2405	0.455491549
2406	0.446088823
2407	0.446240554
2408	0.445105621
2409	0.446146546
2410	0.443458543
2411	0.442243022
2412	0.4418776
2413	0.445025643
2414	0.445602729
2415	0.446224931
2416	0.446264252
2417	0.44526819
2418	0.44666386
2419	0.446908274
2420	0.442260904
2421	0.440618327
2422	0.443116396
2423	0.4463858
2424	0.447949244
2425	0.448327989
2426	0.448312786
2427	0.448679047
2428	0.449146968
2429	0.448225442
2430	0.447825039
2431	0.44566583
2432	0.445873515
2433	0.44612532
2434	0.447914552
2435	0.450326159
2436	0.450591246
2437	0.4488272
2438	0.449988441
2439	0.45066935
2440	0.45243132
2441	0.452682124
2442	0.452568976
2443	0.419780363
2444	0.419349741
2445	0.422005473
2446	0.420953865
2447	0.422044473
2448	0.414944791
2449	0.415979696
2450	0.415666592
2451	0.42063481
2452	0.425825007
2453	0.42306111
2454	0.423931536
2455	0.423794015
2456	0.424481734
2457	0.421217452
2458	0.422056188
2459	0.422094462
2460	0.419794129
2461	0.408727599
2462	0.406797512
2463	0.388098766
2464	0.383512722
2465	0.382019438
2466	0.381054402
2467	0.379898479
2468	0.370182609
2469	0.371511737
2470	0.370768687
2471	0.375030969
2472	0.376457744
2473	0.37789949
2474	0.369348587
2475	0.370761775
2476	0.373248352
2477	0.37829835
2478	0.380028368
2479	0.382837769
2480	0.383316244
2481	0.384530552
2482	0.386759085
2483	0.378948043
2484	0.379798639
2485	0.383684196
2486	0.384584844
2487	0.385557265
2488	0.385570325
2489	0.379988877
2490	0.381058963
2491	0.37066823
2492	0.370439492
2493	0.371800471
2494	0.372652406
2495	0.373401104
2496	0.374123233
2497	0.373693294
2498	0.375848919
2499	0.382617917
2500	0.386660258
2501	0.378572197
2502	0.369631218
2503	0.370665625
2504	0.372395403
2505	0.376420571
2506	0.381029462
2507	0.383547036
2508	0.381518943
2509	0.382782953
2510	0.386710814
2511	0.380624785
2512	0.382909467
2513	0.385157223
2514	0.383614583
2515	0.387542597
2516	0.39019548
2517	0.386566912
2518	0.38869486
2519	0.389293376
2520	0.390982625
2521	0.395777408
2522	0.397015948
2523	0.403292469
2524	0.410526097
2525	0.406409909
2526	0.40844373
2527	0.412037363
2528	0.412950174
2529	0.415470227
2530	0.415491024
2531	0.406729138
2532	0.408637349
2533	0.409700669
2534	0.39662466
2535	0.398441117
2536	0.397040657
2537	0.399717851
2538	0.395971348
2539	0.398675425
2540	0.39994639
2541	0.403214899
2542	0.4054152
2543	0.406288447
2544	0.407497764
2545	0.403140325
2546	0.405820402
2547	0.405873964
2548	0.406419167
2549	0.407285646
2550	0.399069011
2551	0.402377332
2552	0.399081945
2553	0.40386633
2554	0.404262497
2555	0.40522087
2556	0.404694525
2557	0.405594438
2558	0.406453148
2559	0.407362091
2560	0.408611359
2561	0.408582541
2562	0.410391774
2563	0.410784913
2564	0.411359979
2565	0.406979162
2566	0.407742156
2567	0.409421669
2568	0.412569581
2569	0.41331585
2570	0.4071794
2571	0.408149077
2572	0.407285657
2573	0.408780783
2574	0.412010255
2575	0.411868847
2576	0.413996182
2577	0.414439802
2578	0.415223312
2579	0.419020844
2580	0.420981376
2581	0.42368671
2582	0.426895022
2583	0.427110333
2584	0.428407709
2585	0.429731864
2586	0.430647266
2587	0.430898233
2588	0.435022187
2589	0.43539098
2590	0.437958642
2591	0.439497844
2592	0.442525156
2593	0.443074712
2594	0.444611571
2595	0.439988071
2596	0.443040817
2597	0.444264592
2598	0.447213031
2599	0.442166804
2600	0.443039586
2601	0.443845225
2602	0.444859002
2603	0.444668898
2604	0.440533996
2605	0.441262745
2606	0.442005921
2607	0.444764519
2608	0.445866093
2609	0.441505477
2610	0.442112912
2611	0.443821343
2612	0.445630595
2613	0.446395331
2614	0.433935383
2615	0.424125608
2616	0.420787048
2617	0.421245407
2618	0.416243772
2619	0.416213754
2620	0.417805148
2621	0.415631645
2622	0.416802577
2623	0.423646514
2624	0.424919894
2625	0.426858048
2626	0.421315972
2627	0.422672245
2628	0.421056748
2629	0.423715506
2630	0.425890769
2631	0.427040065
2632	0.430411669
2633	0.430635791
2634	0.419267125
2635	0.425480994
2636	0.412285745
2637	0.413522615
2638	0.40386816
2639	0.408802668
2640	0.409930624
2641	0.412656122
2642	0.414424249
2643	0.415864036
2644	0.420467214
2645	0.420856151
2646	0.424691439
2647	0.425307981
2648	0.428393355
2649	0.429462734
2650	0.430139276
2651	0.435337429
2652	0.435817487
2653	0.435437813
2654	0.437179755
2655	0.440606683
2656	0.439925906
2657	0.437146777
2658	0.437658885
2659	0.441140792
2660	0.438585948
2661	0.438646047
2662	0.440532883
2663	0.441057687
2664	0.430409256
2665	0.427401792
2666	0.429788143
2667	0.424632541
2668	0.426323624
2669	0.42115481
2670	0.424048359
2671	0.424182555
2672	0.425240291
2673	0.425851089
2674	0.426898939
2675	0.429519768
2676	0.418547299
2677	0.419696148
2678	0.421463141
2679	0.420424552
2680	0.422270049
2681	0.424825988
2682	0.426942049
2683	0.428775403
2684	0.431120325
2685	0.426158369
2686	0.428354635
2687	0.428785056
2688	0.431409125
2689	0.432246365
2690	0.426147518
2691	0.426312601
2692	0.42740062
2693	0.427559395
2694	0.426091443
2695	0.426930755
2696	0.430083185
2697	0.430400548
2698	0.432021148
2699	0.432806555
2700	0.433932079
2701	0.43100054
2702	0.433019084
2703	0.436099993
2704	0.436824887
2705	0.435628434
2706	0.425215885
2707	0.427350114
2708	0.427958447
2709	0.433614415
2710	0.428787012
2711	0.430036017
2712	0.431276739
2713	0.432535007
2714	0.431481893
2715	0.433166547
2716	0.429812569
2717	0.427189834
2718	0.424609232
2719	0.425846321
2720	0.426355847
2721	0.427682518
2722	0.428383777
2723	0.413734635
2724	0.415361222
2725	0.419467517
2726	0.420481331
2727	0.414663234
2728	0.41657833
2729	0.413976558
2730	0.415972688
2731	0.415026675
2732	0.416387246
2733	0.416831967
2734	0.411099998
2735	0.416881911
2736	0.417614486
2737	0.41939357
2738	0.420551462
2739	0.42134759
2740	0.422634573
2741	0.371962386
2742	0.375227275
2743	0.379598552
2744	0.366583934
2745	0.366884986
2746	0.372486975
2747	0.376838928
2748	0.37916712
2749	0.38089942
2750	0.382780278
2751	0.385481273
2752	0.385369339
2753	0.386592628
2754	0.39085946
2755	0.389976666
2756	0.390752451
2757	0.385778272
2758	0.38598101
2759	0.38839781
2760	0.390505086
2761	0.390731499
2762	0.393043096
2763	0.387648462
2764	0.38788548
2765	0.388634807
2766	0.384368801
2767	0.386299673
2768	0.385326311
2769	0.385699692
2770	0.386321967
2771	0.38890963
2772	0.388011043
2773	0.391610247
2774	0.392587116
2775	0.391572825
2776	0.391099771
2777	0.391864864
2778	0.392217433
2779	0.391060889
2780	0.392910568
2781	0.396208104
2782	0.396291354
2783	0.397806058
2784	0.398737396
2785	0.399650416
2786	0.401742323
2787	0.403408074
2788	0.404389808
2789	0.402842085
2790	0.406481104
2791	0.401826483
2792	0.402178086
2793	0.401102825
2794	0.398544684
2795	0.39544313
2796	0.389198064
2797	0.391369069
2798	0.391916509
2799	0.387856395
2800	0.394894375
2801	0.395672679
2802	0.39729853
2803	0.398523338
2804	0.400055529
2805	0.400938189
2806	0.402747002
2807	0.403303873
2808	0.405050093
2809	0.406853568
2810	0.408590096
2811	0.410234878
2812	0.412506865
2813	0.393883353
2814	0.394928876
2815	0.392225423
2816	0.394110336
2817	0.389546873
2818	0.387342656
2819	0.389161753
2820	0.386757726
2821	0.385223565
2822	0.387283676
2823	0.387675972
2824	0.383796862
2825	0.368272547
2826	0.372458595
2827	0.37267253
2828	0.3775447
2829	0.379337269
2830	0.381620443
2831	0.38635845
2832	0.386020929
2833	0.388763618
2834	0.387963131
2835	0.390437676
2836	0.392694355
2837	0.389890358
2838	0.402153796
2839	0.402075995
2840	0.402871242
2841	0.402550546
2842	0.396743488
2843	0.383977056
2844	0.384597985
2845	0.389551384
2846	0.397323699
2847	0.400899334
2848	0.40158782
2849	0.401611402
2850	0.405107961
2851	0.394382566
2852	0.386345061
2853	0.392178325
2854	0.393830699
2855	0.400299298
2856	0.401407549
2857	0.406904212
2858	0.40680118
2859	0.409303914
2860	0.409669965
2861	0.41207773
2862	0.412097564
2863	0.412450072
2864	0.416018716
2865	0.411997445
2866	0.417607981
2867	0.417972164
2868	0.418983247
2869	0.421126597
2870	0.421387513
2871	0.421611768
2872	0.421892379
2873	0.416803467
2874	0.417970448
2875	0.397097903
2876	0.397489046
2877	0.397649241
2878	0.40001343
2879	0.404085264
2880	0.39887389
2881	0.400367096
2882	0.401820998
2883	0.405667017
2884	0.406469719
2885	0.408024568
2886	0.409669133
2887	0.412010236
2888	0.414375101
2889	0.415995494
2890	0.416889296
2891	0.418091548
2892	0.418860036
2893	0.413342875
2894	0.384575664
2895	0.381642615
2896	0.37824934
2897	0.380804262
2898	0.385497759
2899	0.367150599
2900	0.368007184
2901	0.36523699
2902	0.367968659
2903	0.355052774
2904	0.358260276
2905	0.359948956
2906	0.362064525
2907	0.361213001
2908	0.361544668
2909	0.360519514
2910	0.362691068
2911	0.364225931
2912	0.364712528
2913	0.364916533
2914	0.366718486
2915	0.368323078
2916	0.371706825
2917	0.372753837
2918	0.372959431
2919	0.374887634
2920	0.375254267
2921	0.376532166
2922	0.376587534
2923	0.377490756
2924	0.37977673
2925	0.380890155
2926	0.384530147
2927	0.384540044
2928	0.382862015
2929	0.38827395
2930	0.390406117
2931	0.392367728
2932	0.393924019
2933	0.39694545
2934	0.398541064
2935	0.400434069
2936	0.403514525
2937	0.404570374
2938	0.405416051
2939	0.408925241
2940	0.410671011
2941	0.411755147
2942	0.411105581
2943	0.405235739
2944	0.404611034
2945	0.404102676
2946	0.405309666
2947	0.403340164
2948	0.404798224
2949	0.405581902
2950	0.407542774
2951	0.397896657
2952	0.398504118
2953	0.392755015
2954	0.394029887
2955	0.391640036
2956	0.3931821
2957	0.39469271
2958	0.395956812
2959	0.396655788
2960	0.397247774
2961	0.397446424
2962	0.39644093
2963	0.396166004
2964	0.399195571
2965	0.400020926
2966	0.401781093
2967	0.404326764
2968	0.40659421
2969	0.406621319
2970	0.40834325
2971	0.408076184
2972	0.406628924
2973	0.403227584
2974	0.388677249
2975	0.387099529
2976	0.391540509
2977	0.382550303
2978	0.385285817
2979	0.385106029
2980	0.384325118
2981	0.385878457
2982	0.381176249
2983	0.382217338
2984	0.383861495
2985	0.383082664
2986	0.386462815
2987	0.384534732
2988	0.384714969
2989	0.387479413
2990	0.387014847
2991	0.387969973
2992	0.38947135
2993	0.391878992
2994	0.393521121
2995	0.394331781
2996	0.394921286
2997	0.396853269
2998	0.398559553
2999	0.399029023
3000	0.401538106
3001	0.403476429
3002	0.399658151
3003	0.402713448
3004	0.405393541
3005	0.401479796
3006	0.402634071
3007	0.404510732
3008	0.404728361
3009	0.404929929
3010	0.40538683
3011	0.405046764
3012	0.40608565
3013	0.405275009
3014	0.400838564
3015	0.404585098
3016	0.404779675
3017	0.400661718
3018	0.402273839
3019	0.401892746
3020	0.402157849
3021	0.402051766
3022	0.39528055
3023	0.401102436
3024	0.393188257
3025	0.394952107
3026	0.398341817
3027	0.401461465
3028	0.402798599
3029	0.404301851
3030	0.401603717
3031	0.394182498
3032	0.394249822
3033	0.397654369
3034	0.399802848
3035	0.40305597
3036	0.392783128
3037	0.393740888
3038	0.39539715
3039	0.396215866
3040	0.395736826
3041	0.395656914
3042	0.38686595
3043	0.3887764
3044	0.387224019
3045	0.382095027
3046	0.38373539
3047	0.385831379
3048	0.38542992
3049	0.388003312
3050	0.388291017
3051	0.39102063
3052	0.395801876
3053	0.399278477
3054	0.384132558
3055	0.383508318
3056	0.385723525
3057	0.387152506
3058	0.387732672
3059	0.388769444
3060	0.389232569
3061	0.390466739
3062	0.393715219
3063	0.394574549
3064	0.395065897
3065	0.392893932
3066	0.394204532
3067	0.396477621
3068	0.39693392
3069	0.397298228
3070	0.392909619
3071	0.405272242
3072	0.40717581
3073	0.410300214
3074	0.409398994
3075	0.409816571
3076	0.399775823
3077	0.398405447
3078	0.398620738
3079	0.401076285
3080	0.402327064
3081	0.407724568
3082	0.411667976
3083	0.413133814
3084	0.394983763
3085	0.396721342
3086	0.398854808
3087	0.401552987
3088	0.408314209
3089	0.408708336
3090	0.410940853
3091	0.411086625
3092	0.413229905
3093	0.413610622
3094	0.413397771
3095	0.415079031
3096	0.414329067
3097	0.414815832
3098	0.416559194
3099	0.416828289
3100	0.407272425
3101	0.405715676
3102	0.407470529
3103	0.408141842
3104	0.407904195
3105	0.412814276
3106	0.413541906
3107	0.41394626
3108	0.417738818
3109	0.420603713
3110	0.421021789
3111	0.421344822
3112	0.422620319
3113	0.423076199
3114	0.42295034
3115	0.421549227
3116	0.421549096
3117	0.410467528
3118	0.414505659
3119	0.41491646
3120	0.416183841
3121	0.416673498
3122	0.417962724
3123	0.411853481
3124	0.411910172
3125	0.412963201
3126	0.410877803
3127	0.41095661
3128	0.412257815
3129	0.412403238
3130	0.413602842
3131	0.413788154
3132	0.412646863
3133	0.40949323
3134	0.410059837
3135	0.410620865
3136	0.410713689
3137	0.409882607
3138	0.41014795
3139	0.409087802
3140	0.407922069
3141	0.41078524
3142	0.413999348
3143	0.414063513
3144	0.416942011
3145	0.409964718
3146	0.410306169
3147	0.401420899
3148	0.399783213
3149	0.402268618
3150	0.397534119
3151	0.399434896
3152	0.398183302
3153	0.399273117
3154	0.399157675
3155	0.399938578
3156	0.399021995
3157	0.393029114
3158	0.393101003
3159	0.395036352
3160	0.396748603
3161	0.396953055
3162	0.398545071
3163	0.398276706
3164	0.395347844
3165	0.397300389
3166	0.397614194
3167	0.399778711
3168	0.394517852
3169	0.394581964
3170	0.395450765
3171	0.39601142
3172	0.396869486
3173	0.396881407
3174	0.397220514
3175	0.399641567
3176	0.399529366
3177	0.399832584
3178	0.400954465
3179	0.402976613
3180	0.401815663
3181	0.403482457
3182	0.402361941
3183	0.402736518
3184	0.403607965
3185	0.40115502
3186	0.396710385
3187	0.396634653
3188	0.399029312
3189	0.39126287
3190	0.391355234
3191	0.391603785
3192	0.385711198
3193	0.383961714
3194	0.383887297
3195	0.383899098
3196	0.383681712
3197	0.377999732
3198	0.378663814
3199	0.378852594
3200	0.377168723
3201	0.378111596
3202	0.376885912
3203	0.376111478
3204	0.375398753
3205	0.376459604
3206	0.376523657
3207	0.376709663
3208	0.37293048
3209	0.36099801
3210	0.361947706
3211	0.364185342
3212	0.366312935
3213	0.363941556
3214	0.366776621
3215	0.368762614
3216	0.366106652
3217	0.366976958
3218	0.367266079
3219	0.368526927
3220	0.368731595
3221	0.368828699
3222	0.380516763
3223	0.38452574
3224	0.386746924
3225	0.389210964
3226	0.392019462
3227	0.393269556
3228	0.391555499
3229	0.388173556
3230	0.388712329
3231	0.389926421
3232	0.393936346
3233	0.395908394
3234	0.396969581
3235	0.39722174
3236	0.39722174
3237	0.397206837
3238	0.397309217
3239	0.397998931
3240	0.395112022
3241	0.394870187
3242	0.403191923
3243	0.403420217
3244	0.403369366
3245	0.404588878
3246	0.404516517
3247	0.406449532
3248	0.407505808
3249	0.409511384
3250	0.409595052
3251	0.398392039
3252	0.396668258
3253	0.396925769
3254	0.40100074
3255	0.399906207
3256	0.400147182
3257	0.396615266
3258	0.396446739
3259	0.397462606
3260	0.397654971
3261	0.38072261
3262	0.381041573
3263	0.378505942
3264	0.379740053
3265	0.379071735
3266	0.380376583
3267	0.38448253
3268	0.385725517
3269	0.382903355
3270	0.375981114
3271	0.371500785
3272	0.370943224
3273	0.368151408
3274	0.372813145
3275	0.372799587
3276	0.365463245
3277	0.367125554
3278	0.36855307
3279	0.373279963
3280	0.375860639
3281	0.378171343
3282	0.374470188
3283	0.370651306
3284	0.37136823
3285	0.373210892
3286	0.374847987
3287	0.379730172
3288	0.378274401
3289	0.379242945
3290	0.379679999
3291	0.380465374
3292	0.382176971
3293	0.386671842
3294	0.390107774
3295	0.390988399
3296	0.390516062
3297	0.39174923
3298	0.392219203
3299	0.395420586
3300	0.395897324
3301	0.398304508
3302	0.4003642
3303	0.403243087
3304	0.381851873
3305	0.378641366
3306	0.379586119
3307	0.38504993
3308	0.385348691
3309	0.386534049
3310	0.38873057
3311	0.389152985
3312	0.3885519
3313	0.387872317
3314	0.387992302
3315	0.389276626
3316	0.389191878
3317	0.388656442
3318	0.388720077
3319	0.387086318
3320	0.389534864
3321	0.380262185
3322	0.381867192
3323	0.382487126
3324	0.382359823
3325	0.383106386
3326	0.379408328
3327	0.380087819
3328	0.37674828
3329	0.376970188
3330	0.37128848
3331	0.374998862
3332	0.375205162
3333	0.36891317
3334	0.361540257
3335	0.362408287
3336	0.363869873
3337	0.362930792
3338	0.363251873
3339	0.365150626
3340	0.364930655
3341	0.356733888
3342	0.358818782
3343	0.360718031
3344	0.361932783
3345	0.362435346
3346	0.363881017
3347	0.364079967
3348	0.365018687
3349	0.365150928
3350	0.360864581
3351	0.361152929
3352	0.351361167
3353	0.355703085
3354	0.355150294
3355	0.352331781
3356	0.356663588
3357	0.358202677
3358	0.353915614
3359	0.354441731
3360	0.354988701
3361	0.358245616
3362	0.358119627
3363	0.361694414
3364	0.363781903
3365	0.363849646
3366	0.36429112
3367	0.365791278
3368	0.365827413
3369	0.365659893
3370	0.362276662
3371	0.362504136
3372	0.362368365
3373	0.364697852
3374	0.365034281
3375	0.363144281
3376	0.364488217
3377	0.355366758
3378	0.355955219
3379	0.356831166
3380	0.356575154
3381	0.360194049
3382	0.357982379
3383	0.358985497
3384	0.359601993
3385	0.360111128
3386	0.355393544
3387	0.357597432
3388	0.358555403
3389	0.355408385
3390	0.354900961
3391	0.355610047
3392	0.355866215
3393	0.355622674
3394	0.352485716
3395	0.349388396
3396	0.349749228
3397	0.352202859
3398	0.353386038
3399	0.346748568
3400	0.348288215
3401	0.346552846
3402	0.345933636
3403	0.346664496
3404	0.347006274
3405	0.34496349
3406	0.346586729
3407	0.34805965
3408	0.348772255
3409	0.339426424
3410	0.339171217
3411	0.339999453
3412	0.340579508
3413	0.341257999
3414	0.341225513
3415	0.342221362
3416	0.342915769
3417	0.343448031
3418	0.343519412
3419	0.343515157
3420	0.344440672
3421	0.344952563
3422	0.345983888
3423	0.348065174
3424	0.348111731
3425	0.347103688
3426	0.349442861
3427	0.349673882
3428	0.350614835
3429	0.350688305
3430	0.351280151
3431	0.346481936
3432	0.346212931
3433	0.347040897
3434	0.344239134
3435	0.348062341
3436	0.350507803
3437	0.35159845
3438	0.352049524
3439	0.352044802
3440	0.351322219
3441	0.35257317
3442	0.351527848
3443	0.352022802
3444	0.347209316
3445	0.348191897
3446	0.348867885
3447	0.348980668
3448	0.3494133
3449	0.349651622
3450	0.341101407
3451	0.337671456
3452	0.328079836
3453	0.325487053
3454	0.325379396
3455	0.328053359
3456	0.330834963
3457	0.326741696
3458	0.318551805
3459	0.319204927
3460	0.320052096
3461	0.322702356
3462	0.324468437
3463	0.329665374
3464	0.330365887
3465	0.332688561
3466	0.332275138
3467	0.332961436
3468	0.33450974
3469	0.330989025
3470	0.333227455
3471	0.33384777
3472	0.338366528
3473	0.339740884
3474	0.342672154
3475	0.342218874
3476	0.345700282
3477	0.344511028
3478	0.34479316
3479	0.345482187
3480	0.343513905
3481	0.345529442
3482	0.346701613
3483	0.346752878
3484	0.345405044
3485	0.345345201
3486	0.340614174
3487	0.343981051
3488	0.345543259
3489	0.346213162
3490	0.34619805
3491	0.346498887
3492	0.347515728
3493	0.348836326
3494	0.349729463
3495	0.351453961
3496	0.351254749
3497	0.351210179
3498	0.349329747
3499	0.352090227
3500	0.351039208
3501	0.346862518
3502	0.348712632
3503	0.350330443
3504	0.352040663
3505	0.352364544
3506	0.354993926
3507	0.355089483
3508	0.355780597
3509	0.35586036
3510	0.357222673
3511	0.359791967
3512	0.361970911
3513	0.364107333
3514	0.365733497
3515	0.367129496
3516	0.363342178
3517	0.364100164
3518	0.366108113
3519	0.334341939
3520	0.335092634
3521	0.33624752
3522	0.337522611
3523	0.339300719
3524	0.336333822
3525	0.339988342
3526	0.340647664
3527	0.33732496
3528	0.335798053
3529	0.339168227
3530	0.339463114
3531	0.33968568
3532	0.339811818
3533	0.342427459
3534	0.340042365
3535	0.333859415
3536	0.334556466
3537	0.3481243
3538	0.34738163
3539	0.348462743
3540	0.348389095
3541	0.351222151
3542	0.353047742
3543	0.35117843
3544	0.35292545
3545	0.349321331
3546	0.350592293
3547	0.347670012
3548	0.349213345
3549	0.348234065
3550	0.349212602
3551	0.34884414
3552	0.349698899
3553	0.341834068
3554	0.341893422
3555	0.342145741
3556	0.344483527
3557	0.344704806
3558	0.345077294
3559	0.344825092
3560	0.346207895
3561	0.343380186
3562	0.33921433
3563	0.331327751
3564	0.332685914
3565	0.333652651
3566	0.336782129
3567	0.331348159
3568	0.331490911
3569	0.331471626
3570	0.33217845
3571	0.332164396
3572	0.333751437
3573	0.337784993
3574	0.338030077
3575	0.339219409
3576	0.340331277
3577	0.342879378
3578	0.344104362
3579	0.328082548
3580	0.32507337
3581	0.328731922
3582	0.329923049
3583	0.327139248
3584	0.328663782
3585	0.330209633
3586	0.331968682
3587	0.320746488
3588	0.318545337
3589	0.318846108
3590	0.32073866
3591	0.322789347
3592	0.321125607
3593	0.321134037
3594	0.327141953
3595	0.327929146
3596	0.32879603
3597	0.324555383
3598	0.328228301
3599	0.331526244
3600	0.335085346
3601	0.336797078
3602	0.335999276
3603	0.335884573
3604	0.336442985
3605	0.340512677
3606	0.339914588
3607	0.340617136
3608	0.336591095
3609	0.339437419
3610	0.342730389
3611	0.344910065
3612	0.34598754
3613	0.345180306
3614	0.342056863
3615	0.344090206
3616	0.343108277
3617	0.343380755
3618	0.344895826
3619	0.345575712
3620	0.346284882
3621	0.346911358
3622	0.348830962
3623	0.35059357
3624	0.351453714
3625	0.352040728
3626	0.353744991
3627	0.348872613
3628	0.354213375
3629	0.355530529
3630	0.356652877
3631	0.35727006
3632	0.360129354
3633	0.361312001
3634	0.362894426
3635	0.364393126
3636	0.365254179
3637	0.365168033
3638	0.359407801
3639	0.360438111
3640	0.363544208
3641	0.364379183
3642	0.364937154
3643	0.355795853
3644	0.357083869
3645	0.358302065
3646	0.356432686
3647	0.357333732
3648	0.358541263
3649	0.360812589
3650	0.356677689
3651	0.358686116
3652	0.359543052
3653	0.358710912
3654	0.360164706
3655	0.362481871
3656	0.364537703
3657	0.366595599
3658	0.364416882
3659	0.364774854
3660	0.364824327
3661	0.365805197
3662	0.363463997
3663	0.360241653
3664	0.360107003
3665	0.362842905
3666	0.365219985
3667	0.367210738
3668	0.360949075
3669	0.36093772
3670	0.360698754
3671	0.363541839
3672	0.365012064
3673	0.365544048
3674	0.363432068
3675	0.363349941
3676	0.365589047
3677	0.365609564
3678	0.363250357
3679	0.363242181
3680	0.363478707
3681	0.359511486
3682	0.357568476
3683	0.358727763
3684	0.359040573
3685	0.360194806
3686	0.36169368
3687	0.363268686
3688	0.365409386
3689	0.361280034
3690	0.36168172
3691	0.363504175
3692	0.36419168
3693	0.367354109
3694	0.366983504
3695	0.370077503
3696	0.372034267
3697	0.371909955
3698	0.371994245
3699	0.372149532
3700	0.375358413
3701	0.374442328
3702	0.363885774
3703	0.364281406
3704	0.36795646
3705	0.376277183
3706	0.363287949
3707	0.362596361
3708	0.359028796
3709	0.359079378
3710	0.364179888
3711	0.364250345
3712	0.36563859
3713	0.370018637
3714	0.371861915
3715	0.371918121
3716	0.373369477
3717	0.374304046
3718	0.373872555
3719	0.375719481
3720	0.377612465
3721	0.379143732
3722	0.380582526
3723	0.38307062
3724	0.385141356
3725	0.386342528
3726	0.38706541
3727	0.392048641
3728	0.374820479
3729	0.374779567
3730	0.3791454
3731	0.382665776
3732	0.380929716
3733	0.383770109
3734	0.375553037
3735	0.375794948
3736	0.380508764
3737	0.382439726
3738	0.383905859
3739	0.38694742
3740	0.38801917
3741	0.388267649
3742	0.390711089
3743	0.388378602
3744	0.388094308
3745	0.389218129
3746	0.389817962
3747	0.392443243
3748	0.392512166
3749	0.392821691
3750	0.393323774
3751	0.393613987
3752	0.394143185
3753	0.392174004
3754	0.39375128
3755	0.400658777
3756	0.40179836
3757	0.402469688
3758	0.402469688
3759	0.402469688
3760	0.400013178
3761	0.399337257
3762	0.399582821
3763	0.396750834
3764	0.398056379
3765	0.39468513
3766	0.395534909
3767	0.396026748
3768	0.394790847
3769	0.396080055
3770	0.395525845
3771	0.396657462
3772	0.396625272
3773	0.397158709
3774	0.3975893
3775	0.39907547
3776	0.397006676
3777	0.396370838
3778	0.397327985
3779	0.40557916
3780	0.405422016
3781	0.405892504
3782	0.406669639
3783	0.40759953
3784	0.41059579
3785	0.408041059
3786	0.405586459
3787	0.406310714
3788	0.403528184
3789	0.392612757
3790	0.385019462
3791	0.379141576
3792	0.376348538
3793	0.3667579
3794	0.359257322
3795	0.362894843
3796	0.365929758
3797	0.368847741
3798	0.371728418
3799	0.373702152
3800	0.374845756
3801	0.373682675
3802	0.374530751
3803	0.375287366
3804	0.372296577
3805	0.368446787
3806	0.366705264
3807	0.367321232
3808	0.368557196
3809	0.368727301
3810	0.363448846
3811	0.369003699
3812	0.363331027
3813	0.364651476
3814	0.36134139
3815	0.362974881
3816	0.364764695
3817	0.358163128
3818	0.354537716
3819	0.356374862
3820	0.357176815
3821	0.355698251
3822	0.359210475
3823	0.359472346
3824	0.366844496
3825	0.365117635
3826	0.358066332
3827	0.358972137
3828	0.358053504
3829	0.355950621
3830	0.356224915
3831	0.35566456
3832	0.36189466
3833	0.355379255
3834	0.35609401
3835	0.359654291
3836	0.361372829
3837	0.365361574
3838	0.368820499
3839	0.373257883
3840	0.372830255
3841	0.379236746
3842	0.373283292
3843	0.357971802
3844	0.361276714
3845	0.363577636
3846	0.367577627
3847	0.369206149
3848	0.37677249
3849	0.379361287
3850	0.378411354
3851	0.372206236
3852	0.374465624
3853	0.375169926
3854	0.376561607
3855	0.379982348
3856	0.382022286
3857	0.383274098
3858	0.38071271
3859	0.380260778
3860	0.381310621
3861	0.378772641
3862	0.376464652
3863	0.376738541
3864	0.374695244
3865	0.375368409
3866	0.377071073
3867	0.379596355
3868	0.380464674
3869	0.376825669
3870	0.379034008
3871	0.37967258
3872	0.379561238
3873	0.381895695
3874	0.384382089
3875	0.386403993
3876	0.389158166
3877	0.385460459
3878	0.38528496
3879	0.387793532
3880	0.387106996
3881	0.389890599
3882	0.38405542
3883	0.385611312
3884	0.38927548
3885	0.390621369
3886	0.390328882
3887	0.393155826
3888	0.393317646
3889	0.393960703
3890	0.394692528
3891	0.382055741
3892	0.38240672
3893	0.379517953
3894	0.380315536
3895	0.38241713
3896	0.385287384
3897	0.38582975
3898	0.386997962
3899	0.388144232
3900	0.387128581
3901	0.38788543
3902	0.382161901
3903	0.382325548
3904	0.384103918
3905	0.378972085
3906	0.377169435
3907	0.37767208
3908	0.379237034
3909	0.379962728
3910	0.379029313
3911	0.384452768
3912	0.385485135
3913	0.385841335
3914	0.385847016
3915	0.387729764
3916	0.387005998
3917	0.38574105
3918	0.386592548
3919	0.386748524
3920	0.389132459
3921	0.385197468
3922	0.387852816
3923	0.393634845
3924	0.393016537
3925	0.394512889
3926	0.395425693
3927	0.395074932
3928	0.40310249
3929	0.38982784
3930	0.39626454
3931	0.395726223
3932	0.397193146
3933	0.396099484
3934	0.396510112
3935	0.389852425
3936	0.392564242
3937	0.39381747
3938	0.393765878
3939	0.395946597
3940	0.401079942
3941	0.402410426
3942	0.402781724
3943	0.403080395
3944	0.403235338
3945	0.401831017
3946	0.402098333
3947	0.403010266
3948	0.403715648
3949	0.403883139
3950	0.404655227
3951	0.405027339
3952	0.405432164
3953	0.4066838
3954	0.410166387
3955	0.410473536
3956	0.410493802
3957	0.407492604
3958	0.405979576
3959	0.407124218
3960	0.408080781
3961	0.40932573
3962	0.394686334
3963	0.396354962
3964	0.39705497
3965	0.396104508
3966	0.396150881
3967	0.3975054
3968	0.40055397
3969	0.402315488
3970	0.395138847
3971	0.392904606
3972	0.393302859
3973	0.393174648
3974	0.393695282
3975	0.387004841
3976	0.387342069
3977	0.388832309
3978	0.38987238
3979	0.393511411
3980	0.39440075
3981	0.395243488
3982	0.393504661
3983	0.393514569
3984	0.397257927
3985	0.398271326
3986	0.398372346
3987	0.39874217
3988	0.400050035
3989	0.39549009
3990	0.393379888
3991	0.395711581
3992	0.390942744
3993	0.3909638
3994	0.391339373
3995	0.394520202
3996	0.396191726
3997	0.396172294
3998	0.393076749
3999	0.393476284
4000	0.396008736
4001	0.396530857
4002	0.381971986
4003	0.382299767
4004	0.382771748
4005	0.383140081
4006	0.383142768
4007	0.377611116
4008	0.377925896
4009	0.379423083
4010	0.376402886
4011	0.368488281
4012	0.370940547
4013	0.374176449
4014	0.371654866
4015	0.372666673
4016	0.374291354
4017	0.371609969
4018	0.372046301
4019	0.3723612
4020	0.372891702
4021	0.375164059
4022	0.381420793
4023	0.388961741
4024	0.374493184
4025	0.3752018
4026	0.376230702
4027	0.378498782
4028	0.380319233
4029	0.381084179
4030	0.38866074
4031	0.387585418
4032	0.387366559
4033	0.386189404
4034	0.386312781
4035	0.386927136
4036	0.38971464
4037	0.390097061
4038	0.390718747
4039	0.391593749
4040	0.393380563
4041	0.393184325
4042	0.395829943
4043	0.396596154
4044	0.397180733
4045	0.398411908
4046	0.398704067
4047	0.400779559
4048	0.399477354
4049	0.399869079
4050	0.401272501
4051	0.397870302
4052	0.39912862
4053	0.399486229
4054	0.395602906
4055	0.397426738
4056	0.395770838
4057	0.399577638
4058	0.40093138
4059	0.402321466
4060	0.402719018
4061	0.400928578
4062	0.38987618
4063	0.388225233
4064	0.391735045
4065	0.387668189
4066	0.388783286
4067	0.388895954
4068	0.39122172
4069	0.391780394
4070	0.394560135
4071	0.395624533
4072	0.39809459
4073	0.399280413
4074	0.397650635
4075	0.399590436
4076	0.398034423
4077	0.393341691
4078	0.400861948
4079	0.401577439
4080	0.403484134
4081	0.400397397
4082	0.390292216
4083	0.391316842
4084	0.391749508
4085	0.391566949
4086	0.394748012
4087	0.395576528
4088	0.39683917
4089	0.397356508
4090	0.397689964
4091	0.39733667
4092	0.396089044
4093	0.397208752
4094	0.397365202
4095	0.39521046
4096	0.396370714
4097	0.398115621
4098	0.398982512
4099	0.400963779
4100	0.401345395
4101	0.398305197
4102	0.398556666
4103	0.398587786
4104	0.403849197
4105	0.40612257
4106	0.404867281
4107	0.404925545
4108	0.406263687
4109	0.406943439
4110	0.409717625
4111	0.411031055
4112	0.412110424
4113	0.416800242
4114	0.414637559
4115	0.414003958
4116	0.413172257
4117	0.415130598
4118	0.416144082
4119	0.416670826
4120	0.417534178
4121	0.413625048
4122	0.414532766
4123	0.413691747
4124	0.414646639
4125	0.415016141
4126	0.414538008
4127	0.415743372
4128	0.417365184
4129	0.4178758
4130	0.420023211
4131	0.418000264
4132	0.417566812
4133	0.418006428
4134	0.413696136
4135	0.414245393
4136	0.414247707
4137	0.414716256
4138	0.415137818
4139	0.411667028
4140	0.411714769
4141	0.411663248
4142	0.411806272
4143	0.411700494
4144	0.411865601
4145	0.409536892
4146	0.410449342
4147	0.404960212
4148	0.405032372
4149	0.399624832
4150	0.398530825
4151	0.399336422
4152	0.400402339
4153	0.402739814
4154	0.403844434
4155	0.403319226
4156	0.403671265
4157	0.400713837
4158	0.4014751
4159	0.403966197
4160	0.407509386
4161	0.405526136
4162	0.407987
4163	0.40810234
4164	0.413282926
4165	0.414940368
4166	0.415464812
4167	0.416350262
4168	0.420040773
4169	0.420119255
4170	0.420880156
4171	0.421254859
4172	0.421504217
4173	0.421707941
4174	0.421807868
4175	0.420930774
4176	0.420904891
4177	0.422096459
4178	0.423423492
4179	0.423272276
4180	0.423923638
4181	0.42268465
4182	0.424649916
4183	0.425986751
4184	0.417137614
4185	0.419738326
4186	0.41996214
4187	0.420295255
4188	0.423038993
4189	0.424572083
4190	0.424402064
4191	0.428342784
4192	0.43154578
4193	0.430717446
4194	0.4292718
4195	0.431142474
4196	0.432083953
4197	0.434499984
4198	0.436055423
4199	0.435537728
4200	0.439362886
4201	0.437948049
4202	0.438232654
4203	0.438758488
4204	0.43669303
4205	0.439347547
4206	0.440641617
4207	0.441824445
4208	0.437056044
4209	0.438088996
4210	0.438971203
4211	0.440042303
4212	0.440459961
4213	0.441143555
4214	0.442082655
4215	0.451875932
4216	0.454534876
4217	0.453124179
4218	0.454563546
4219	0.455328879
4220	0.450992851
4221	0.452159279
4222	0.451631909
4223	0.451076689
4224	0.453531482
4225	0.451186628
4226	0.452732716
4227	0.44444613
4228	0.445195977
4229	0.434072825
4230	0.435164869
4231	0.436754677
4232	0.431210562
4233	0.431796707
4234	0.433191268
4235	0.436328148
4236	0.4390115
4237	0.440049819
4238	0.440546651
4239	0.436981633
4240	0.437739607
4241	0.438305242
4242	0.439233426
4243	0.437722774
4244	0.438736939
4245	0.438142878
4246	0.437599307
4247	0.437821903
4248	0.437867703
4249	0.433854405
4250	0.420236309
4251	0.421262327
4252	0.423451716
4253	0.425578962
4254	0.427576627
4255	0.429848501
4256	0.42446261
4257	0.423875111
4258	0.416969193
4259	0.417871116
4260	0.415850726
4261	0.416258974
4262	0.418661797
4263	0.419528311
4264	0.419149826
4265	0.420973767
4266	0.420232492
4267	0.420193926
4268	0.423599632
4269	0.423774974
4270	0.421700884
4271	0.422402851
4272	0.425384055
4273	0.426910506
4274	0.427832784
4275	0.427881223
4276	0.429005729
4277	0.428989209
4278	0.429017083
4279	0.429979793
4280	0.431334878
4281	0.424822745
4282	0.42605203
4283	0.426187152
4284	0.427404033
4285	0.428224744
4286	0.428160717
4287	0.41960507
4288	0.420053491
4289	0.420621013
4290	0.407121384
4291	0.408691144
4292	0.418789129
4293	0.418708176
4294	0.41915743
4295	0.418487621
4296	0.413832538
4297	0.415028313
4298	0.416234515
4299	0.416783647
4300	0.413673569
4301	0.414479292
4302	0.405407478
4303	0.397955318
4304	0.398865606
4305	0.400976433
4306	0.402505736
4307	0.405481466
4308	0.405518346
4309	0.408266994
4310	0.414979162
4311	0.416461583
4312	0.415152183
4313	0.410010348
4314	0.411701236
4315	0.417044611
4316	0.420906139
4317	0.425806201
4318	0.429054723
4319	0.431334023
4320	0.432169572
4321	0.433831405
4322	0.435497224
4323	0.436899425
4324	0.424000915
4325	0.426271275
4326	0.428596481
4327	0.417047291
4328	0.417055868
4329	0.406831016
4330	0.408731201
4331	0.410081886
4332	0.410344447
4333	0.408624896
4334	0.410133585
4335	0.413451292
4336	0.413259457
4337	0.4155775
4338	0.414978668
4339	0.407759698
4340	0.40905603
4341	0.409830163
4342	0.405752796
4343	0.406479665
4344	0.407696976
4345	0.408789993
4346	0.409681515
4347	0.410039713
4348	0.41356704
4349	0.413382784
4350	0.415975063
4351	0.416499064
4352	0.417019031
4353	0.4195914
4354	0.417872137
4355	0.419355463
4356	0.419917615
4357	0.422571171
4358	0.422249152
4359	0.422418365
4360	0.422932434
4361	0.42454064
4362	0.425335726
4363	0.425648449
4364	0.426125467
4365	0.426680723
4366	0.427356842
4367	0.418701801
4368	0.418864964
4369	0.419814476
4370	0.419801498
4371	0.420507076
4372	0.416008417
4373	0.416113468
4374	0.400477542
4375	0.39903016
4376	0.399989945
4377	0.395974246
4378	0.395558266
4379	0.396320859
4380	0.398148492
4381	0.398675731
4382	0.395760155
4383	0.395308375
4384	0.397340775
4385	0.399062357
4386	0.398295637
4387	0.394452034
4388	0.394574658
4389	0.393384186
4390	0.397645398
4391	0.396410833
4392	0.401166501
4393	0.393066012
4394	0.379065336
4395	0.370387905
4396	0.369967826
4397	0.371277333
4398	0.371500177
4399	0.363087659
4400	0.36857754
4401	0.370993637
4402	0.372673848
4403	0.36639085
4404	0.374419774
4405	0.377511134
4406	0.380507834
4407	0.378080428
4408	0.377434242
4409	0.380500534
4410	0.381657203
4411	0.38701016
4412	0.383886645
4413	0.371144557
4414	0.377220821
4415	0.379455848
4416	0.385508377
4417	0.38532039
4418	0.385786394
4419	0.383537154
4420	0.383809539
4421	0.385746423
4422	0.389105974
4423	0.388963326
4424	0.375271238
4425	0.357124669
4426	0.359132981
4427	0.361264922
4428	0.362822524
4429	0.367474021
4430	0.368570584
4431	0.356209436
4432	0.358248324
4433	0.365450072
4434	0.368847326
4435	0.370300771
4436	0.372567916
4437	0.375918151
4438	0.376027794
4439	0.376437385
4440	0.377511206
4441	0.381234308
4442	0.383082799
4443	0.387716419
4444	0.372417294
4445	0.374014723
4446	0.374766622
4447	0.376715973
4448	0.37710064
4449	0.377686374
4450	0.3779576
4451	0.379546037
4452	0.382633903
4453	0.386601772
4454	0.392575677
4455	0.392374927
4456	0.391958539
4457	0.393408806
4458	0.395971017
4459	0.398409151
4460	0.399935649
4461	0.400558474
4462	0.407726978
4463	0.409098151
4464	0.402475521
4465	0.404160404
4466	0.410105628
4467	0.408120483
4468	0.405016709
4469	0.405647104
4470	0.404102939
4471	0.406355402
4472	0.406975657
4473	0.408830192
4474	0.391385844
4475	0.39309441
4476	0.393038774
4477	0.394482775
4478	0.395035484
4479	0.396157418
4480	0.39259975
4481	0.393318063
4482	0.393755865
4483	0.393771128
4484	0.394423787
4485	0.394492441
4486	0.394592679
4487	0.389431939
4488	0.390683932
4489	0.392808384
4490	0.390416389
4491	0.392029121
4492	0.39223008
4493	0.393640015
4494	0.391897275
4495	0.392232718
4496	0.394972326
4497	0.390919273
4498	0.39206634
4499	0.392705997
4500	0.395620946
4501	0.396382034
4502	0.396304256
4503	0.396631812
4504	0.398210438
4505	0.388141805
4506	0.388196575
4507	0.388413268
4508	0.391127811
4509	0.391997092
4510	0.384646813
4511	0.385054829
4512	0.381489922
4513	0.38294353
4514	0.388903837
4515	0.389380078
4516	0.390310175
4517	0.38803462
4518	0.386919526
4519	0.384932544
4520	0.387544743
4521	0.389812045
4522	0.392641002
4523	0.389297927
4524	0.390157964
4525	0.392292123
4526	0.396486313
4527	0.390036554
4528	0.392316497
4529	0.394770503
4530	0.399147028
4531	0.401333212
4532	0.403656402
4533	0.402230765
4534	0.397926856
4535	0.388291812
4536	0.384388693
4537	0.379416302
4538	0.381620346
4539	0.365282693
4540	0.366508044
4541	0.37209654
4542	0.373761534
4543	0.375029007
4544	0.376291364
4545	0.376298449
4546	0.377667143
4547	0.377848232
4548	0.378484397
4549	0.379366749
4550	0.377875089
4551	0.379178058
4552	0.383229971
4553	0.385454376
4554	0.357104909
4555	0.363448923
4556	0.362888629
4557	0.364372897
4558	0.362295857
4559	0.364598819
4560	0.367459508
4561	0.369227119
4562	0.371260346
4563	0.37376552
4564	0.375654682
4565	0.375992269
4566	0.37754832
4567	0.375302706
4568	0.375930586
4569	0.378947057
4570	0.38067118
4571	0.369797382
4572	0.366157464
4573	0.356759694
4574	0.361166568
4575	0.365289172
4576	0.368844492
4577	0.373412436
4578	0.375770991
4579	0.375025946
4580	0.365815596
4581	0.368579662
4582	0.369354353
4583	0.368359671
4584	0.371539621
4585	0.375140069
4586	0.37845033
4587	0.376441566
4588	0.382191463
4589	0.383736406
4590	0.377274301
4591	0.373846331
4592	0.376543355
4593	0.379194126
4594	0.381134811
4595	0.38333285
4596	0.38927704
4597	0.384111029
4598	0.389547779
4599	0.394158039
4600	0.377765248
4601	0.382093027
4602	0.386453631
4603	0.39037309
4604	0.391281554
4605	0.390944252
4606	0.393814687
4607	0.393835264
4608	0.39793437
4609	0.398044582
4610	0.398722743
4611	0.401545943
4612	0.406581535
4613	0.406561254
4614	0.40260637
4615	0.396429446
4616	0.397942464
4617	0.397983803
4618	0.39818126
4619	0.399662983
4620	0.399399431
4621	0.400238712
4622	0.402115715
4623	0.403241051
4624	0.404799838
4625	0.402286538
4626	0.402547358
4627	0.407501585
4628	0.409439728
4629	0.409656176
4630	0.414566534
4631	0.406381446
4632	0.411238743
4633	0.411715733
4634	0.413258833
4635	0.414509003
4636	0.417278759
4637	0.412342177
4638	0.410969978
4639	0.41170717
4640	0.412873221
4641	0.412962074
4642	0.413086478
4643	0.408355638
4644	0.411279762
4645	0.412702767
4646	0.411894485
4647	0.412525609
4648	0.415313795
4649	0.411811917
4650	0.414699699
4651	0.416029761
4652	0.416392196
4653	0.415825561
4654	0.418013951
4655	0.416750272
4656	0.409543962
4657	0.409735836
4658	0.407988477
4659	0.408003386
4660	0.409517233
4661	0.410661166
4662	0.409881792
4663	0.408492532
4664	0.409621111
4665	0.41217426
4666	0.412634491
4667	0.415567197
4668	0.418033663
4669	0.418764273
4670	0.41780337
4671	0.417359894
4672	0.416244884
4673	0.418502956
4674	0.418090761
4675	0.419222246
4676	0.415177124
4677	0.415520943
4678	0.411177791
4679	0.412472705
4680	0.413780608
4681	0.414377128
4682	0.390767946
4683	0.393850382
4684	0.385457334
4685	0.3859429
4686	0.386920245
4687	0.383478292
4688	0.38158811
4689	0.380548894
4690	0.38370692
4691	0.387439003
4692	0.386662035
4693	0.389076791
4694	0.391136692
4695	0.396370173
4696	0.392650596
4697	0.394252792
4698	0.397278828
4699	0.407436585
4700	0.409082218
4701	0.408714034
4702	0.409095755
4703	0.410228402
4704	0.410248966
4705	0.410754587
4706	0.41207727
4707	0.414546064
4708	0.414667567
4709	0.415659542
4710	0.414629407
4711	0.413765479
4712	0.412802786
4713	0.413638979
4714	0.410045779
4715	0.410529075
4716	0.41071129
4717	0.412117886
4718	0.412531688
4719	0.410598786
4720	0.409233801
4721	0.412139033
4722	0.414186273
4723	0.411259345
4724	0.411447082
4725	0.412246181
4726	0.408910976
4727	0.408867671
4728	0.405512851
4729	0.406292261
4730	0.415613658
4731	0.418241095
4732	0.418729608
4733	0.420625022
4734	0.416559467
4735	0.416243137
4736	0.416279362
4737	0.416638404
4738	0.421530138
4739	0.421336756
4740	0.421911
4741	0.423231948
4742	0.424693329
4743	0.422435293
4744	0.421551374
4745	0.422389779
4746	0.422389779
4747	0.415545859
4748	0.410194105
4749	0.411654759
4750	0.411755879
4751	0.412235007
4752	0.407523813
4753	0.398227334
4754	0.400356915
4755	0.401263007
4756	0.405356482
4757	0.408380839
4758	0.399288222
4759	0.398823467
4760	0.400442272
4761	0.403382477
4762	0.400703811
4763	0.402659451
4764	0.402585452
4765	0.40412345
4766	0.400942581
4767	0.399206235
4768	0.403579617
4769	0.404372639
4770	0.401011923
4771	0.402287887
4772	0.408953549
4773	0.411972215
4774	0.41244303
4775	0.413365036
4776	0.415414178
4777	0.399972009
4778	0.398026193
4779	0.398571679
4780	0.400849157
4781	0.403795627
4782	0.407755188
4783	0.4082912
4784	0.401952544
4785	0.402966916
4786	0.403557267
4787	0.403777788
4788	0.396608207
4789	0.398783398
4790	0.401708129
4791	0.402181624
4792	0.40195443
4793	0.402222333
4794	0.393044455
4795	0.386073379
4796	0.382760015
4797	0.382882779
4798	0.38340138
4799	0.384250521
4800	0.385373922
4801	0.390631029
4802	0.391724671
4803	0.391895288
4804	0.393215073
4805	0.392685171
4806	0.392959781
4807	0.394143438
4808	0.394851716
4809	0.395612347
4810	0.395821774
4811	0.395747733
4812	0.395780622
4813	0.395966368
4814	0.386497635
4815	0.386169173
4816	0.386175049
4817	0.38691303
4818	0.388102109
4819	0.388551005
4820	0.389807995
4821	0.391138915
4822	0.39101527
4823	0.391052388
4824	0.391554192
4825	0.39152269
4826	0.388996274
4827	0.388455638
4828	0.383936884
4829	0.383640518
4830	0.385736625
4831	0.385896348
4832	0.385015792
4833	0.384941336
4834	0.374986364
4835	0.376166257
4836	0.373880242
4837	0.374901314
4838	0.374640282
4839	0.374635767
4840	0.376101349
4841	0.376503561
4842	0.37826573
4843	0.367543029
4844	0.36806659
4845	0.364436966
4846	0.348277928
4847	0.349491639
4848	0.342501797
4849	0.33671259
4850	0.335817568
4851	0.3357197
4852	0.333203809
4853	0.333627026
4854	0.335614853
4855	0.338021346
4856	0.33385179
4857	0.335465005
4858	0.338807015
4859	0.337595009
4860	0.331813771
4861	0.333974027
4862	0.335367771
4863	0.339899232
4864	0.343510757
4865	0.343467178
4866	0.346776221
4867	0.349061545
4868	0.349867092
4869	0.353479421
4870	0.355219101
4871	0.357019001
4872	0.357059485
4873	0.350317632
4874	0.35267388
4875	0.352794703
4876	0.356214562
4877	0.356773812
4878	0.350827134
4879	0.354963416
4880	0.355315688
4881	0.356908682
4882	0.358924278
4883	0.35856407
4884	0.357885219
4885	0.357960218
4886	0.357317409
4887	0.357952829
4888	0.353583615
4889	0.354466615
4890	0.355932414
4891	0.355018512
4892	0.355573076
4893	0.35511302
4894	0.35063474
4895	0.344816134
4896	0.345283051
4897	0.336283449
4898	0.332918549
4899	0.333469757
4900	0.330507396
4901	0.330786547
4902	0.330883356
4903	0.333275127
4904	0.333765797
4905	0.336877289
4906	0.338814717
4907	0.336789296
4908	0.341336193
4909	0.339883908
4910	0.328585195
4911	0.329305792
4912	0.331359528
4913	0.332610817
4914	0.33202012
4915	0.322576689
4916	0.322708684
4917	0.321276764
4918	0.320298818
4919	0.322463933
4920	0.322623465
4921	0.323182875
4922	0.315624488
4923	0.316667833
4924	0.317747937
4925	0.32062482
4926	0.321618759
4927	0.321529536
4928	0.322096344
4929	0.323667388
4930	0.325701233
4931	0.324978707
4932	0.326337422
4933	0.324000354
4934	0.32384142
4935	0.320165501
4936	0.326092855
4937	0.326921597
4938	0.328120284
4939	0.325612016
4940	0.32780664
4941	0.326441035
4942	0.338046954
4943	0.335753268
4944	0.336730291
4945	0.33925821
4946	0.336120141
4947	0.337256823
4948	0.337600141
4949	0.338138714
4950	0.337145083
4951	0.335705655
4952	0.338300139
4953	0.337763356
4954	0.340526632
4955	0.34247184
4956	0.343310789
4957	0.344429459
4958	0.340417911
4959	0.342100316
4960	0.340817042
4961	0.34044582
4962	0.341264654
4963	0.341746907
4964	0.347190664
4965	0.348044054
4966	0.352909904
4967	0.353308061
4968	0.355193456
4969	0.356328417
4970	0.356826063
4971	0.356647005
4972	0.356681686
4973	0.354882758
4974	0.354883135
4975	0.353884342
4976	0.357898443
4977	0.358318623
4978	0.353040352
4979	0.356713777
4980	0.357602032
4981	0.358835128
4982	0.359924179
4983	0.359975649
4984	0.360442505
4985	0.360784422
4986	0.358462758
4987	0.356257704
4988	0.357510055
4989	0.358442473
4990	0.356772548
4991	0.336359625
4992	0.335841018
4993	0.328720613
4994	0.332025992
4995	0.335245975
4996	0.337860044
4997	0.338945169
4998	0.339374338
4999	0.340674222
5000	0.341087289
5001	0.342101057
5002	0.339882509
5003	0.339623712
5004	0.340178769
5005	0.341257664
5006	0.339899632
5007	0.339724599
5008	0.341099876
5009	0.342622198
5010	0.338929477
5011	0.339347251
5012	0.33937888
5013	0.322228243
5014	0.321880958
5015	0.323832967
5016	0.324678639
5017	0.324242387
5018	0.326659783
5019	0.327764002
5020	0.330997055
5021	0.335777541
5022	0.333240384
5023	0.334590922
5024	0.336498106
5025	0.337365585
5026	0.336932021
5027	0.324905153
5028	0.327614047
5029	0.329188113
5030	0.330300796
5031	0.332804469
5032	0.332201183
5033	0.337252565
5034	0.340458209
5035	0.334697238
5036	0.335218782
5037	0.328931181
5038	0.330400565
5039	0.330738291
5040	0.332923334
5041	0.330266348
5042	0.331245309
5043	0.333044056
5044	0.334350863
5045	0.336171637
5046	0.331566128
5047	0.333167977
5048	0.331444654
5049	0.324443777
5050	0.328070916
5051	0.329387475
5052	0.329830004
5053	0.331739708
5054	0.333632027
5055	0.334258572
5056	0.334922025
5057	0.339323294
5058	0.3233599
5059	0.329113924
5060	0.332088809
5061	0.333677347
5062	0.333670094
5063	0.335021607
5064	0.336597091
5065	0.33701166
5066	0.340025053
5067	0.34232702
5068	0.337142905
5069	0.336038901
5070	0.336853094
5071	0.339169264
5072	0.33889945
5073	0.341632318
5074	0.344351877
5075	0.345617172
5076	0.346028215
5077	0.347072781
5078	0.34821228
5079	0.349189496
5080	0.350680976
5081	0.351982981
5082	0.35165848
5083	0.351529297
5084	0.351496097
5085	0.352431686
5086	0.350122585
5087	0.34543636
5088	0.342091461
5089	0.323887632
5090	0.325270192
5091	0.325588396
5092	0.327354114
5093	0.324412545
5094	0.324257452
5095	0.320495324
5096	0.324295093
5097	0.328948867
5098	0.336639013
5099	0.338407754
5100	0.33910108
5101	0.342415973
5102	0.341554991
5103	0.342715151
5104	0.338918926
5105	0.341090198
5106	0.341953445
5107	0.341684389
5108	0.344511563
5109	0.344708287
5110	0.339668801
5111	0.338742559
5112	0.338561835
5113	0.339699239
5114	0.34020402
5115	0.340834416
5116	0.343797524
5117	0.347248113
5118	0.355807756
5119	0.356188119
5120	0.355431924
5121	0.3558278
5122	0.353117017
5123	0.355704335
5124	0.365318084
5125	0.362729869
5126	0.362614145
5127	0.361857346
5128	0.362883058
5129	0.363041944
5130	0.363414791
5131	0.366949225
5132	0.368392623
5133	0.368775648
5134	0.369690532
5135	0.365673938
5136	0.368830113
5137	0.365771839
5138	0.365574198
5139	0.366297951
5140	0.36683862
5141	0.347701255
5142	0.348417054
5143	0.351974183
5144	0.352324131
5145	0.354149981
5146	0.35525585
5147	0.355829136
5148	0.358234507
5149	0.360166577
5150	0.360332502
5151	0.358552488
5152	0.359532259
5153	0.359561181
5154	0.35952748
5155	0.360934328
5156	0.33564984
5157	0.340907789
5158	0.328004908
5159	0.328921983
5160	0.33145684
5161	0.328333104
5162	0.330204987
5163	0.331640846
5164	0.336494317
5165	0.340160271
5166	0.342285295
5167	0.340939289
5168	0.340469437
5169	0.343107255
5170	0.342772983
5171	0.344030909
5172	0.344597582
5173	0.344809436
5174	0.344841314
5175	0.34556153
5176	0.348728408
5177	0.351570008
5178	0.34806777
5179	0.34885977
5180	0.349766089
5181	0.349726475
5182	0.349378093
5183	0.349829929
5184	0.351870521
5185	0.346404491
5186	0.343334903
5187	0.349969344
5188	0.350973816
5189	0.35403573
5190	0.356122813
5191	0.356087466
5192	0.355832689
5193	0.356652203
5194	0.395809652
5195	0.395687117
5196	0.396376318
5197	0.399072636
5198	0.393702824
5199	0.396725419
5200	0.392887574
5201	0.389233072
5202	0.391224403
5203	0.388039112
5204	0.39468356
5205	0.398769268
5206	0.379900308
5207	0.383940793
5208	0.378193399
5209	0.352079783
5210	0.353729837
5211	0.354866695
5212	0.357391382
5213	0.358120286
5214	0.355897491
5215	0.355767371
5216	0.357326339
5217	0.358163912
5218	0.357862843
5219	0.357860699
5220	0.360083274
5221	0.36114027
5222	0.363194903
5223	0.364181007
5224	0.367258384
5225	0.358855086
5226	0.361289631
5227	0.364993278
5228	0.365767768
5229	0.366115042
5230	0.36716013
5231	0.368467512
5232	0.36646847
5233	0.372292578
5234	0.368975195
5235	0.368796386
5236	0.373114074
5237	0.370116053
5238	0.376594986
5239	0.372889632
5240	0.365639603
5241	0.367441641
5242	0.370784449
5243	0.360017548
5244	0.358515569
5245	0.360332889
5246	0.360698665
5247	0.363232692
5248	0.365068533
5249	0.364556397
5250	0.366104209
5251	0.367259554
5252	0.369000593
5253	0.37044137
5254	0.371545424
5255	0.357487838
5256	0.359188065
5257	0.361587588
5258	0.362613363
5259	0.351111332
5260	0.35291953
5261	0.35342027
5262	0.353777866
5263	0.352830995
5264	0.342044332
5265	0.341856645
5266	0.336603683
5267	0.33776977
5268	0.339381233
5269	0.336253365
5270	0.339405413
5271	0.341818927
5272	0.342944139
5273	0.338849858
5274	0.340624544
5275	0.3474436
5276	0.349551442
5277	0.351357521
5278	0.356002411
5279	0.34802933
5280	0.348541145
5281	0.351780078
5282	0.354725158
5283	0.357263099
5284	0.355191483
5285	0.357246081
5286	0.360774376
5287	0.365335325
5288	0.365763926
5289	0.368094561
5290	0.372289956
5291	0.372547791
5292	0.375168708
5293	0.375631869
5294	0.38258613
5295	0.386304926
5296	0.385365208
5297	0.369500053
5298	0.372116727
5299	0.369725639
5300	0.370082178
5301	0.370276728
5302	0.370338321
5303	0.370544792
5304	0.371092043
5305	0.371434399
5306	0.373478634
5307	0.37593703
5308	0.37765006
5309	0.37817467
5310	0.380374863
5311	0.37823486
5312	0.37918325
5313	0.373257666
5314	0.365498836
5315	0.365768882
5316	0.366878806
5317	0.370650154
5318	0.363062975
5319	0.364088133
5320	0.364582599
5321	0.367130819
5322	0.365223681
5323	0.366445032
5324	0.367991387
5325	0.368957641
5326	0.364565616
5327	0.372431249
5328	0.373565727
5329	0.374905164
5330	0.383753155
5331	0.374780421
5332	0.377951968
5333	0.371371892
5334	0.379634926
5335	0.381010313
5336	0.383080045
5337	0.380786979
5338	0.3823759
5339	0.385927725
5340	0.387153877
5341	0.376168933
5342	0.375896307
5343	0.374194714
5344	0.377202846
5345	0.3763389
5346	0.368029198
5347	0.365399511
5348	0.365778615
5349	0.364930352
5350	0.36700976
5351	0.365749556
5352	0.361426487
5353	0.362302278
5354	0.366375229
5355	0.368769945
5356	0.370187266
5357	0.366861597
5358	0.368458959
5359	0.356105609
5360	0.356900544
5361	0.356939003
5362	0.358640851
5363	0.359063101
5364	0.361754218
5365	0.36508375
5366	0.359466656
5367	0.360748561
5368	0.35688844
5369	0.358114431
5370	0.359820053
5371	0.355525882
5372	0.347429575
5373	0.351517086
5374	0.349419046
5375	0.348653941
5376	0.348298347
5377	0.349331305
5378	0.350967796
5379	0.35005302
5380	0.352563159
5381	0.351111069
5382	0.352546347
5383	0.354503379
5384	0.350381136
5385	0.350925093
5386	0.351456052
5387	0.347114495
5388	0.350064438
5389	0.349195296
5390	0.350616559
5391	0.350632494
5392	0.35244536
5393	0.354774527
5394	0.351591133
5395	0.354011656
5396	0.356716738
5397	0.358066888
5398	0.364459415
5399	0.3625375
5400	0.361439142
5401	0.363918889
5402	0.364708811
5403	0.366218571
5404	0.368169499
5405	0.371664105
5406	0.373313731
5407	0.372620387
5408	0.374841326
5409	0.374247718
5410	0.376333246
5411	0.37868715
5412	0.382409148
5413	0.3837494
5414	0.383419922
5415	0.383056351
5416	0.379852381
5417	0.380557531
5418	0.381330125
5419	0.384747114
5420	0.385695551
5421	0.386869814
5422	0.387524504
5423	0.388016609
5424	0.388403582
5425	0.38902819
5426	0.393949943
5427	0.397113456
5428	0.394749567
5429	0.395545701
5430	0.396596232
5431	0.39253128
5432	0.391631726
5433	0.391495844
5434	0.391138589
5435	0.390915984
5436	0.395163851
5437	0.395372456
5438	0.39710606
5439	0.39923544
5440	0.3974077
5441	0.3974594
5442	0.392288592
5443	0.392491954
5444	0.394090916
5445	0.384683374
5446	0.385796535
5447	0.38488276
5448	0.385212434
5449	0.385556952
5450	0.385590917
5451	0.385687013
5452	0.377425284
5453	0.375236796
5454	0.3761791
5455	0.378248222
5456	0.373996036
5457	0.374406538
5458	0.373636322
5459	0.373778387
5460	0.37340407
5461	0.37545086
5462	0.377327967
5463	0.378500638
5464	0.372784121
5465	0.375278942
5466	0.376072706
5467	0.37365896
5468	0.377613376
5469	0.382569188
5470	0.38669176
5471	0.389708009
5472	0.390000717
5473	0.38671255
5474	0.386933441
5475	0.388058991
5476	0.389691765
5477	0.392029237
5478	0.393880376
5479	0.382052124
5480	0.385368698
5481	0.385986725
5482	0.381471343
5483	0.384191974
5484	0.384225745
5485	0.385839966
5486	0.386533327
5487	0.408574235
5488	0.408209115
5489	0.408863823
5490	0.409500626
5491	0.410966025
5492	0.411022509
5493	0.41296188
5494	0.413430507
5495	0.414185913
5496	0.41001773
5497	0.414037593
5498	0.403457725
5499	0.404567451
5500	0.402361507
5501	0.403172192
5502	0.403065367
5503	0.403114591
5504	0.404790477
5505	0.386532159
5506	0.390395895
5507	0.393835622
5508	0.396652205
5509	0.399348366
5510	0.39886129
5511	0.404554291
5512	0.405981958
5513	0.402196956
5514	0.405470678
5515	0.406415755
5516	0.40736199
5517	0.408140437
5518	0.391126313
5519	0.39402605
5520	0.396189547
5521	0.396029733
5522	0.397986555
5523	0.396837932
5524	0.397355975
5525	0.401103799
5526	0.404037657
5527	0.403993686
5528	0.405193548
5529	0.405601529
5530	0.409011815
5531	0.409229913
5532	0.409547736
5533	0.406754276
5534	0.398421659
5535	0.38696051
5536	0.388902302
5537	0.389494563
5538	0.392313195
5539	0.396488694
5540	0.400021568
5541	0.403450633
5542	0.40211662
5543	0.405692201
5544	0.40630557
5545	0.408758405
5546	0.413767069
5547	0.396205724
5548	0.399326927
5549	0.38521733
5550	0.414935804
5551	0.418022963
5552	0.42178315
5553	0.428961982
5554	0.414841389
5555	0.420032021
5556	0.423436349
5557	0.406584372
5558	0.408540592
5559	0.413213529
5560	0.404843143
5561	0.406708584
5562	0.412468317
5563	0.410527824
5564	0.413494576
5565	0.41669056
5566	0.421591849
5567	0.421617955
5568	0.422934666
5569	0.421877187
5570	0.422205377
5571	0.425660262
5572	0.422918683
5573	0.423240472
5574	0.424210059
5575	0.425319932
5576	0.425076624
5577	0.427536277
5578	0.428944384
5579	0.430128856
5580	0.433158787
5581	0.436812705
5582	0.437143535
5583	0.43830103
5584	0.439069785
5585	0.439076278
5586	0.432770526
5587	0.43370464
5588	0.434184297
5589	0.43440791
5590	0.434708441
5591	0.421407284
5592	0.421922985
5593	0.422504858
5594	0.417688099
5595	0.420205507
5596	0.410907802
5597	0.413844102
5598	0.415961646
5599	0.409028826
5600	0.410927539
5601	0.412619355
5602	0.415994866
5603	0.403993198
5604	0.406139371
5605	0.407784192
5606	0.408680347
5607	0.411888262
5608	0.4024046
5609	0.40467905
5610	0.408125216
5611	0.408771115
5612	0.408965154
5613	0.407219843
5614	0.408374375
5615	0.392518248
5616	0.39348582
5617	0.392597564
5618	0.391687182
5619	0.395069033
5620	0.395193135
5621	0.397887432
5622	0.398646775
5623	0.396493717
5624	0.400639043
5625	0.400207257
5626	0.400606856
5627	0.397876164
5628	0.396626528
5629	0.397039765
5630	0.397154489
5631	0.397439581
5632	0.399278123
5633	0.402846049
5634	0.404444889
5635	0.40369656
5636	0.403324401
5637	0.405771661
5638	0.40859007
5639	0.410277389
5640	0.418299845
5641	0.419069139
5642	0.419012522
5643	0.419683815
5644	0.421732643
5645	0.426666494
5646	0.428390374
5647	0.423961206
5648	0.423958543
5649	0.413962936
5650	0.414953096
5651	0.41669628
5652	0.418257818
5653	0.414263712
5654	0.416503462
5655	0.414491497
5656	0.413032031
5657	0.41474407
5658	0.415343677
5659	0.417054905
5660	0.40418551
5661	0.402284851
5662	0.402672234
5663	0.403900585
5664	0.403444597
5665	0.398253705
5666	0.398011137
5667	0.396489806
5668	0.396463039
5669	0.388265593
5670	0.388740955
5671	0.3897348
5672	0.391066339
5673	0.392371308
5674	0.395133236
5675	0.399917746
5676	0.393502783
5677	0.394250505
5678	0.396267536
5679	0.39351228
5680	0.395207664
5681	0.394655989
5682	0.394788231
5683	0.392732437
5684	0.395403127
5685	0.396547858
5686	0.397150376
5687	0.399406032
5688	0.39981663
5689	0.399988922
5690	0.400460876
5691	0.399416442
5692	0.400554877
5693	0.401084365
5694	0.401808671
5695	0.40182757
5696	0.402062295
5697	0.3998748
5698	0.405932713
5699	0.409089263
5700	0.399444962
5701	0.395128877
5702	0.396095844
5703	0.39829087
5704	0.400287724
5705	0.400586774
5706	0.403157318
5707	0.404812989
5708	0.392286046
5709	0.389660877
5710	0.391696702
5711	0.392462658
5712	0.393595619
5713	0.393589093
5714	0.394493424
5715	0.395653887
5716	0.397574617
5717	0.398734713
5718	0.398908821
5719	0.394126539
5720	0.395412602
5721	0.398077544
5722	0.396530892
5723	0.396836752
5724	0.39778038
5725	0.398143072
5726	0.392193592
5727	0.392725541
5728	0.393993409
5729	0.401439676
5730	0.404281959
5731	0.403903509
5732	0.403797787
5733	0.406931475
5734	0.398511475
5735	0.392737872
5736	0.392788921
5737	0.395324878
5738	0.395230874
5739	0.395893415
5740	0.393098795
5741	0.39530083
5742	0.390605017
5743	0.391060889
5744	0.379914137
5745	0.381170835
5746	0.381184215
5747	0.381867087
5748	0.383770272
5749	0.390837485
5750	0.389849834
5751	0.39101985
5752	0.391046761
5753	0.391490059
5754	0.392182152
5755	0.392485417
5756	0.392798937
5757	0.393652583
5758	0.393760481
5759	0.393980591
5760	0.394381831
5761	0.39426784
5762	0.379317123
5763	0.377331177
5764	0.377850238
5765	0.378294967
5766	0.377769667
5767	0.378666706
5768	0.378608275
5769	0.378645023
5770	0.380941445
5771	0.381256434
5772	0.380834127
5773	0.382790528
5774	0.381913697
5775	0.383344058
5776	0.385196779
5777	0.379595689
5778	0.38027744
5779	0.381090448
5780	0.382016612
5781	0.373576958
5782	0.374172036
5783	0.37429982
5784	0.376487184
5785	0.378594752
5786	0.380456221
5787	0.380816362
5788	0.381630319
5789	0.385049982
5790	0.387173758
5791	0.388706596
5792	0.388618376
5793	0.389060064
5794	0.390235222
5795	0.390995479
5796	0.394313008
5797	0.39386386
5798	0.387880851
5799	0.388233723
5800	0.389605374
5801	0.392214205
5802	0.391472428
5803	0.391768782
5804	0.36398273
5805	0.36369437
5806	0.36344803
5807	0.363624187
5808	0.357053993
5809	0.343646555
5810	0.345012916
5811	0.347020163
5812	0.345023665
5813	0.338682555
5814	0.337295618
5815	0.339860466
5816	0.342339814
5817	0.347232885
5818	0.345811393
5819	0.347823438
5820	0.351039686
5821	0.353721248
5822	0.355880156
5823	0.355867381
5824	0.341303107
5825	0.345258965
5826	0.345158176
5827	0.344660621
5828	0.343147544
5829	0.343466966
5830	0.344756138
5831	0.34767657
5832	0.344853046
5833	0.34734347
5834	0.340613731
5835	0.342218429
5836	0.343255284
5837	0.345277333
5838	0.342528954
5839	0.347197792
5840	0.376729256
5841	0.378128359
5842	0.379111269
5843	0.381753716
5844	0.382321926
5845	0.375317405
5846	0.358720857
5847	0.360600352
5848	0.366814042
5849	0.369101171
5850	0.369925491
5851	0.370222211
5852	0.37120994
5853	0.373316319
5854	0.375906391
5855	0.367407003
5856	0.357685897
5857	0.360416154
5858	0.361854349
5859	0.363926819
5860	0.364813542
5861	0.365485652
5862	0.373795509
5863	0.373291927
5864	0.374264748
5865	0.373851262
5866	0.37442609
5867	0.374115481
5868	0.374731376
5869	0.378827288
5870	0.378469334
5871	0.380248985
5872	0.38267789
5873	0.377050855
5874	0.377933057
5875	0.37996524
5876	0.387989599
5877	0.389005352
5878	0.368670909
5879	0.368022323
5880	0.371641594
5881	0.36756882
5882	0.369122214
5883	0.369326074
5884	0.370682078
5885	0.371484522
5886	0.37295976
5887	0.377569069
5888	0.372189444
5889	0.372216231
5890	0.373665564
5891	0.372458667
5892	0.374490077
5893	0.376891743
5894	0.37621847
5895	0.376799875
5896	0.378251664
5897	0.376865714
5898	0.377892188
5899	0.347118666
5900	0.34496961
5901	0.34476118
5902	0.34820646
5903	0.348466714
5904	0.350841129
5905	0.350912694
5906	0.354460424
5907	0.355922112
5908	0.354108627
5909	0.357022297
5910	0.35902736
5911	0.356578588
5912	0.355096993
5913	0.354352538
5914	0.345623184
5915	0.346963093
5916	0.351951566
5917	0.352968743
5918	0.35570511
5919	0.359423337
5920	0.36121243
5921	0.362450818
5922	0.366741992
5923	0.364220904
5924	0.365317326
5925	0.365165066
5926	0.357804525
5927	0.359177893
5928	0.362024064
5929	0.350341328
5930	0.350633197
5931	0.352947209
5932	0.356154527
5933	0.356869319
5934	0.355330058
5935	0.356761632
5936	0.360747512
5937	0.361756738
5938	0.361925483
5939	0.362323166
5940	0.364889707
5941	0.366435551
5942	0.365396222
5943	0.367311103
5944	0.367157651
5945	0.367515229
5946	0.36800025
5947	0.369294957
5948	0.368567222
5949	0.361503107
5950	0.362531614
5951	0.365289359
5952	0.362738423
5953	0.365620795
5954	0.367750772
5955	0.366471513
5956	0.36271139
5957	0.363573674
5958	0.367832196
5959	0.368551451
5960	0.37055791
5961	0.37105195
5962	0.370519139
5963	0.371555092
5964	0.366456229
5965	0.369496202
5966	0.3723715
5967	0.372995362
5968	0.350517084
5969	0.343191665
5970	0.344468291
5971	0.346552778
5972	0.346892815
5973	0.351379976
5974	0.3539979
5975	0.35764878
5976	0.357353823
5977	0.355824769
5978	0.358770728
5979	0.360193076
5980	0.363017905
5981	0.363901354
5982	0.365806978
5983	0.367367244
5984	0.368433081
5985	0.366942176
5986	0.368243688
5987	0.369558983
5988	0.371377535
5989	0.374236296
5990	0.374088989
5991	0.374793522
5992	0.378636271
5993	0.379218691
5994	0.380204791
5995	0.382208467
5996	0.382558565
5997	0.382145618
5998	0.380935142
5999	0.38114425
6000	0.382606293
6001	0.383128255
6002	0.383002694
6003	0.382299841
6004	0.383110404
6005	0.383873182
6006	0.384113858
6007	0.384491704
6008	0.380686585
6009	0.381914097
6010	0.38171457
6011	0.378722834
6012	0.379282754
6013	0.38135157
6014	0.382473832
6015	0.383421097
6016	0.378522991
6017	0.379326829
6018	0.380638293
6019	0.380493044
6020	0.387246808
6021	0.388950646
6022	0.376090015
6023	0.373915679
6024	0.371562385
6025	0.376741058
6026	0.378651405
6027	0.372501933
6028	0.37368653
6029	0.374551042
6030	0.37755526
6031	0.378389829
6032	0.38267332
6033	0.383685776
6034	0.383924413
6035	0.38489373
6036	0.384268761
6037	0.38438671
6038	0.385155954
6039	0.388786085
6040	0.38986309
6041	0.389917552
6042	0.392280866
6043	0.39282364
6044	0.394637247
6045	0.39513098
6046	0.396808264
6047	0.397932782
6048	0.396174926
6049	0.381933349
6050	0.377090365
6051	0.377641081
6052	0.381682596
6053	0.383912585
6054	0.384899733
6055	0.38598963
6056	0.387352006
6057	0.387850055
6058	0.388950502
6059	0.374157348
6060	0.375670307
6061	0.373475521
6062	0.375168012
6063	0.375877342
6064	0.376460795
6065	0.373604393
6066	0.373941738
6067	0.375589569
6068	0.37237661
6069	0.37736229
6070	0.378005425
6071	0.379270675
6072	0.37814556
6073	0.37969967
6074	0.375609046
6075	0.376870697
6076	0.378290977
6077	0.378710657
6078	0.378034134
6079	0.376614889
6080	0.377468958
6081	0.379428961
6082	0.380131635
6083	0.378414368
6084	0.378548746
6085	0.37895549
6086	0.370469359
6087	0.3677076
6088	0.367074006
6089	0.367189353
6090	0.368071704
6091	0.368692645
6092	0.371125296
6093	0.371430982
6094	0.370026938
6095	0.363256487
6096	0.363846553
6097	0.366212873
6098	0.368055784
6099	0.368942352
6100	0.362363102
6101	0.360561537
6102	0.362327673
6103	0.363122714
6104	0.364889718
6105	0.364974656
6106	0.36572359
6107	0.365385119
6108	0.369145519
6109	0.36867452
6110	0.373137987
6111	0.373037408
6112	0.36890383
6113	0.369626444
6114	0.37047983
6115	0.371959361
6116	0.373738921
6117	0.375761136
6118	0.375189704
6119	0.376465966
6120	0.37180399
6121	0.373168555
6122	0.374224517
6123	0.374921937
6124	0.3686299
6125	0.355233975
6126	0.35233118
6127	0.352302412
6128	0.354727999
6129	0.355366673
6130	0.354412931
6131	0.355329427
6132	0.347619672
6133	0.348067069
6134	0.347878094
6135	0.350331839
6136	0.35178995
6137	0.353317014
6138	0.354557227
6139	0.35483558
6140	0.355482569
6141	0.356292707
6142	0.356519111
6143	0.357870387
6144	0.358766104
6145	0.358306854
6146	0.344903227
6147	0.34500082
6148	0.345168654
6149	0.342756266
6150	0.34276798
6151	0.344293226
6152	0.342657013
6153	0.343472482
6154	0.342258761
6155	0.34478793
6156	0.342756823
6157	0.333271703
6158	0.333673612
6159	0.337068034
6160	0.340086279
6161	0.340994057
6162	0.34260665
6163	0.343403503
6164	0.344075891
6165	0.344939376
6166	0.340889057
6167	0.343869342
6168	0.33131639
6169	0.332267176
6170	0.333930398
6171	0.333870082
6172	0.33551279
6173	0.335852526
6174	0.340490324
6175	0.340687754
6176	0.342098836
6177	0.341032432
6178	0.341769982
6179	0.34234898
6180	0.344034299
6181	0.345421652
6182	0.348053045
6183	0.351501791
6184	0.352671699
6185	0.351371665
6186	0.353533818
6187	0.355486606
6188	0.356737682
6189	0.359594435
6190	0.360828988
6191	0.362413086
6192	0.365259288
6193	0.363584657
6194	0.365531669
6195	0.365663732
6196	0.365473242
6197	0.348262334
6198	0.349374588
6199	0.338167822
6200	0.339361666
6201	0.34350122
6202	0.346233076
6203	0.348130877
6204	0.346730664
6205	0.347417817
6206	0.348319876
6207	0.348868716
6208	0.351039955
6209	0.35128189
6210	0.352737571
6211	0.355697002
6212	0.349595813
6213	0.351069883
6214	0.353698293
6215	0.355027868
6216	0.356316147
6217	0.356790764
6218	0.357782341
6219	0.357612227
6220	0.355821131
6221	0.35749166
6222	0.359584932
6223	0.360466069
6224	0.367218323
6225	0.368429542
6226	0.369239991
6227	0.37108547
6228	0.372094692
6229	0.371888701
6230	0.373198036
6231	0.374235123
6232	0.374435105
6233	0.375621039
6234	0.37614664
6235	0.375186922
6236	0.373266293
6237	0.372849613
6238	0.374535632
6239	0.37343046
6240	0.37561942
6241	0.375654293
6242	0.380692364
6243	0.375112171
6244	0.375610308
6245	0.377207164
6246	0.385137537
6247	0.3853615
6248	0.374526029
6249	0.376020205
6250	0.376779059
6251	0.377207967
6252	0.377973228
6253	0.375229321
6254	0.378341681
6255	0.369541708
6256	0.370533577
6257	0.371169046
6258	0.372013798
6259	0.371791013
6260	0.369490316
6261	0.36962662
6262	0.370771217
6263	0.370740056
6264	0.372521287
6265	0.372321033
6266	0.372970985
6267	0.375615268
6268	0.376907829
6269	0.377984575
6270	0.379289228
6271	0.380803104
6272	0.38115484
6273	0.37165311
6274	0.367303399
6275	0.368356844
6276	0.370657046
6277	0.370623297
6278	0.338018667
6279	0.338807052
6280	0.344385927
6281	0.338152589
6282	0.337626253
6283	0.339642716
6284	0.340279164
6285	0.341732454
6286	0.344308448
6287	0.345301136
6288	0.347867938
6289	0.348553532
6290	0.348787718
6291	0.350832516
6292	0.35164451
6293	0.355394837
6294	0.348053605
6295	0.350929041
6296	0.345676923
6297	0.346891546
6298	0.349349909
6299	0.346703156
6300	0.334228242
6301	0.334200532
6302	0.336402368
6303	0.336950124
6304	0.341434978
6305	0.342511142
6306	0.318991769
6307	0.319282666
6308	0.320934579
6309	0.320108521
6310	0.32295342
6311	0.324391952
6312	0.320177466
6313	0.320923859
6314	0.321869672
6315	0.322005665
6316	0.324372777
6317	0.325977873
6318	0.327637666
6319	0.327567642
6320	0.328972583
6321	0.327850212
6322	0.33186992
6323	0.333718716
6324	0.337998017
6325	0.33909032
6326	0.342868974
6327	0.340340331
6328	0.341062006
6329	0.346094974
6330	0.340272888
6331	0.338387331
6332	0.340049587
6333	0.341058929
6334	0.334620482
6335	0.337299106
6336	0.341336279
6337	0.34305152
6338	0.344310396
6339	0.346465079
6340	0.347615466
6341	0.34834593
6342	0.350709085
6343	0.351244325
6344	0.35328677
6345	0.352131024
6346	0.339112555
6347	0.337998904
6348	0.339766358
6349	0.343309832
6350	0.3466105
6351	0.343433349
6352	0.345051561
6353	0.343291108
6354	0.3452575
6355	0.346992466
6356	0.347063002
6357	0.346867154
6358	0.347274857
6359	0.347644738
6360	0.337522661
6361	0.333779559
6362	0.333491737
6363	0.333159293
6364	0.334438978
6365	0.334835233
6366	0.338459183
6367	0.339721758
6368	0.337314232
6369	0.329537739
6370	0.32279898
6371	0.324375577
6372	0.325633279
6373	0.32970596
6374	0.357266614
6375	0.350069722
6376	0.350544537
6377	0.356091542
6378	0.358069409
6379	0.360053305
6380	0.362120727
6381	0.361153452
6382	0.362154143
6383	0.363051969
6384	0.361657169
6385	0.362240924
6386	0.350330058
6387	0.35600823
6388	0.356099232
6389	0.356187599
6390	0.356520489
6391	0.354328936
6392	0.349469707
6393	0.352052863
6394	0.35352239
6395	0.355416216
6396	0.355988745
6397	0.358914786
6398	0.351304101
6399	0.348460612
6400	0.348001776
6401	0.348285763
6402	0.348856902
6403	0.349417207
6404	0.349556294
6405	0.350275791
6406	0.350735448
6407	0.350816211
6408	0.351754859
6409	0.349674322
6410	0.350159726
6411	0.351395601
6412	0.353321361
6413	0.355717453
6414	0.355759519
6415	0.355392397
6416	0.354174284
6417	0.352441581
6418	0.352072261
6419	0.352259207
6420	0.354293677
6421	0.353027725
6422	0.35480183
6423	0.346045073
6424	0.344483103
6425	0.344419053
6426	0.346721115
6427	0.345104903
6428	0.346113907
6429	0.346116735
6430	0.346508048
6431	0.34722931
6432	0.348492772
6433	0.344846551
6434	0.345612948
6435	0.34493192
6436	0.347051282
6437	0.348646055
6438	0.349624996
6439	0.344536712
6440	0.352885728
6441	0.356479529
6442	0.356984146
6443	0.357498445
6444	0.359934309
6445	0.362858452
6446	0.363340726
6447	0.365596908
6448	0.366651591
6449	0.367048803
6450	0.477477129
6451	0.480598481
6452	0.487255611
6453	0.478800101
6454	0.482844049
6455	0.482628974
6456	0.486232832
6457	0.482988487
6458	0.484224789
6459	0.484437045
6460	0.485475864
6461	0.469940909
6462	0.472863319
6463	0.473796824
6464	0.473643609
6465	0.463607658
6466	0.461615822
6467	0.46415448
6468	0.464019507
6469	0.458734773
6470	0.463039422
6471	0.455320379
6472	0.461705345
6473	0.461720262
6474	0.462476864
6475	0.465579831
6476	0.469818021
6477	0.473745759
6478	0.458630684
6479	0.461486522
6480	0.465268931
6481	0.466830525
6482	0.467280692
6483	0.467981036
6484	0.467574396
6485	0.47007612
6486	0.468094046
6487	0.468667637
6488	0.465539606
6489	0.453879325
6490	0.449362966
6491	0.44737389
6492	0.447999096
6493	0.450486562
6494	0.452913338
6495	0.450519028
6496	0.450944103
6497	0.45475193
6498	0.45721326
6499	0.455286178
6500	0.459974352
6501	0.460901814
6502	0.46544352
6503	0.461057195
6504	0.467697719
6505	0.470128899
6506	0.472390159
6507	0.474469283
6508	0.475635528
6509	0.477264937
6510	0.47889628
6511	0.480019094
6512	0.472474158
6513	0.473312415
6514	0.476108764
6515	0.475030985
6516	0.476262704
6517	0.476516676
6518	0.476589373
6519	0.478168776
6520	0.478533879
6521	0.479446875
6522	0.477566047
6523	0.48131225
6524	0.478057182
6525	0.479146415
6526	0.479191353
6527	0.48031606
6528	0.481352635
6529	0.482471256
6530	0.488312359
6531	0.481394371
6532	0.481415085
6533	0.481622633
6534	0.48162096
6535	0.482739234
6536	0.48453996
6537	0.4844241
6538	0.484935535
6539	0.475905297
6540	0.471364174
6541	0.45868211
6542	0.462021617
6543	0.459984967
6544	0.46038031
6545	0.461657553
6546	0.46505537
6547	0.467518954
6548	0.470451416
6549	0.468884426
6550	0.469204767
6551	0.471234592
6552	0.471550763
6553	0.472132564
6554	0.472815426
6555	0.473143015
6556	0.475756745
6557	0.474993686
6558	0.467563483
6559	0.46779146
6560	0.452486382
6561	0.452732578
6562	0.454722303
6563	0.45052135
6564	0.448282732
6565	0.447891741
6566	0.448810776
6567	0.451029536
6568	0.448967808
6569	0.450632403
6570	0.451542849
6571	0.453151046
6572	0.453949879
6573	0.42644542
6574	0.426547463
6575	0.428276052
6576	0.428270462
6577	0.429323476
6578	0.431089695
6579	0.431312663
6580	0.433317372
6581	0.434557296
6582	0.435939125
6583	0.432100343
6584	0.433300024
6585	0.43006504
6586	0.43051938
6587	0.430339619
6588	0.431429215
6589	0.431929779
6590	0.422864766
6591	0.423021357
6592	0.418031636
6593	0.426381799
6594	0.427105409
6595	0.429936307
6596	0.431502294
6597	0.432678229
6598	0.433202018
6599	0.434638181
6600	0.435102495
6601	0.434795661
6602	0.436406268
6603	0.427608936
6604	0.428185456
6605	0.430285102
6606	0.43328947
6607	0.43318398
6608	0.446754042
6609	0.444952372
6610	0.445037187
6611	0.448118905
6612	0.448938821
6613	0.450254148
6614	0.450554924
6615	0.452564219
6616	0.454875403
6617	0.456356047
6618	0.45771456
6619	0.459917869
6620	0.460991657
6621	0.46235436
6622	0.456433026
6623	0.455506713
6624	0.453299847
6625	0.453932492
6626	0.453370405
6627	0.456610812
6628	0.457626248
6629	0.458221308
6630	0.458929543
6631	0.449343262
6632	0.447575948
6633	0.440417211
6634	0.441006386
6635	0.441966613
6636	0.443103387
6637	0.442945281
6638	0.445173843
6639	0.445335043
6640	0.448245987
6641	0.45132699
6642	0.451243927
6643	0.449128478
6644	0.451779303
6645	0.459291935
6646	0.45577999
6647	0.454853192
6648	0.459570069
6649	0.455324135
6650	0.458012567
6651	0.459160062
6652	0.459307419
6653	0.457148197
6654	0.457210562
6655	0.458135441
6656	0.45846315
6657	0.458693395
6658	0.445761638
6659	0.446410085
6660	0.446487545
6661	0.446578826
6662	0.446876487
6663	0.448111981
6664	0.448349314
6665	0.44892949
6666	0.449737681
6667	0.449954858
6668	0.445913794
6669	0.438405484
6670	0.429440932
6671	0.428595046
6672	0.427507108
6673	0.428216545
6674	0.426807441
6675	0.431859133
6676	0.432024143
6677	0.430113391
6678	0.425849076
6679	0.425884232
6680	0.420801883
6681	0.422760613
6682	0.422600519
6683	0.423498376
6684	0.420720185
6685	0.421582314
6686	0.422083278
6687	0.410382431
6688	0.406579338
6689	0.408091674
6690	0.41122035
6691	0.413408746
6692	0.414302953
6693	0.40759242
6694	0.408775636
6695	0.410933082
6696	0.413123803
6697	0.408538786
6698	0.409079431
6699	0.410476712
6700	0.410872899
6701	0.412847982
6702	0.4141338
6703	0.414114269
6704	0.411420087
6705	0.409297933
6706	0.411187252
6707	0.407784737
6708	0.407786867
6709	0.409413628
6710	0.403489887
6711	0.404050588
6712	0.403459339
6713	0.406651532
6714	0.408944336
6715	0.409977513
6716	0.410511358
6717	0.40254003
6718	0.414128598
6719	0.414718719
6720	0.415381525
6721	0.417419783
6722	0.412225302
6723	0.411279539
6724	0.412322687
6725	0.413784421
6726	0.415713267
6727	0.417588205
6728	0.420593764
6729	0.422911241
6730	0.419264776
6731	0.420335655
6732	0.421620819
6733	0.422178864
6734	0.42374522
6735	0.424820652
6736	0.426142247
6737	0.426847504
6738	0.42765635
6739	0.432673575
6740	0.434096442
6741	0.434003534
6742	0.433475415
6743	0.434029743
6744	0.423682383
6745	0.425538681
6746	0.427056055
6747	0.426956821
6748	0.413010136
6749	0.405332529
6750	0.405457755
6751	0.397536594
6752	0.400324308
6753	0.39774909
6754	0.397803193
6755	0.39861483
6756	0.40196005
6757	0.401495123
6758	0.404665398
6759	0.406042791
6760	0.407916076
6761	0.393717718
6762	0.394353951
6763	0.398485588
6764	0.397314588
6765	0.399219355
6766	0.400291956
6767	0.399157317
6768	0.402599285
6769	0.399884707
6770	0.401097775
6771	0.40528088
6772	0.406581702
6773	0.408210187
6774	0.410614391
6775	0.408812487
6776	0.402951565
6777	0.404253252
6778	0.406008848
6779	0.407869098
6780	0.404070829
6781	0.404919275
6782	0.404189287
6783	0.405776015
6784	0.40706358
6785	0.40751895
6786	0.410580079
6787	0.412159349
6788	0.402810422
6789	0.403157069
6790	0.400182788
6791	0.395688096
6792	0.397785984
6793	0.400051806
6794	0.401807264
6795	0.403845433
6796	0.407503493
6797	0.408250984
6798	0.409391662
6799	0.41137446
6800	0.406100506
6801	0.405670006
6802	0.406146559
6803	0.404378231
6804	0.405429232
6805	0.402921025
6806	0.403779391
6807	0.396811342
6808	0.399596923
6809	0.402188061
6810	0.402118849
6811	0.403271641
6812	0.403112438
6813	0.404877226
6814	0.405464468
6815	0.407478492
6816	0.407830264
6817	0.379583686
6818	0.380197408
6819	0.380465494
6820	0.388201225
6821	0.379115976
6822	0.380689987
6823	0.379663933
6824	0.380030755
6825	0.380540363
6826	0.383930889
6827	0.385693958
6828	0.369335583
6829	0.369076363
6830	0.367300043
6831	0.366601223
6832	0.366803376
6833	0.363716941
6834	0.363741362
6835	0.363345726
6836	0.3661144
6837	0.366841846
6838	0.364771379
6839	0.366372697
6840	0.367214031
6841	0.363194035
6842	0.366188997
6843	0.370185213
6844	0.37005683
6845	0.373925254
6846	0.376133948
6847	0.376611107
6848	0.378131483
6849	0.377236938
6850	0.37766721
6851	0.379798176
6852	0.379714552
6853	0.379772355
6854	0.382113202
6855	0.378550814
6856	0.378527697
6857	0.376776151
6858	0.38108061
6859	0.377935282
6860	0.376313373
6861	0.378605516
6862	0.378967238
6863	0.383847673
6864	0.385051812
6865	0.382956472
6866	0.385103141
6867	0.388264322
6868	0.386602947
6869	0.39117834
6870	0.395972309
6871	0.396771062
6872	0.398492989
6873	0.401441557
6874	0.401435355
6875	0.401448098
6876	0.402883822
6877	0.397615998
6878	0.401076428
6879	0.393763369
6880	0.393760702
6881	0.39899432
6882	0.3989693
6883	0.399943054
6884	0.400905362
6885	0.403866149
6886	0.404357772
6887	0.405045022
6888	0.406796688
6889	0.407069784
6890	0.411997209
6891	0.412508898
6892	0.414514928
6893	0.415486181
6894	0.41613365
6895	0.417169372
6896	0.411401374
6897	0.408477111
6898	0.410015035
6899	0.411282551
6900	0.411918918
6901	0.413116919
6902	0.414255949
6903	0.415994291
6904	0.416709145
6905	0.417185467
6906	0.416450938
6907	0.41794366
6908	0.418157755
6909	0.420240698
6910	0.419796467
6911	0.419216489
6912	0.419610619
6913	0.419856763
6914	0.418778439
6915	0.419462797
6916	0.419814865
6917	0.421935
6918	0.423338051
6919	0.423893755
6920	0.423790047
6921	0.420763113
6922	0.420861325
6923	0.421250612
6924	0.419623627
6925	0.412558551
6926	0.407821518
6927	0.416437034
6928	0.416456445
6929	0.417742278
6930	0.41077497
6931	0.412384355
6932	0.413827929
6933	0.415489699
6934	0.399145921
6935	0.400545494
6936	0.402606424
6937	0.402502323
6938	0.403372205
6939	0.403286619
6940	0.395364657
6941	0.397083498
6942	0.399170952
6943	0.400464543
6944	0.402227254
6945	0.403080184
6946	0.405912184
6947	0.409416206
6948	0.409682239
6949	0.404488392
6950	0.407695865
6951	0.409318788
6952	0.369464187
6953	0.372342308
6954	0.363181804
6955	0.364926756
6956	0.364836338
6957	0.367268525
6958	0.36841415
6959	0.372126506
6960	0.372903833
6961	0.372296204
6962	0.373691844
6963	0.374276767
6964	0.379472
6965	0.380356669
6966	0.381126609
6967	0.383353864
6968	0.384797734
6969	0.385830949
6970	0.38613232
6971	0.38250645
6972	0.384905672
6973	0.385537106
6974	0.376919489
6975	0.378103322
6976	0.376764219
6977	0.375312167
6978	0.376555554
6979	0.375902211
6980	0.37857709
6981	0.379631792
6982	0.368124604
6983	0.366744918
6984	0.362146729
6985	0.364701463
6986	0.366894627
6987	0.354471766
6988	0.358223374
6989	0.359057727
6990	0.361765739
6991	0.371426325
6992	0.373316281
6993	0.375629728
6994	0.377028126
6995	0.369726213
6996	0.370152838
6997	0.373455079
6998	0.367266543
6999	0.357880998
7000	0.357635269
7001	0.358451847
7002	0.361570765
7003	0.363267401
7004	0.364769369
7005	0.359628697
7006	0.355572627
7007	0.354715994
7008	0.353486545
7009	0.357601906
7010	0.358737571
7011	0.368397185
7012	0.36651536
7013	0.367266908
7014	0.369119515
7015	0.352696374
7016	0.351636555
7017	0.353467892
7018	0.358588815
7019	0.359976849
7020	0.362435683
7021	0.365620769
7022	0.368352159
7023	0.371262121
7024	0.372216012
7025	0.371913981
7026	0.375060157
7027	0.372738388
7028	0.374304674
7029	0.375256324
7030	0.377037995
7031	0.378249416
7032	0.379645685
7033	0.383018507
7034	0.374906013
7035	0.378616668
7036	0.381158775
7037	0.382563556
7038	0.381731446
7039	0.382816393
7040	0.383661976
7041	0.384656221
7042	0.387133241
7043	0.389949925
7044	0.388027879
7045	0.388180063
7046	0.389555762
7047	0.390513391
7048	0.396296102
7049	0.398345042
7050	0.399504213
7051	0.399858959
7052	0.400419923
7053	0.400659573
7054	0.399619999
7055	0.394206445
7056	0.396645589
7057	0.395083077
7058	0.394822721
7059	0.395556176
7060	0.398886183
7061	0.399393722
7062	0.399128193
7063	0.380479055
7064	0.381928515
7065	0.37796261
7066	0.376177181
7067	0.376588737
7068	0.380647085
7069	0.382445247
7070	0.380885101
7071	0.382933823
7072	0.384657988
7073	0.385710691
7074	0.386994136
7075	0.388212881
7076	0.378655992
7077	0.372740427
7078	0.374952743
7079	0.376291966
7080	0.377123182
7081	0.378556307
7082	0.381180467
7083	0.385989382
7084	0.377704429
7085	0.376961485
7086	0.380375335
7087	0.382051806
7088	0.385730864
7089	0.384762025
7090	0.385852576
7091	0.387824479
7092	0.385562017
7093	0.380171795
7094	0.382693062
7095	0.38558819
7096	0.389810608
7097	0.393952218
7098	0.394364439
7099	0.388418185
7100	0.386221845
7101	0.388480428
7102	0.38276847
7103	0.383843083
7104	0.385739338
7105	0.382215451
7106	0.384233516
7107	0.379208933
7108	0.380359635
7109	0.382945668
7110	0.377819953
7111	0.382526183
7112	0.387125197
7113	0.393326965
7114	0.392496822
7115	0.393463344
7116	0.394703536
7117	0.397691014
7118	0.396382969
7119	0.39531195
7120	0.395434753
7121	0.396862684
7122	0.396407978
7123	0.395459119
7124	0.394935512
7125	0.395406235
7126	0.3951146
7127	0.387866509
7128	0.389094508
7129	0.39248129
7130	0.393067009
7131	0.393543854
7132	0.395609564
7133	0.397008093
7134	0.398305989
7135	0.399867244
7136	0.375912753
7137	0.376897563
7138	0.37625989
7139	0.373633697
7140	0.374508521
7141	0.373002774
7142	0.375113732
7143	0.375780851
7144	0.376044511
7145	0.376538989
7146	0.375801079
7147	0.375353875
7148	0.377159806
7149	0.373361689
7150	0.374000211
7151	0.375328923
7152	0.377737156
7153	0.37841907
7154	0.375423502
7155	0.37709441
7156	0.378331369
7157	0.378461489
7158	0.37837401
7159	0.378919511
7160	0.379199409
7161	0.379175284
7162	0.372342387
7163	0.373200168
7164	0.354752352
7165	0.3559719
7166	0.355941429
7167	0.352641691
7168	0.354935881
7169	0.357447556
7170	0.359216663
7171	0.358402445
7172	0.354487761
7173	0.352164099
7174	0.336818121
7175	0.339021374
7176	0.339206916
7177	0.341257878
7178	0.346343573
7179	0.347667994
7180	0.348278537
7181	0.348944979
7182	0.3488625
7183	0.348237345
7184	0.346662102
7185	0.347620647
7186	0.349083158
7187	0.350271517
7188	0.352245536
7189	0.352784151
7190	0.35032724
7191	0.351210654
7192	0.352625714
7193	0.353082985
7194	0.353446226
7195	0.353629556
7196	0.356041365
7197	0.345456963
7198	0.349792243
7199	0.351264374
7200	0.346031455
7201	0.35047271
7202	0.352194932
7203	0.352160983
7204	0.353759523
7205	0.354966244
7206	0.359161108
7207	0.359979136
7208	0.360363503
7209	0.362085488
7210	0.363490194
7211	0.364162967
7212	0.364639181
7213	0.366372029
7214	0.366589446
7215	0.366888125
7216	0.367794478
7217	0.369075389
7218	0.36500564
7219	0.366193865
7220	0.367478676
7221	0.353445601
7222	0.354746251
7223	0.354082396
7224	0.356794712
7225	0.356860269
7226	0.354965887
7227	0.354556283
7228	0.356209869
7229	0.356853342
7230	0.346554262
7231	0.34724338
7232	0.34814775
7233	0.34768883
7234	0.348736429
7235	0.351882402
7236	0.352253427
7237	0.340335537
7238	0.34087768
7239	0.340108617
7240	0.338938821
7241	0.342362381
7242	0.343812998
7243	0.347985799
7244	0.346017345
7245	0.349113202
7246	0.34833932
7247	0.350640781
7248	0.353424459
7249	0.352178473
7250	0.351377818
7251	0.350813662
7252	0.347285999
7253	0.348257102
7254	0.344262931
7255	0.342589803
7256	0.346678763
7257	0.348454214
7258	0.351672464
7259	0.352767092
7260	0.357002063
7261	0.34974203
7262	0.352832511
7263	0.350009781
7264	0.351137841
7265	0.352611313
7266	0.35411352
7267	0.355342858
7268	0.353846744
7269	0.352286487
7270	0.342332285
7271	0.345882112
7272	0.347628159
7273	0.347631559
7274	0.356649641
7275	0.35847921
7276	0.366263315
7277	0.362411387
7278	0.353536335
7279	0.346465544
7280	0.351138204
7281	0.353238435
7282	0.347529143
7283	0.347913729
7284	0.348508523
7285	0.349906635
7286	0.350695203
7287	0.357302646
7288	0.358871861
7289	0.357898579
7290	0.358541234
7291	0.359584479
7292	0.354212658
7293	0.354151479
7294	0.351283138
7295	0.347699452
7296	0.349657345
7297	0.352381719
7298	0.351753194
7299	0.352385856
7300	0.354311093
7301	0.356388017
7302	0.354267209
7303	0.352693683
7304	0.348140139
7305	0.349343768
7306	0.352371671
7307	0.359417472
7308	0.359286665
7309	0.359732571
7310	0.346022276
7311	0.347325028
7312	0.347533921
7313	0.348498274
7314	0.34532817
7315	0.343525565
7316	0.345382169
7317	0.348190057
7318	0.348768708
7319	0.351143113
7320	0.346455506
7321	0.348954345
7322	0.349725
7323	0.351582621
7324	0.352339073
7325	0.353999003
7326	0.354863585
7327	0.355741858
7328	0.357676351
7329	0.356037842
7330	0.357150586
7331	0.356544972
7332	0.355825117
7333	0.359559253
7334	0.340376554
7335	0.342033673
7336	0.342517038
7337	0.344722113
7338	0.340266855
7339	0.341958075
7340	0.344628762
7341	0.337847642
7342	0.345296673
7343	0.348728623
7344	0.349202024
7345	0.350430906
7346	0.347869599
7347	0.34591278
7348	0.34027725
7349	0.341451918
7350	0.342322047
7351	0.31491271
7352	0.316077983
7353	0.317299194
7354	0.314905745
7355	0.309006504
7356	0.311179431
7357	0.312893988
7358	0.316464284
7359	0.317135061
7360	0.321050581
7361	0.318668997
7362	0.322565979
7363	0.326887843
7364	0.327496341
7365	0.328801538
7366	0.330034773
7367	0.331683208
7368	0.335413283
7369	0.334663378
7370	0.328807545
7371	0.330485384
7372	0.332957464
7373	0.332236479
7374	0.333634357
7375	0.33499547
7376	0.333082789
7377	0.333555604
7378	0.333872672
7379	0.337181188
7380	0.335027318
7381	0.333107932
7382	0.333123696
7383	0.336013768
7384	0.335032846
7385	0.337541649
7386	0.337958838
7387	0.338248532
7388	0.341701149
7389	0.347636916
7390	0.347870919
7391	0.350012278
7392	0.352174329
7393	0.352401706
7394	0.353284324
7395	0.354777856
7396	0.356364201
7397	0.358000041
7398	0.357913944
7399	0.359137043
7400	0.359538458
7401	0.360358699
7402	0.361225442
7403	0.35550467
7404	0.357513922
7405	0.354901767
7406	0.355314801
7407	0.350106251
7408	0.340203657
7409	0.338608749
7410	0.341962414
7411	0.342763972
7412	0.334888963
7413	0.336799362
7414	0.337696366
7415	0.340310272
7416	0.342891094
7417	0.344197013
7418	0.346254939
7419	0.348013941
7420	0.34801951
7421	0.350279399
7422	0.350242138
7423	0.351027328
7424	0.353987591
7425	0.354626359
7426	0.35372526
7427	0.346578179
7428	0.346505296
7429	0.358494187
7430	0.356954604
7431	0.35960271
7432	0.359614228
7433	0.361348145
7434	0.356158677
7435	0.357601895
7436	0.357522855
7437	0.358204784
7438	0.358077324
7439	0.356267293
7440	0.360310974
7441	0.350122439
7442	0.351343681
7443	0.355556153
7444	0.352884743
7445	0.347155689
7446	0.347961995
7447	0.345604323
7448	0.346862216
7449	0.348892313
7450	0.349559848
7451	0.349539668
7452	0.349346952
7453	0.351312017
7454	0.350299954
7455	0.352537773
7456	0.346062733
7457	0.347551611
7458	0.348320597
7459	0.344760969
7460	0.343237527
7461	0.344401388
7462	0.347103485
7463	0.348668781
7464	0.351035197
7465	0.355465487
7466	0.359269707
7467	0.360031543
7468	0.359192939
7469	0.359522054
7470	0.36096373
7471	0.361618374
7472	0.363066886
7473	0.36347419
7474	0.362866374
7475	0.363932932
7476	0.363262806
7477	0.362467387
7478	0.362671875
7479	0.364289956
7480	0.363177736
7481	0.363709361
7482	0.364657852
7483	0.365380002
7484	0.351485875
7485	0.351646902
7486	0.348028069
7487	0.346378899
7488	0.346523315
7489	0.345587719
7490	0.343265693
7491	0.343488247
7492	0.345254314
7493	0.341054815
7494	0.335139573
7495	0.3354862
7496	0.336660645
7497	0.336934971
7498	0.339095853
7499	0.337867068
7500	0.337609577
7501	0.340177617
7502	0.334362988
7503	0.333223185
7504	0.334528859
7505	0.334412744
7506	0.334601831
7507	0.326720569
7508	0.325946711
7509	0.327194641
7510	0.324212909
7511	0.320759766
7512	0.322110805
7513	0.322036412
7514	0.321671507
7515	0.325093726
7516	0.327955603
7517	0.330116682
7518	0.330189398
7519	0.329222331
7520	0.324313862
7521	0.326496551
7522	0.326186039
7523	0.32480417
7524	0.328315147
7525	0.331622175
7526	0.33223093
7527	0.323021325
7528	0.3184833
7529	0.322588261
7530	0.325044933
7531	0.331857071
7532	0.330627872
7533	0.323279389
7534	0.326565013
7535	0.329959221
7536	0.329569395
7537	0.333263799
7538	0.334173916
7539	0.335342599
7540	0.329879903
7541	0.33108256
7542	0.320233987
7543	0.325394241
7544	0.326606253
7545	0.328106854
7546	0.329969718
7547	0.332524824
7548	0.332687754
7549	0.331655492
7550	0.328620583
7551	0.327214264
7552	0.32756507
7553	0.326959239
7554	0.318734499
7555	0.31900022
7556	0.320247068
7557	0.321364557
7558	0.321882707
7559	0.322482554
7560	0.322678715
7561	0.322195875
7562	0.318894028
7563	0.319618854
7564	0.321892349
7565	0.32225024
7566	0.318194481
7567	0.316654544
7568	0.317109287
7569	0.318075
7570	0.319110823
7571	0.319055116
7572	0.321527408
7573	0.320021878
7574	0.322943616
7575	0.324720255
7576	0.327778365
7577	0.326672218
7578	0.318192946
7579	0.319376655
7580	0.32319521
7581	0.319827185
7582	0.323697992
7583	0.322683687
7584	0.325995372
7585	0.326533238
7586	0.320811545
7587	0.322705345
7588	0.323454246
7589	0.327628242
7590	0.330151943
7591	0.329095437
7592	0.331575862
7593	0.33134071
7594	0.333419258
7595	0.33134122
7596	0.329644447
7597	0.33168295
7598	0.333510067
7599	0.335199298
7600	0.335258423
7601	0.336472049
7602	0.338835948
7603	0.336367641
7604	0.336875272
7605	0.337381808
7606	0.339236919
7607	0.339751591
7608	0.341488548
7609	0.344881637
7610	0.346099975
7611	0.346059724
7612	0.348460879
7613	0.348443773
7614	0.347081059
7615	0.347163624
7616	0.348400372
7617	0.34829278
7618	0.349772109
7619	0.350780155
7620	0.35262144
7621	0.354740471
7622	0.355009226
7623	0.356816842
7624	0.357097952
7625	0.35585873
7626	0.351337142
7627	0.351701102
7628	0.349082875
7629	0.35007567
7630	0.351139224
7631	0.351269641
7632	0.3579006
7633	0.361265797
7634	0.368087782
7635	0.372875106
7636	0.374152918
7637	0.372724542
7638	0.371515928
7639	0.371332596
7640	0.370847804
7641	0.370911814
7642	0.367182362
7643	0.367606205
7644	0.36913734
7645	0.368176504
7646	0.367258642
7647	0.367726467
7648	0.367914312
7649	0.359319849
7650	0.354491511
7651	0.354920588
7652	0.354289212
7653	0.356233482
7654	0.359078804
7655	0.363232985
7656	0.363370636
7657	0.361693801
7658	0.36191489
7659	0.361609548
7660	0.35253919
7661	0.353230981
7662	0.349977648
7663	0.350812703
7664	0.354815439
7665	0.355860227
7666	0.355771822
7667	0.354974675
7668	0.355222709
7669	0.354080895
7670	0.354371401
7671	0.354486557
7672	0.354702726
7673	0.349093154
7674	0.349533893
7675	0.35028033
7676	0.350904057
7677	0.350536873
7678	0.350697512
7679	0.3518389
7680	0.346415705
7681	0.344738725
7682	0.341712594
7683	0.344987331
7684	0.345258971
7685	0.345920879
7686	0.343337554
7687	0.345788596
7688	0.332555595
7689	0.316881877
7690	0.316829538
7691	0.316454763
7692	0.319386816
7693	0.319720667
7694	0.314888744
7695	0.315826656
7696	0.316440181
7697	0.314397117
7698	0.3147527
7699	0.31525916
7700	0.317655505
7701	0.317059816
7702	0.315101142
7703	0.315583225
7704	0.316706147
7705	0.316523268
7706	0.308956657
7707	0.310271294
7708	0.298726933
7709	0.292591687
7710	0.296403156
7711	0.299507847
7712	0.300586242
7713	0.303011629
7714	0.303329507
7715	0.306172127
7716	0.306260638
7717	0.307227241
7718	0.307040281
7719	0.307631324
7720	0.309203539
7721	0.30916536
7722	0.310407168
7723	0.310317137
7724	0.314377025
7725	0.316657995
7726	0.318451161
7727	0.320258505
7728	0.320946239
7729	0.322794819
7730	0.323588203
7731	0.321471458
7732	0.322262804
7733	0.322595386
7734	0.316941761
7735	0.317198283
7736	0.319228628
7737	0.320048507
7738	0.319644523
7739	0.320012808
7740	0.317209419
7741	0.316374198
7742	0.317100824
7743	0.317157182
7744	0.319330718
7745	0.322954175
7746	0.323415747
7747	0.320563716
7748	0.320950651
7749	0.323470158
7750	0.326200371
7751	0.330159506
7752	0.328263035
7753	0.326949643
7754	0.328106509
7755	0.330510458
7756	0.331057538
7757	0.331766542
7758	0.331455785
7759	0.33348909
7760	0.335733789
7761	0.337224698
7762	0.336129069
7763	0.336548085
7764	0.333344118
7765	0.33538738
7766	0.335182117
7767	0.335052726
7768	0.338131795
7769	0.339184271
7770	0.339832464
7771	0.340018134
7772	0.336426634
7773	0.32552604
7774	0.318193484
7775	0.320115675
7776	0.321108007
7777	0.322252599
7778	0.32360503
7779	0.320165653
7780	0.320899574
7781	0.321790795
7782	0.322844948
7783	0.323021255
7784	0.323990365
7785	0.324381633
7786	0.323771155
7787	0.324177074
7788	0.319131329
7789	0.320185929
7790	0.324596851
7791	0.325303538
7792	0.320321197
7793	0.322303831
7794	0.321070873
7795	0.321365589
7796	0.312867167
7797	0.311061326
7798	0.312341218
7799	0.314481722
7800	0.317880378
7801	0.318227215
7802	0.32119414
7803	0.31685445
7804	0.307187478
7805	0.308547668
7806	0.332356562
7807	0.335172149
7808	0.335471525
7809	0.336236226
7810	0.337988388
7811	0.338879346
7812	0.338891399
7813	0.340054832
7814	0.341829904
7815	0.342016293
7816	0.323923334
7817	0.32528376
7818	0.325082434
7819	0.325621733
7820	0.324508756
7821	0.32603705
7822	0.326805622
7823	0.323472826
7824	0.325885462
7825	0.335470034
7826	0.334014214
7827	0.335053878
7828	0.334580938
7829	0.334736857
7830	0.335260165
7831	0.337491438
7832	0.336508724
7833	0.324574531
7834	0.326373619
7835	0.328124805
7836	0.329569472
7837	0.331791476
7838	0.326397885
7839	0.324606521
7840	0.322864942
7841	0.323083643
7842	0.325552804
7843	0.325850598
7844	0.328742545
7845	0.329355883
7846	0.331115504
7847	0.337255669
7848	0.337654072
7849	0.337502699
7850	0.337828701
7851	0.328716754
7852	0.330204447
7853	0.330133324
7854	0.329145799
7855	0.331250182
7856	0.331931091
7857	0.33298531
7858	0.334666174
7859	0.33578169
7860	0.336467486
7861	0.336348176
7862	0.337238037
7863	0.339066699
7864	0.340367605
7865	0.341829297
7866	0.336574024
7867	0.337924228
7868	0.334153906
7869	0.341253179
7870	0.334948535
7871	0.331303906
7872	0.332193057
7873	0.326716071
7874	0.327789261
7875	0.320193825
7876	0.321183051
7877	0.322683349
7878	0.323333325
7879	0.322488258
7880	0.322990087
7881	0.326348275
7882	0.322547405
7883	0.325548646
7884	0.326701894
7885	0.337922888
7886	0.338908194
7887	0.339851145
7888	0.340380662
7889	0.341655633
7890	0.341999678
7891	0.342257754
7892	0.344138861
7893	0.345271096
7894	0.345403664
7895	0.340174833
7896	0.337274676
7897	0.337670729
7898	0.340031719
7899	0.341989495
7900	0.342938673
7901	0.340941464
7902	0.342896556
7903	0.343008852
7904	0.343019069
7905	0.342908999
7906	0.340771334
7907	0.342456005
7908	0.342302897
7909	0.344838721
7910	0.344927551
7911	0.345053677
7912	0.347788478
7913	0.347943591
7914	0.348652127
7915	0.349076666
7916	0.351019728
7917	0.351407728
7918	0.351402658
7919	0.352777892
7920	0.350882445
7921	0.351259775
7922	0.351438948
7923	0.351259779
7924	0.352801749
7925	0.34372383
7926	0.347816278
7927	0.351396033
7928	0.343162472
7929	0.34508937
7930	0.346320391
7931	0.347997625
7932	0.346781169
7933	0.349772599
7934	0.350700271
7935	0.348889545
7936	0.342343171
7937	0.337185839
7938	0.337655093
7939	0.344179282
7940	0.341366189
7941	0.3422002
7942	0.344838894
7943	0.345695213
7944	0.343354083
7945	0.347278977
7946	0.343719089
7947	0.341550791
7948	0.341028897
7949	0.343550932
7950	0.343115445
7951	0.344243647
7952	0.34459547
7953	0.344792614
7954	0.344204373
7955	0.340858151
7956	0.341339649
7957	0.341756761
7958	0.333387377
7959	0.329947689
7960	0.331727263
7961	0.332080608
7962	0.33263926
7963	0.333791052
7964	0.333951013
7965	0.334538943
7966	0.335176563
7967	0.340299616
7968	0.34615268
7969	0.346588647
7970	0.347856578
7971	0.347914901
7972	0.347834496
7973	0.340732868
7974	0.339812417
7975	0.339507391
7976	0.340294119
7977	0.340505154
7978	0.340508673
7979	0.342609615
7980	0.347403618
7981	0.347673044
7982	0.348433792
7983	0.348506322
7984	0.351458345
7985	0.350775139
7986	0.346722013
7987	0.347987567
7988	0.352830782
7989	0.357459056
7990	0.357482031
7991	0.356230198
7992	0.356117303
7993	0.360085677
7994	0.360375813
7995	0.361086687
7996	0.361161704
7997	0.364194881
7998	0.36676839
7999	0.367220086
8000	0.368415148
8001	0.368487186
8002	0.36886876
8003	0.367111376
8004	0.367489685
8005	0.362788727
8006	0.361329141
8007	0.360714361
8008	0.361351719
8009	0.355263934
8010	0.356391849
8011	0.356040866
8012	0.357316866
8013	0.350247361
8014	0.325212518
8015	0.325613011
8016	0.324290021
8017	0.32521444
8018	0.32529187
8019	0.320312499
8020	0.31616532
8021	0.316459516
8022	0.319133272
8023	0.322412305
8024	0.319408
8025	0.321831249
8026	0.323867844
8027	0.324879135
8028	0.325999864
8029	0.326546897
8030	0.345203688
8031	0.346683858
8032	0.346938369
8033	0.347094439
8034	0.340350571
8035	0.34097536
8036	0.339760322
8037	0.340533244
8038	0.340944172
8039	0.342321939
8040	0.344053422
8041	0.347077698
8042	0.347895557
8043	0.348069974
8044	0.34808095
8045	0.343400406
8046	0.342369631
8047	0.34048591
8048	0.341321318
8049	0.342893725
8050	0.343786516
8051	0.344106347
8052	0.344206107
8053	0.3411893
8054	0.325473355
8055	0.323091867
8056	0.323056045
8057	0.322335732
8058	0.32469268
8059	0.319457671
8060	0.318281202
8061	0.309784749
8062	0.300714246
8063	0.301322656
8064	0.303431961
8065	0.303698884
8066	0.306668934
8067	0.307927805
8068	0.3070611
8069	0.308954025
8070	0.298882444
8071	0.301652052
8072	0.305090381
8073	0.30562942
8074	0.30569062
8075	0.304346285
8076	0.306518454
8077	0.307269494
8078	0.308161395
8079	0.311092364
8080	0.312133632
8081	0.314120939
8082	0.314707766
8083	0.319137027
8084	0.32193485
8085	0.322513986
8086	0.324134464
8087	0.325108251
8088	0.327799205
8089	0.32805351
8090	0.328364195
8091	0.33014123
8092	0.330020069
8093	0.330331508
8094	0.331480483
8095	0.331750444
8096	0.331126709
8097	0.328863482
8098	0.330213063
8099	0.326006938
8100	0.326449132
8101	0.327288415
8102	0.321520561
8103	0.321547888
8104	0.321422308
8105	0.320550529
8106	0.322665779
8107	0.328104712
8108	0.331445976
8109	0.32797517
8110	0.328508478
8111	0.329171019
8112	0.332455653
8113	0.333605046
8114	0.335053128
8115	0.332218109
8116	0.334619007
8117	0.334587683
8118	0.336929467
8119	0.338511902
8120	0.339746976
8121	0.340248801
8122	0.335476176
8123	0.338910253
8124	0.340280465
8125	0.34046639
8126	0.340926528
8127	0.340199874
8128	0.33987042
8129	0.3416645
8130	0.339557137
8131	0.340637088
8132	0.338950552
8133	0.329753824
8134	0.331481051
8135	0.332276131
8136	0.333463197
8137	0.334620755
8138	0.335803627
8139	0.328353312
8140	0.32551016
8141	0.326365707
8142	0.325505787
8143	0.325439475
8144	0.329269813
8145	0.329398928
8146	0.333062491
8147	0.333299724
8148	0.335885528
8149	0.316187337
8150	0.313513141
8151	0.317377703
8152	0.317853076
8153	0.316000392
8154	0.317301355
8155	0.317900844
8156	0.317415899
8157	0.31887195
8158	0.32053517
8159	0.313644056
8160	0.315461724
8161	0.315883795
8162	0.315723779
8163	0.31600625
8164	0.316274063
8165	0.316879405
8166	0.318419566
8167	0.32103307
8168	0.32367926
8169	0.321984893
8170	0.325394502
8171	0.323615163
8172	0.323807737
8173	0.321791941
8174	0.322297843
8175	0.323481744
8176	0.321667412
8177	0.326967333
8178	0.326917528
8179	0.33051401
8180	0.321192095
8181	0.323285854
8182	0.324882294
8183	0.325312241
8184	0.324808266
8185	0.326775961
8186	0.32085922
8187	0.322756412
8188	0.324293689
8189	0.324561888
8190	0.325643558
8191	0.327199504
8192	0.328506051
8193	0.329655635
8194	0.32976515
8195	0.331099981
8196	0.329781495
8197	0.329924264
8198	0.33100391
8199	0.330474081
8200	0.33057181
8201	0.322359748
8202	0.322288098
8203	0.325518705
8204	0.327384821
8205	0.320043839
8206	0.320369558
8207	0.320805197
8208	0.322741729
8209	0.322062898
8210	0.322315777
8211	0.321706957
8212	0.314786838
8213	0.318772593
8214	0.310514643
8215	0.307058347
8216	0.308287763
8217	0.309992232
8218	0.309998797
8219	0.311660077
8220	0.311778705
8221	0.308273525
8222	0.308711271
8223	0.307766201
8224	0.307494479
8225	0.30944603
8226	0.313266204
8227	0.308096021
8228	0.304525361
8229	0.306219562
8230	0.307676991
8231	0.307389856
8232	0.309589915
8233	0.30977888
8234	0.308716043
8235	0.309295758
8236	0.30948317
8237	0.311673576
8238	0.314764916
8239	0.314888615
8240	0.315729062
8241	0.312808331
8242	0.315878393
8243	0.317101905
8244	0.319315217
8245	0.321039616
8246	0.320399048
8247	0.32193063
8248	0.322741677
8249	0.322283323
8250	0.322618472
8251	0.3138779
8252	0.315177175
8253	0.315696586
8254	0.316950286
8255	0.316237369
8256	0.319017186
8257	0.301978448
8258	0.302270739
8259	0.303158591
8260	0.303880554
8261	0.313387688
8262	0.315176137
8263	0.312813809
8264	0.313228435
8265	0.316757099
8266	0.318503858
8267	0.319573902
8268	0.323472919
8269	0.323635064
8270	0.326370955
8271	0.328707748
8272	0.327112167
8273	0.313456301
8274	0.307701416
8275	0.31268039
8276	0.313495072
8277	0.313695807
8278	0.315426616
8279	0.317286982
8280	0.319971919
8281	0.322131344
8282	0.321747337
8283	0.322812823
8284	0.323390241
8285	0.323855482
8286	0.325972048
8287	0.323029042
8288	0.324326704
8289	0.323289082
8290	0.305157884
8291	0.304865272
8292	0.306821785
8293	0.30976616
8294	0.310978895
8295	0.30954578
8296	0.3117162
8297	0.312957757
8298	0.311734173
8299	0.313301052
8300	0.315374136
8301	0.31568406
8302	0.316263388
8303	0.315480583
8304	0.30357642
8305	0.300123492
8306	0.300991933
8307	0.302143155
8308	0.302189906
8309	0.305708876
8310	0.307617851
8311	0.309729759
8312	0.310569794
8313	0.311785287
8314	0.302168105
8315	0.291682472
8316	0.287744666
8317	0.289377341
8318	0.29110623
8319	0.291742692
8320	0.290865343
8321	0.290814151
8322	0.290689381
8323	0.291827643
8324	0.291999654
8325	0.292669592
8326	0.296166353
8327	0.299047756
8328	0.297811652
8329	0.29997057
8330	0.294630355
8331	0.297582436
8332	0.296054811
8333	0.291675648
8334	0.293339319
8335	0.297315638
8336	0.299687782
8337	0.298228356
8338	0.298090777
8339	0.301586599
8340	0.302427085
8341	0.309409812
8342	0.306015284
8343	0.309872864
8344	0.31224938
8345	0.321467358
8346	0.324999515
8347	0.320836012
8348	0.320891788
8349	0.319176934
8350	0.320400752
8351	0.323289956
8352	0.326175642
8353	0.326540693
8354	0.32410385
8355	0.316928779
8356	0.303563945
8357	0.306318518
8358	0.309463938
8359	0.311620503
8360	0.31681687
8361	0.319558302
8362	0.32165402
8363	0.322831641
8364	0.324523219
8365	0.325000057
8366	0.326167516
8367	0.316407417
8368	0.31761765
8369	0.3179677
8370	0.314253847
8371	0.32142227
8372	0.326633671
8373	0.331122287
8374	0.335555878
8375	0.339185939
8376	0.34109859
8377	0.34255953
8378	0.342905806
8379	0.344165769
8380	0.344557301
8381	0.345376606
8382	0.346305442
8383	0.346928471
8384	0.348487023
8385	0.350393534
8386	0.349140009
8387	0.350141427
8388	0.342865459
8389	0.343022547
8390	0.342800895
8391	0.344368423
8392	0.345522901
8393	0.343801456
8394	0.344380101
8395	0.346816276
8396	0.345639637
8397	0.342376324
8398	0.343157828
8399	0.344878474
8400	0.335181259
8401	0.334792504
8402	0.333016525
8403	0.333517372
8404	0.333354899
8405	0.332644599
8406	0.329724705
8407	0.330547335
8408	0.331735535
8409	0.322008021
8410	0.322096696
8411	0.32316035
8412	0.32675083
8413	0.327211302
8414	0.306839863
8415	0.308066003
8416	0.308761912
8417	0.307513611
8418	0.308415216
8419	0.306205424
8420	0.311503861
8421	0.311603603
8422	0.313403221
8423	0.314593745
8424	0.309590551
8425	0.309877717
8426	0.31344588
8427	0.316001619
8428	0.318428986
8429	0.319811255
8430	0.319855782
8431	0.318397898
8432	0.318697361
8433	0.322919749
8434	0.325101551
8435	0.328428579
8436	0.329361503
8437	0.331534926
8438	0.331944765
8439	0.333648887
8440	0.336378368
8441	0.335544774
8442	0.337520494
8443	0.339622741
8444	0.339783684
8445	0.341321175
8446	0.343400314
8447	0.345068137
8448	0.346104381
8449	0.346184928
8450	0.345373363
8451	0.348052971
8452	0.348364781
8453	0.351270066
8454	0.350714984
8455	0.34894596
8456	0.349254362
8457	0.349322799
8458	0.350768187
8459	0.352973454
8460	0.341256668
8461	0.331621943
8462	0.334346344
8463	0.341457799
8464	0.3436974
8465	0.346075713
8466	0.349364564
8467	0.351985767
8468	0.352887207
8469	0.355067085
8470	0.355852235
8471	0.355945487
8472	0.358143884
8473	0.35893352
8474	0.358902429
8475	0.358537091
8476	0.357930111
8477	0.357894057
8478	0.360543218
8479	0.36013994
8480	0.362836392
8481	0.360824585
8482	0.364083631
8483	0.365629643
8484	0.367345164
8485	0.367862381
8486	0.365566282
8487	0.36750223
8488	0.366844661
8489	0.368776377
8490	0.369048965
8491	0.370693245
8492	0.373554094
8493	0.376146534
8494	0.377869992
8495	0.377823501
8496	0.374191406
8497	0.37509285
8498	0.376377413
8499	0.377058703
8500	0.378355485
8501	0.374213188
8502	0.37508238
8503	0.375388958
8504	0.375133118
8505	0.37534964
8506	0.370976199
8507	0.373946274
8508	0.373947416
8509	0.374624131
8510	0.373135531
8511	0.369414751
8512	0.357174134
8513	0.358203032
8514	0.361869992
8515	0.361246071
8516	0.36150946
8517	0.365421966
8518	0.364318778
8519	0.366180869
8520	0.367664486
8521	0.366035677
8522	0.366859421
8523	0.368292692
8524	0.372518071
8525	0.375333899
8526	0.375142421
8527	0.399587879
8528	0.400330487
8529	0.402287415
8530	0.403472315
8531	0.405526011
8532	0.406536375
8533	0.407564173
8534	0.410592327
8535	0.397949922
8536	0.398270793
8537	0.399098841
8538	0.401603792
8539	0.402721156
8540	0.400676804
8541	0.401739102
8542	0.401860475
8543	0.400681653
8544	0.401108236
8545	0.401702042
8546	0.405980047
8547	0.408933761
8548	0.409141911
8549	0.410231218
8550	0.402287705
8551	0.40283386
8552	0.399055478
8553	0.400793603
8554	0.402998011
8555	0.405835021
8556	0.406229674
8557	0.406830257
8558	0.4069784
8559	0.40674914
8560	0.406818487
8561	0.404098562
8562	0.403968595
8563	0.402989536
8564	0.404685602
8565	0.405588844
8566	0.405148287
8567	0.398585915
8568	0.399690649
8569	0.395277935
8570	0.396502754
8571	0.397292444
8572	0.398477423
8573	0.400050468
8574	0.401356247
8575	0.402776167
8576	0.403346793
8577	0.403138644
8578	0.401571843
8579	0.401504189
8580	0.383520109
8581	0.383366718
8582	0.383318393
8583	0.382294192
8584	0.3827028
8585	0.381389423
8586	0.375724201
8587	0.375519922
8588	0.378757152
8589	0.379490548
8590	0.379297317
8591	0.380613873
8592	0.381374011
8593	0.383502104
8594	0.386604426
8595	0.388073671
8596	0.388587005
8597	0.391144053
8598	0.387133748
8599	0.387444654
8600	0.387377494
8601	0.38779621
8602	0.388785204
8603	0.389135248
8604	0.389429122
8605	0.390042412
8606	0.389603941
8607	0.380671954
8608	0.381318014
8609	0.379520787
8610	0.371734516
8611	0.383956721
8612	0.384801312
8613	0.387073871
8614	0.387987078
8615	0.388085384
8616	0.389195944
8617	0.383751673
8618	0.379274474
8619	0.37922356
8620	0.378699453
8621	0.380350694
8622	0.381764349
8623	0.383533953
8624	0.384758021
8625	0.384610669
8626	0.380085454
8627	0.38030499
8628	0.381218988
8629	0.381544546
8630	0.381633484
8631	0.378308268
8632	0.378310195
8633	0.381707279
8634	0.383382731
8635	0.384345211
8636	0.385801276
8637	0.386736942
8638	0.388473636
8639	0.387781801
8640	0.388921294
8641	0.389109258
8642	0.38105554
8643	0.381418455
8644	0.381384909
8645	0.383376606
8646	0.383500757
8647	0.383792399
8648	0.38568527
8649	0.381003162
8650	0.381926622
8651	0.380868865
8652	0.381274488
8653	0.374851787
8654	0.367767157
8655	0.368646653
8656	0.363305205
8657	0.362334839
8658	0.363227749
8659	0.358267985
8660	0.35801803
8661	0.361588075
8662	0.362364867
8663	0.3651222
8664	0.358570873
8665	0.361820126
8666	0.363214208
8667	0.363010227
8668	0.36390363
8669	0.365552995
8670	0.367941364
8671	0.366214289
8672	0.369340388
8673	0.37264775
8674	0.375802532
8675	0.3759066
8676	0.376962825
8677	0.379288201
8678	0.379756602
8679	0.380170639
8680	0.373358395
8681	0.370580452
8682	0.363539599
8683	0.365457272
8684	0.359132076
8685	0.359054849
8686	0.359826273
8687	0.3602758
8688	0.360665014
8689	0.360272344
8690	0.356998268
8691	0.358111328
8692	0.359590604
8693	0.359372149
8694	0.352695882
8695	0.350864324
8696	0.349607893
8697	0.352046751
8698	0.349624238
8699	0.350585964
8700	0.350214381
8701	0.33327039
8702	0.335397149
8703	0.3398506
8704	0.340727663
8705	0.340219215
8706	0.345436969
8707	0.347799187
8708	0.359805681
8709	0.35816581
8710	0.359899619
8711	0.358908648
8712	0.359443851
8713	0.361359333
8714	0.363051124
8715	0.362931288
8716	0.358726911
8717	0.356605619
8718	0.357932795
8719	0.359636477
8720	0.357998807
8721	0.358094478
8722	0.358181745
8723	0.356447517
8724	0.35228505
8725	0.353683306
8726	0.358329309
8727	0.358643451
8728	0.359570277
8729	0.359858738
8730	0.361495417
8731	0.360828477
8732	0.36287862
8733	0.361831479
8734	0.362411808
8735	0.362595683
8736	0.36189611
8737	0.359730148
8738	0.356593924
8739	0.356829685
8740	0.351349779
8741	0.352599961
8742	0.353106695
8743	0.353829441
8744	0.353039252
8745	0.352253948
8746	0.352399041
8747	0.334200054
8748	0.338059847
8749	0.33970755
8750	0.340102469
8751	0.32822585
8752	0.329769938
8753	0.32400032
8754	0.325178959
8755	0.327805504
8756	0.330653595
8757	0.331091483
8758	0.337487788
8759	0.339059223
8760	0.34108311
8761	0.336107279
8762	0.338800993
8763	0.336840318
8764	0.339054656
8765	0.341361341
8766	0.346587203
8767	0.340577252
8768	0.342935638
8769	0.34452725
8770	0.345314199
8771	0.336272398
8772	0.335582529
8773	0.336497927
8774	0.336525075
8775	0.338436418
8776	0.339665457
8777	0.339927714
8778	0.340238244
8779	0.340991581
8780	0.341403624
8781	0.344813996
8782	0.347099612
8783	0.347249269
8784	0.347656797
8785	0.364915647
8786	0.364920278
8787	0.365072291
8788	0.365416232
8789	0.36558005
8790	0.364504223
8791	0.366108207
8792	0.366343408
8793	0.366715547
8794	0.356553273
8795	0.357542899
8796	0.358833189
8797	0.358197566
8798	0.358528407
8799	0.356851076
8800	0.358071661
8801	0.358540163
8802	0.359720315
8803	0.361343186
8804	0.362656182
8805	0.363057402
8806	0.360512638
8807	0.362797402
8808	0.362476456
8809	0.363324701
8810	0.363445758
8811	0.352037609
8812	0.352577816
8813	0.353153252
8814	0.35544792
8815	0.3538539
8816	0.353131517
8817	0.35566603
8818	0.35529838
8819	0.359097546
8820	0.359740787
8821	0.360668539
8822	0.362223999
8823	0.364471246
8824	0.364771399
8825	0.358501625
8826	0.362379562
8827	0.356124086
8828	0.358474552
8829	0.353238962
8830	0.352927196
8831	0.349248696
8832	0.350205388
8833	0.348126921
8834	0.352214524
8835	0.355484649
8836	0.357552627
8837	0.358496946
8838	0.359598218
8839	0.359853707
8840	0.360207462
8841	0.360406226
8842	0.359378689
8843	0.359793608
8844	0.36264439
8845	0.363295151
8846	0.352644509
8847	0.352234073
8848	0.35390533
8849	0.357012801
8850	0.357163093
8851	0.358297362
8852	0.362172554
8853	0.352087271
8854	0.352675758
8855	0.352850121
8856	0.348079639
8857	0.351288933
8858	0.352633123
8859	0.353813416
8860	0.347997121
8861	0.3483774
8862	0.350914046
8863	0.354636993
8864	0.342775319
8865	0.361611711
8866	0.352927234
8867	0.354518264
8868	0.345988681
8869	0.348941411
8870	0.350988134
8871	0.350070814
8872	0.351689678
8873	0.349370469
8874	0.35390325
8875	0.352342903
8876	0.35544469
8877	0.355509016
8878	0.359046451
8879	0.364109593
8880	0.364639859
8881	0.36685108
8882	0.368217757
8883	0.368580382
8884	0.36134406
8885	0.362157358
8886	0.360001329
8887	0.348489923
8888	0.351156175
8889	0.353469192
8890	0.354582784
8891	0.355258854
8892	0.355999249
8893	0.355947084
8894	0.369561239
8895	0.370260156
8896	0.367809572
8897	0.355794727
8898	0.354176994
8899	0.348093805
8900	0.349638675
8901	0.35153937
8902	0.35303868
8903	0.353300334
8904	0.354433434
8905	0.354915266
8906	0.345612657
8907	0.345714793
8908	0.34723368
8909	0.347809074
8910	0.349044408
8911	0.348446356
8912	0.348399732
8913	0.346467359
8914	0.336795645
8915	0.337753583
8916	0.339433989
8917	0.341372198
8918	0.341195256
8919	0.343281482
8920	0.343488835
8921	0.344690275
8922	0.345560262
8923	0.346259572
8924	0.347779387
8925	0.349536459
8926	0.345646384
8927	0.346941947
8928	0.344475664
8929	0.343420077
8930	0.337611627
8931	0.339057039
8932	0.337447308
8933	0.344266368
8934	0.339591861
8935	0.329994489
8936	0.333057646
8937	0.333609227
8938	0.336977373
8939	0.339939145
8940	0.341004872
8941	0.341117655
8942	0.341635496
8943	0.339725013
8944	0.340003057
8945	0.341389026
8946	0.334130386
8947	0.324152702
8948	0.321811328
8949	0.314200475
8950	0.316436264
8951	0.319618831
8952	0.321970601
8953	0.322064012
8954	0.324559048
8955	0.325829933
8956	0.324929805
8957	0.324901122
8958	0.327386
8959	0.327575119
8960	0.327955278
8961	0.328005064
8962	0.32867508
8963	0.330578329
8964	0.330300747
8965	0.331875911
8966	0.32646077
8967	0.326145583
8968	0.326428972
8969	0.32834802
8970	0.327207519
8971	0.328266137
8972	0.312530262
8973	0.313574427
8974	0.318622817
8975	0.320701549
8976	0.322817515
8977	0.326135015
8978	0.326231162
8979	0.328752981
8980	0.328323388
8981	0.328907052
8982	0.333321642
8983	0.334941678
8984	0.33613243
8985	0.338132919
8986	0.33478211
8987	0.335745195
8988	0.337576365
8989	0.339267113
8990	0.340469189
8991	0.338244088
8992	0.339039132
8993	0.333264956
8994	0.335277092
8995	0.323992205
8996	0.325123859
8997	0.32324906
8998	0.320825866
8999	0.321141914
9000	0.311332829
9001	0.312705448
9002	0.315249656
9003	0.316158129
9004	0.314244601
9005	0.315318289
9006	0.315745929
9007	0.319793529
9008	0.321899507
9009	0.323194663
9010	0.323236393
9011	0.323494564
9012	0.325058009
9013	0.321544443
9014	0.322580639
9015	0.324301255
9016	0.325564005
9017	0.32611205
9018	0.331335827
9019	0.332175808
9020	0.334093905
9021	0.334208349
9022	0.335490195
9023	0.336818687
9024	0.336742524
9025	0.338359184
9026	0.339976585
9027	0.341635619
9028	0.341922905
9029	0.342854513
9030	0.333784018
9031	0.333948226
9032	0.334102094
9033	0.334689497
9034	0.335005998
9035	0.336651523
9036	0.338418678
9037	0.339239972
9038	0.339763295
9039	0.3373589
9040	0.337859864
9041	0.338304134
9042	0.333243298
9043	0.335419763
9044	0.338199541
9045	0.33871968
9046	0.339812185
9047	0.339870652
9048	0.340039989
9049	0.340075495
9050	0.340075827
9051	0.339423089
9052	0.340152766
9053	0.339379773
9054	0.338567815
9055	0.333254895
9056	0.330732076
9057	0.32718125
9058	0.322291443
9059	0.32408237
9060	0.324632891
9061	0.323468547
9062	0.324120698
9063	0.324534161
9064	0.326025122
9065	0.326509838
9066	0.326573981
9067	0.324530057
9068	0.3255403
9069	0.326067584
9070	0.326343578
9071	0.32441026
9072	0.325288207
9073	0.323771148
9074	0.324701503
9075	0.321096484
9076	0.322147781
9077	0.322385656
9078	0.320162885
9079	0.321263018
9080	0.315464688
9081	0.315794777
9082	0.308993971
9083	0.3140419
9084	0.304957419
9085	0.305254334
9086	0.306465261
9087	0.302882031
9088	0.313362159
9089	0.314305015
9090	0.30577915
9091	0.305514699
9092	0.303887361
9093	0.307751187
9094	0.303777828
9095	0.293109941
9096	0.294935371
9097	0.296967669
9098	0.300786506
9099	0.306006182
9100	0.302505548
9101	0.304424883
9102	0.30064998
9103	0.302813359
9104	0.306163654
9105	0.308990237
9106	0.309610344
9107	0.310065942
9108	0.310843807
9109	0.311029278
9110	0.311705039
9111	0.313016392
9112	0.314688005
9113	0.306848447
9114	0.303943769
9115	0.304037442
9116	0.305555018
9117	0.303720892
9118	0.303621933
9119	0.305183808
9120	0.306359
9121	0.300908513
9122	0.30304283
9123	0.305088318
9124	0.306071813
9125	0.307909458
9126	0.307261519
9127	0.310514325
9128	0.312202033
9129	0.314136173
9130	0.312046732
9131	0.311655145
9132	0.313927923
9133	0.314228185
9134	0.3151777
9135	0.315830902
9136	0.316277767
9137	0.315655036
9138	0.316284665
9139	0.316657003
9140	0.317084536
9141	0.317958011
9142	0.318642918
9143	0.316642965
9144	0.316153877
9145	0.316465827
9146	0.305754588
9147	0.308343328
9148	0.308957494
9149	0.304264977
9150	0.302929594
9151	0.301334584
9152	0.29633952
9153	0.292733958
9154	0.292428221
9155	0.295347487
9156	0.296410712
9157	0.292927937
9158	0.294033711
9159	0.296578564
9160	0.292107271
9161	0.294642711
9162	0.292818426
9163	0.295479229
9164	0.294921692
9165	0.297657519
9166	0.294173487
9167	0.299256896
9168	0.291259798
9169	0.288582597
9170	0.288776682
9171	0.290977767
9172	0.293486665
9173	0.293772518
9174	0.296526693
9175	0.296667526
9176	0.29708387
9177	0.291245456
9178	0.294801222
9179	0.278946151
9180	0.279930078
9181	0.281932782
9182	0.286008413
9183	0.289594223
9184	0.292538982
9185	0.293632703
9186	0.297993004
9187	0.298740391
9188	0.294942149
9189	0.296403366
9190	0.298768261
9191	0.30088008
9192	0.301550528
9193	0.304584507
9194	0.30615913
9195	0.30587887
9196	0.302098577
9197	0.293594375
9198	0.294574411
9199	0.295700102
9200	0.297390827
9201	0.298153491
9202	0.299829807
9203	0.300070395
9204	0.306310037
9205	0.307845803
9206	0.3121722
9207	0.316709301
9208	0.317019893
9209	0.317663642
9210	0.315054429
9211	0.314873335
9212	0.317480617
9213	0.318162709
9214	0.320121188
9215	0.32265549
9216	0.323562018
9217	0.322543643
9218	0.324935521
9219	0.320783892
9220	0.321189116
9221	0.321099236
9222	0.322460407
9223	0.336407747
9224	0.334533927
9225	0.329355637
9226	0.331212246
9227	0.33098608
9228	0.331449765
9229	0.322528435
9230	0.323675925
9231	0.323851713
9232	0.321055691
9233	0.321776838
9234	0.32454987
9235	0.325948715
9236	0.326947485
9237	0.33041983
9238	0.331377561
9239	0.316830759
9240	0.314833352
9241	0.320377751
9242	0.321281409
9243	0.323191698
9244	0.324915643
9245	0.325012715
9246	0.317412863
9247	0.3181494
9248	0.312089724
9249	0.313754211
9250	0.314768471
9251	0.315649285
9252	0.316579307
9253	0.317599942
9254	0.316931468
9255	0.313687652
9256	0.317281903
9257	0.315922051
9258	0.316371836
9259	0.318177531
9260	0.319935389
9261	0.326097144
9262	0.324436291
9263	0.325130345
9264	0.325131479
9265	0.327222313
9266	0.328520349
9267	0.330630943
9268	0.33164454
9269	0.333677994
9270	0.333363419
9271	0.333350246
9272	0.333235011
9273	0.325034176
9274	0.324580269
9275	0.326729824
9276	0.327242637
9277	0.329314465
9278	0.329741463
9279	0.323498977
9280	0.328248847
9281	0.328769343
9282	0.329435346
9283	0.329915029
9284	0.330273407
9285	0.331037675
9286	0.32974983
9287	0.329830744
9288	0.329775357
9289	0.32390926
9290	0.329849353
9291	0.325797024
9292	0.326911221
9293	0.320684387
9294	0.32659971
9295	0.327475027
9296	0.331636404
9297	0.332974933
9298	0.332779978
9299	0.333079527
9300	0.33510201
9301	0.335776201
9302	0.333173472
9303	0.333566149
9304	0.333899064
9305	0.337011379
9306	0.337251276
9307	0.339777731
9308	0.341863497
9309	0.341405811
9310	0.345278359
9311	0.341231098
9312	0.341893854
9313	0.341122954
9314	0.343093241
9315	0.344917967
9316	0.346478688
9317	0.344551031
9318	0.344057783
9319	0.344053817
9320	0.344062947
9321	0.339763661
9322	0.339688875
9323	0.343405311
9324	0.344227147
9325	0.346510305
9326	0.346566232
9327	0.346763821
9328	0.348687881
9329	0.344191799
9330	0.347076844
9331	0.334711074
9332	0.337690913
9333	0.339124917
9334	0.334327356
9335	0.335663321
9336	0.337038512
9337	0.337276365
9338	0.341478206
9339	0.342660127
9340	0.343696044
9341	0.344017023
9342	0.346135329
9343	0.347318692
9344	0.350935868
9345	0.352229287
9346	0.349829491
9347	0.346150388
9348	0.342576485
9349	0.341132494
9350	0.341961985
9351	0.343228458
9352	0.342981307
9353	0.344196478
9354	0.347453616
9355	0.347307412
9356	0.336588059
9357	0.334654811
9358	0.346201097
9359	0.346041926
9360	0.338670533
9361	0.339573848
9362	0.342542942
9363	0.344572576
9364	0.346708825
9365	0.346976558
9366	0.348894481
9367	0.349213219
9368	0.349335798
9369	0.348684015
9370	0.349392652
9371	0.346601911
9372	0.347257533
9373	0.346701554
9374	0.34852545
9375	0.341490164
9376	0.341584625
9377	0.342917213
9378	0.346578461
9379	0.348804575
9380	0.346703584
9381	0.344027603
9382	0.344527711
9383	0.345638951
9384	0.346200464
9385	0.34489124
9386	0.345504133
9387	0.345993236
9388	0.335605977
9389	0.335143903
9390	0.335517879
9391	0.333563659
9392	0.332523806
9393	0.325404023
9394	0.326470445
9395	0.326340087
9396	0.327980206
9397	0.330127208
9398	0.33024031
9399	0.331311598
9400	0.331626217
9401	0.326873765
9402	0.329420408
9403	0.331155868
9404	0.328564109
9405	0.329306977
9406	0.319654251
9407	0.321404496
9408	0.319169782
9409	0.319025091
9410	0.318376922
9411	0.315247353
9412	0.31387066
9413	0.315686245
9414	0.31869225
9415	0.319707941
9416	0.322170489
9417	0.321116739
9418	0.324219378
9419	0.315924474
9420	0.317986585
9421	0.319157558
9422	0.321086696
9423	0.322224703
9424	0.324694003
9425	0.32440537
9426	0.328203039
9427	0.325126513
9428	0.326433825
9429	0.32670525
9430	0.326973369
9431	0.326932433
9432	0.328141805
9433	0.327342542
9434	0.329112712
9435	0.322432228
9436	0.320616173
9437	0.320748575
9438	0.319319757
9439	0.309144436
9440	0.306964662
9441	0.309026576
9442	0.30877295
9443	0.308045908
9444	0.309263041
9445	0.309426888
9446	0.309264232
9447	0.309666931
9448	0.305801629
9449	0.306149311
9450	0.308877179
9451	0.308519887
9452	0.308888936
9453	0.309030101
9454	0.310684183
9455	0.313184255
9456	0.314439831
9457	0.315775617
9458	0.316877415
9459	0.319553112
9460	0.321930139
9461	0.323155459
9462	0.323785627
9463	0.303369359
9464	0.303706907
9465	0.303429339
9466	0.303736933
9467	0.303839946
9468	0.303461954
9469	0.302823263
9470	0.287852318
9471	0.288893806
9472	0.287786814
9473	0.287311777
9474	0.287735564
9475	0.288683175
9476	0.290199306
9477	0.292594517
9478	0.294937301
9479	0.297760738
9480	0.293277033
9481	0.291177152
9482	0.292131676
9483	0.293040018
9484	0.296762608
9485	0.295548849
9486	0.295126967
9487	0.297050133
9488	0.297148353
9489	0.29878447
9490	0.296457552
9491	0.2944341
9492	0.297434749
9493	0.299712189
9494	0.301716402
9495	0.301521835
9496	0.304929531
9497	0.307750049
9498	0.30983068
9499	0.310760518
9500	0.313533078
9501	0.314099014
9502	0.315992548
9503	0.317008989
9504	0.321406538
9505	0.323857414
9506	0.324220386
9507	0.327052089
9508	0.330029028
9509	0.330725786
9510	0.331363525
9511	0.328027554
9512	0.329453281
9513	0.325929294
9514	0.328286476
9515	0.328194991
9516	0.328864119
9517	0.332638396
9518	0.33581585
9519	0.336434855
9520	0.337599458
9521	0.339160067
9522	0.340060058
9523	0.340445815
9524	0.331161106
9525	0.335731268
9526	0.337351919
9527	0.339294478
9528	0.332660966
9529	0.33291807
9530	0.332938625
9531	0.330102989
9532	0.330529786
9533	0.33165252
9534	0.32847848
9535	0.32897344
9536	0.331681538
9537	0.332053326
9538	0.331291608
9539	0.32546857
9540	0.317786182
9541	0.314790086
9542	0.315084328
9543	0.317489465
9544	0.311070667
9545	0.313534939
9546	0.306874649
9547	0.307192936
9548	0.309788775
9549	0.311776782
9550	0.312150734
9551	0.314318155
9552	0.308525641
9553	0.307982557
9554	0.308377355
9555	0.309954725
9556	0.312876998
9557	0.309882789
9558	0.310683459
9559	0.312064887
9560	0.299714094
9561	0.301161317
9562	0.29953531
9563	0.300985744
9564	0.302329523
9565	0.304166401
9566	0.3041172
9567	0.307492551
9568	0.303036436
9569	0.299107585
9570	0.301268511
9571	0.297403465
9572	0.297005115
9573	0.295743215
9574	0.295818383
9575	0.300777716
9576	0.297783844
9577	0.301620488
9578	0.301530662
9579	0.30312297
9580	0.304352769
9581	0.305359578
9582	0.308966786
9583	0.308565813
9584	0.311915081
9585	0.312901256
9586	0.300265662
9587	0.301678366
9588	0.307016821
9589	0.309841157
9590	0.310480587
9591	0.312034907
9592	0.312345597
9593	0.310917766
9594	0.312984747
9595	0.311273259
9596	0.308549359
9597	0.310466188
9598	0.306869304
9599	0.307748781
9600	0.311328122
9601	0.311629048
9602	0.306734988
9603	0.308193492
9604	0.313621055
9605	0.313971184
9606	0.311007075
9607	0.314070906
9608	0.30954811
9609	0.311228721
9610	0.30343523
9611	0.303014088
9612	0.305941645
9613	0.307570492
9614	0.307551615
9615	0.30764487
9616	0.307719495
9617	0.303964004
9618	0.307806948
9619	0.321972084
9620	0.32537143
9621	0.325751545
9622	0.317177375
9623	0.318816216
9624	0.321036086
9625	0.312714241
9626	0.314725203
9627	0.305973783
9628	0.30264
9629	0.300150202
9630	0.297935529
9631	0.30055747
9632	0.3024991
9633	0.31097383
9634	0.315996386
9635	0.318734272
9636	0.314489057
9637	0.314976866
9638	0.312119607
9639	0.314855742
9640	0.31550745
9641	0.316736256
9642	0.313547868
9643	0.314367051
9644	0.315878124
9645	0.318268724
9646	0.322001834
9647	0.327321642
9648	0.330567896
9649	0.330514236
9650	0.327223658
9651	0.327955861
9652	0.328721654
9653	0.330644107
9654	0.332371298
9655	0.335137817
9656	0.332531205
9657	0.33438153
9658	0.330109477
9659	0.324253109
9660	0.325269255
9661	0.325876606
9662	0.325928538
9663	0.326883561
9664	0.329374974
9665	0.331758951
9666	0.334483763
9667	0.332326544
9668	0.332780458
9669	0.333689033
9670	0.336492251
9671	0.337712752
9672	0.338020574
9673	0.33015217
9674	0.326464376
9675	0.320318682
9676	0.32442205
9677	0.32932835
9678	0.324432334
9679	0.326074859
9680	0.327684053
9681	0.329214199
9682	0.330614499
9683	0.331127712
9684	0.331624527
9685	0.332612532
9686	0.336116235
9687	0.339308496
9688	0.338362523
9689	0.338205398
9690	0.340715243
9691	0.326275693
9692	0.328040709
9693	0.328663591
9694	0.325507815
9695	0.327260674
9696	0.327979741
9697	0.328465334
9698	0.327443727
9699	0.328542335
9700	0.33061609
9701	0.332352468
9702	0.309959225
9703	0.310880706
9704	0.312681375
9705	0.315618816
9706	0.317558152
9707	0.318298184
9708	0.319720783
9709	0.318737531
9710	0.320639587
9711	0.324881274
9712	0.326939402
9713	0.326484373
9714	0.329263031
9715	0.331088696
9716	0.334001668
9717	0.335323194
9718	0.336686474
9719	0.33915697
9720	0.330803259
9721	0.327007062
9722	0.319188519
9723	0.315804409
9724	0.314703897
9725	0.315164346
9726	0.315750847
9727	0.317503238
9728	0.319727055
9729	0.321288978
9730	0.321808238
9731	0.327868245
9732	0.322096274
9733	0.32372642
9734	0.328570177
9735	0.329430319
9736	0.333641056
9737	0.337419794
9738	0.338767799
9739	0.345217968
9740	0.345725119
9741	0.347391983
9742	0.349191124
9743	0.34821614
9744	0.348318134
9745	0.34862478
9746	0.350933085
9747	0.352734061
9748	0.341286168
9749	0.341997695
9750	0.342570822
9751	0.335741044
9752	0.33637836
9753	0.340865246
9754	0.337454684
9755	0.3394234
9756	0.338994633
9757	0.338932604
9758	0.34195371
9759	0.344654772
9760	0.344894228
9761	0.345867039
9762	0.351384517
9763	0.354352673
9764	0.355455761
9765	0.355701364
9766	0.356166143
9767	0.357653614
9768	0.360714961
9769	0.362133825
9770	0.362411255
9771	0.365143287
9772	0.366034713
9773	0.36644377
9774	0.367951197
9775	0.36029251
9776	0.357270273
9777	0.3537595
9778	0.351645574
9779	0.351827045
9780	0.353462262
9781	0.354389306
9782	0.355300084
9783	0.352568644
9784	0.338569734
9785	0.339484678
9786	0.341318086
9787	0.342026088
9788	0.343790193
9789	0.34674711
9790	0.347003181
9791	0.351060866
9792	0.353216666
9793	0.353726639
9794	0.356301917
9795	0.362274385
9796	0.362516022
9797	0.365080461
9798	0.365922974
9799	0.365569518
9800	0.36550846
9801	0.366049209
9802	0.36301064
9803	0.367135153
9804	0.36823439
9805	0.368740269
9806	0.369154568
9807	0.370449873
9808	0.371882111
9809	0.372884942
9810	0.368928958
9811	0.369517751
9812	0.368122792
9813	0.369198368
9814	0.369996817
9815	0.37038661
9816	0.365662049
9817	0.367284319
9818	0.369255322
9819	0.370197972
9820	0.363699644
9821	0.352470923
9822	0.35403576
9823	0.34701771
9824	0.350624864
9825	0.35330845
9826	0.348767055
9827	0.351117726
9828	0.348443536
9829	0.346415963
9830	0.347803823
9831	0.351974769
9832	0.349213914
9833	0.352089016
9834	0.349768875
9835	0.349660074
9836	0.346792047
9837	0.346985868
9838	0.343404712
9839	0.344394759
9840	0.335571668
9841	0.335673572
9842	0.337611925
9843	0.339023912
9844	0.329595312
9845	0.331520627
9846	0.335015252
9847	0.337089344
9848	0.337994261
9849	0.338795068
9850	0.339502731
9851	0.339657875
9852	0.340142006
9853	0.341549624
9854	0.342342491
9855	0.337667771
9856	0.338571493
9857	0.34115342
9858	0.339299081
9859	0.336729684
9860	0.339432386
9861	0.331179315
9862	0.331337856
9863	0.332201615
9864	0.332804278
9865	0.335051675
9866	0.334969393
9867	0.335084817
9868	0.336517523
9869	0.33691766
9870	0.337139859
9871	0.335692765
9872	0.336530996
9873	0.333509471
9874	0.332642896
9875	0.328122712
9876	0.329119167
9877	0.330958939
9878	0.331668471
9879	0.332140852
9880	0.332856415
9881	0.333076187
9882	0.336301444
9883	0.336960601
9884	0.33678749
9885	0.338260214
9886	0.33823786
9887	0.340862562
9888	0.341127894
9889	0.34148034
9890	0.341378262
9891	0.341306464
9892	0.342328991
9893	0.339400756
9894	0.338709471
9895	0.338810668
9896	0.338891503
9897	0.340511183
9898	0.340132392
9899	0.340176475
9900	0.340644421
9901	0.340717352
9902	0.340939118
9903	0.341267202
9904	0.342701316
9905	0.342732988
9906	0.332740009
9907	0.331912744
9908	0.323231218
9909	0.316814995
9910	0.319286069
9911	0.318866816
9912	0.317576685
9913	0.320058615
9914	0.32127448
9915	0.318313578
9916	0.307972067
9917	0.309940565
9918	0.303044572
9919	0.298172278
9920	0.293053324
9921	0.294349473
9922	0.295557533
9923	0.296118712
9924	0.298235732
9925	0.280935268
9926	0.283160278
9927	0.286721825
9928	0.288464564
9929	0.291086619
9930	0.255362033
9931	0.253640944
9932	0.260274982
9933	0.264550999
9934	0.266886509
9935	0.266671766
9936	0.264498882
9937	0.265778658
9938	0.271758272
9939	0.275734242
9940	0.278837909
9941	0.280355604
9942	0.287891866
9943	0.290264232
9944	0.288159648
9945	0.289322866
9946	0.289461339
9947	0.290792749
9948	0.292391854
9949	0.29312522
9950	0.293874866
9951	0.294612174
9952	0.287174575
9953	0.292216802
9954	0.2940478
9955	0.293349314
9956	0.296469946
9957	0.29006655
9958	0.290136524
9959	0.284457171
9960	0.284274063
9961	0.282533783
9962	0.282526861
9963	0.284227726
9964	0.286306509
9965	0.287470596
9966	0.289611456
9967	0.291176469
9968	0.291636742
9969	0.294102686
9970	0.28932592
9971	0.289553807
9972	0.291076835
9973	0.291992036
9974	0.296582828
9975	0.297664566
9976	0.297752296
9977	0.29821337
9978	0.29907186
9979	0.300076832
9980	0.300244946
9981	0.298988849
9982	0.295435722
9983	0.296982173
9984	0.296995803
9985	0.298449742
9986	0.29264526
9987	0.29383052
9988	0.294783072
9989	0.295710016
9990	0.297618351
9991	0.29768695
9992	0.298945677
9993	0.297617406
9994	0.298190303
9995	0.297911988
9996	0.298980118
9997	0.296629747
9998	0.297385014
9999	0.298133506
10000	0.29935611
10001	0.297844473
10002	0.298772751
10003	0.301296429
10004	0.300784467
10005	0.301676479
10006	0.302730821
10007	0.299316335
10008	0.300326258
10009	0.29336343
10010	0.294309506
10011	0.293823363
10012	0.297462289
10013	0.297640333
10014	0.29851181
10015	0.2994884
10016	0.288076241
10017	0.289252828
10018	0.29003602
10019	0.291818325
10020	0.290520175
10021	0.293004603
10022	0.293752575
10023	0.293643745
10024	0.29442431
10025	0.294623958
10026	0.29346828
10027	0.294881371
10028	0.293301998
10029	0.29062784
10030	0.287083642
10031	0.289486866
10032	0.29022477
10033	0.287818207
10034	0.290883274
10035	0.291397295
10036	0.289026015
10037	0.290333715
10038	0.291206945
10039	0.292283305
10040	0.294714802
10041	0.297082115
10042	0.299066127
10043	0.299397024
10044	0.301286108
10045	0.302306482
10046	0.304085064
10047	0.300477356
10048	0.301739349
10049	0.299084386
10050	0.295700506
10051	0.294679676
10052	0.295106594
10053	0.296020881
10054	0.297373565
10055	0.296375477
10056	0.297486802
10057	0.298250337
10058	0.294368992
10059	0.294867927
10060	0.293500168
10061	0.293074472
10062	0.295411009
10063	0.295917486
10064	0.299658522
10065	0.297885648
10066	0.298857962
10067	0.298165746
10068	0.300089085
10069	0.301903926
10070	0.30384137
10071	0.30440055
10072	0.30466895
10073	0.305142583
10074	0.307884936
10075	0.308250621
10076	0.309003173
10077	0.309207205
10078	0.314165527
10079	0.31194898
10080	0.312713519
10081	0.311017673
10082	0.312434954
10083	0.313302833
10084	0.3192893
10085	0.319611001
10086	0.319621428
10087	0.317289337
10088	0.31920161
10089	0.304482017
10090	0.304426283
10091	0.30395024
10092	0.306553512
10093	0.308097945
10094	0.309561131
10095	0.309853649
10096	0.314626012
10097	0.309162424
10098	0.308936931
10099	0.302205598
10100	0.303425932
10101	0.291948019
10102	0.292309296
10103	0.292545102
10104	0.290162164
10105	0.292088022
10106	0.291780268
10107	0.293015293
10108	0.27007001
10109	0.273324546
10110	0.268385312
10111	0.269747209
10112	0.269341292
10113	0.270677571
10114	0.267213904
10115	0.266043766
10116	0.266313293
10117	0.269728191
10118	0.273147946
10119	0.263033477
10120	0.264228253
10121	0.26430194
10122	0.265082381
10123	0.265332258
10124	0.25922264
10125	0.263554499
10126	0.26168536
10127	0.262467653
10128	0.264275265
10129	0.264428238
10130	0.266830599
10131	0.266063242
10132	0.267057418
10133	0.267366954
10134	0.268852196
10135	0.270358014
10136	0.271305743
10137	0.27391098
10138	0.275007137
10139	0.274290134
10140	0.268705565
10141	0.271513033
10142	0.271039515
10143	0.270318785
10144	0.270210073
10145	0.271801339
10146	0.276949279
10147	0.276991563
10148	0.277593944
10149	0.278389732
10150	0.279197182
10151	0.278782128
10152	0.282593056
10153	0.277009136
10154	0.277420679
10155	0.275422978
10156	0.276971716
10157	0.277036196
10158	0.274101049
10159	0.278816724
10160	0.278725215
10161	0.283198409
10162	0.284567265
10163	0.290430927
10164	0.291118492
10165	0.285832726
10166	0.288502909
10167	0.289289639
10168	0.287925639
10169	0.289076473
10170	0.289165134
10171	0.291007693
10172	0.292888777
10173	0.295577133
10174	0.297871613
10175	0.297996794
10176	0.302381519
10177	0.303781383
10178	0.305651355
10179	0.306272931
10180	0.306693299
10181	0.304531579
10182	0.305699688
10183	0.305000708
10184	0.304726096
10185	0.305046134
10186	0.304398378
10187	0.305423611
10188	0.306706657
10189	0.308064279
10190	0.3090567
10191	0.306756441
10192	0.308792226
10193	0.30977011
10194	0.310981951
10195	0.311419106
10196	0.311069854
10197	0.314269178
10198	0.316794591
10199	0.317389836
10200	0.317953994
10201	0.28649997
10202	0.289403636
10203	0.29158831
10204	0.288624136
10205	0.30172935
10206	0.302816776
10207	0.304905896
10208	0.304998564
10209	0.306493921
10210	0.307386462
10211	0.309132371
10212	0.309296104
10213	0.310652563
10214	0.311157404
10215	0.315593388
10216	0.316344231
10217	0.318249841
10218	0.310573238
10219	0.310910799
10220	0.312664457
10221	0.316362326
10222	0.307622375
10223	0.307443345
10224	0.306621458
10225	0.308146209
10226	0.310640149
10227	0.312358242
10228	0.307696414
10229	0.301880415
10230	0.298630195
10231	0.301495146
10232	0.297524912
10233	0.303599578
10234	0.307337219
10235	0.309270877
10236	0.312755664
10237	0.315549584
10238	0.317806711
10239	0.319432616
10240	0.321290056
10241	0.324579445
10242	0.324005773
10243	0.324921727
10244	0.327788575
10245	0.324167772
10246	0.322610421
10247	0.324947008
10248	0.319956282
10249	0.315758419
10250	0.318365633
10251	0.323001834
10252	0.312674091
10253	0.315982168
10254	0.320686629
10255	0.32189756
10256	0.319080563
10257	0.320422942
10258	0.322330839
10259	0.322555281
10260	0.319083998
10261	0.318813534
10262	0.31981993
10263	0.32036785
10264	0.323769925
10265	0.315423009
10266	0.317008308
10267	0.316959056
10268	0.321202209
10269	0.324031411
10270	0.323243842
10271	0.32569038
10272	0.327194675
10273	0.327159303
10274	0.326785854
10275	0.319657204
10276	0.30226367
10277	0.302932126
10278	0.306925289
10279	0.302778046
10280	0.303229305
10281	0.304161162
10282	0.302829133
10283	0.301055341
10284	0.30139895
10285	0.300529352
10286	0.302046237
10287	0.301083732
10288	0.301098216
10289	0.307566167
10290	0.30881684
10291	0.30874632
10292	0.31189076
10293	0.313580367
10294	0.316437449
10295	0.319422351
10296	0.322512595
10297	0.325195443
10298	0.326321668
10299	0.326354169
10300	0.32452605
10301	0.322741086
10302	0.324849753
10303	0.314582834
10304	0.315898738
10305	0.316450995
10306	0.316868052
10307	0.318012004
10308	0.318325458
10309	0.315208915
10310	0.308928158
10311	0.307966964
10312	0.306704482
10313	0.308752667
10314	0.310146141
10315	0.310219216
10316	0.310005516
10317	0.309491355
10318	0.313067432
10319	0.313184415
10320	0.308837174
10321	0.309961922
10322	0.308375299
10323	0.309002243
10324	0.308908261
10325	0.309833977
10326	0.311400926
10327	0.312697448
10328	0.308160557
10329	0.304446242
10330	0.304443222
10331	0.302157913
10332	0.304438851
10333	0.310451978
10334	0.311649488
10335	0.312493682
10336	0.316313515
10337	0.317536848
10338	0.319324401
10339	0.347671473
10340	0.350772229
10341	0.356436629
10342	0.357732526
10343	0.353599537
10344	0.356466623
10345	0.360178502
10346	0.36192123
10347	0.365246339
10348	0.381897775
10349	0.385320053
10350	0.387995817
10351	0.384438648
10352	0.383409248
10353	0.385362737
10354	0.388098966
10355	0.379583879
10356	0.387571298
10357	0.391790873
10358	0.388879828
10359	0.39309626
10360	0.380402315
10361	0.381667583
10362	0.381992707
10363	0.384927404
10364	0.38305247
10365	0.38714061
10366	0.37524011
10367	0.37284342
10368	0.378358618
10369	0.382026279
10370	0.380498018
10371	0.376460034
10372	0.364134615
10373	0.361494683
10374	0.359349602
10375	0.357615602
10376	0.359219912
10377	0.360856262
10378	0.362438836
10379	0.366262057
10380	0.367304088
10381	0.369287268
10382	0.372702684
10383	0.373093108
10384	0.372728441
10385	0.372923991
10386	0.371477296
10387	0.370691797
10388	0.361939594
10389	0.361520621
10390	0.361891254
10391	0.366360369
10392	0.3676079
10393	0.370263911
10394	0.370845154
10395	0.374049889
10396	0.372463033
10397	0.373210357
10398	0.375730627
10399	0.379644803
10400	0.380823414
10401	0.38148873
10402	0.383206227
10403	0.383416101
10404	0.386894681
10405	0.387214411
10406	0.379920841
10407	0.384341479
10408	0.3843783
10409	0.386414348
10410	0.385093856
10411	0.385755905
10412	0.387816692
10413	0.390297699
10414	0.388151197
10415	0.391374765
10416	0.392661928
10417	0.392521238
10418	0.393345218
10419	0.394900132
10420	0.397004685
10421	0.402037783
10422	0.40346366
10423	0.404353965
10424	0.402759809
10425	0.393847261
10426	0.389933583
10427	0.384481542
10428	0.398709536
10429	0.39728656
10430	0.397921607
10431	0.397624973
10432	0.375212384
10433	0.375887417
10434	0.374484028
10435	0.372923376
10436	0.373543406
10437	0.375395428
10438	0.376506385
10439	0.377444318
10440	0.378260941
10441	0.382840456
10442	0.383351228
10443	0.386223658
10444	0.386334128
10445	0.384583097
10446	0.390306888
10447	0.387180445
10448	0.388890574
10449	0.390139376
10450	0.386832577
10451	0.38562038
10452	0.381306357
10453	0.383127162
10454	0.38252892
10455	0.384000563
10456	0.385411023
10457	0.37611088
10458	0.375569906
10459	0.379115589
10460	0.387486833
10461	0.3875317
10462	0.38731662
10463	0.384546146
10464	0.384459039
10465	0.384521836
10466	0.391556271
10467	0.394324561
10468	0.395217885
10469	0.395698652
10470	0.396597222
10471	0.384601903
10472	0.376989984
10473	0.385993956
10474	0.388895796
10475	0.391464022
10476	0.390602711
10477	0.392817573
10478	0.393152682
10479	0.395302615
10480	0.389571507
10481	0.392376925
10482	0.392412902
10483	0.392738143
10484	0.394405815
10485	0.395584478
10486	0.400598364
10487	0.400926482
10488	0.397731587
10489	0.392090201
10490	0.391075464
10491	0.392867459
10492	0.386899819
10493	0.387453738
10494	0.386412232
10495	0.386912632
10496	0.389647145
10497	0.390686115
10498	0.39144695
10499	0.393988687
10500	0.39224877
10501	0.392447598
10502	0.39368481
10503	0.394854441
10504	0.393507728
10505	0.393085464
10506	0.397097379
10507	0.393764577
10508	0.395737157
10509	0.389731013
10510	0.390160387
10511	0.392183786
10512	0.390214866
10513	0.390195807
10514	0.388843959
10515	0.38879493
10516	0.38932754
10517	0.388674441
10518	0.392541975
10519	0.392986483
10520	0.393770854
10521	0.393000244
10522	0.390801925
10523	0.391092955
10524	0.389061865
10525	0.389744659
10526	0.387497213
10527	0.390608733
10528	0.388757582
10529	0.389792726
10530	0.391293839
10531	0.392389197
10532	0.391952591
10533	0.387519568
10534	0.38828251
10535	0.387612029
10536	0.389395589
10537	0.369947708
10538	0.369740628
10539	0.37136821
10540	0.370428885
10541	0.369878412
10542	0.377935296
10543	0.379069658
10544	0.378603639
10545	0.380526471
10546	0.381008237
10547	0.382399613
10548	0.383458806
10549	0.354260196
10550	0.345756238
10551	0.345510124
10552	0.347853608
10553	0.349243295
10554	0.355051841
10555	0.357465517
10556	0.358955013
10557	0.361660597
10558	0.363481271
10559	0.362540817
10560	0.364428988
10561	0.36428846
10562	0.366096912
10563	0.368098268
10564	0.365962859
10565	0.367727657
10566	0.369269557
10567	0.368681741
10568	0.365907154
10569	0.368287041
10570	0.372062346
10571	0.373031585
10572	0.373347621
10573	0.373584764
10574	0.374037872
10575	0.375147544
10576	0.378353581
10577	0.379510075
10578	0.380912731
10579	0.380484299
10580	0.377032318
10581	0.378017335
10582	0.376363338
10583	0.380245818
10584	0.379345849
10585	0.381688523
10586	0.381598215
10587	0.377606748
10588	0.378159184
10589	0.375997245
10590	0.377384137
10591	0.381899169
10592	0.375607103
10593	0.375850622
10594	0.377164481
10595	0.378360039
10596	0.373919553
10597	0.375313886
10598	0.362688814
10599	0.364946206
10600	0.371266912
10601	0.370357905
10602	0.333515752
10603	0.335346318
10604	0.338968216
10605	0.339280931
10606	0.337630932
10607	0.326684048
10608	0.327991366
10609	0.328437062
10610	0.330316167
10611	0.331136908
10612	0.33460919
10613	0.338073901
10614	0.339325326
10615	0.339354092
10616	0.340864397
10617	0.342613795
10618	0.34360747
10619	0.346844378
10620	0.349653972
10621	0.341000413
10622	0.341414157
10623	0.343052308
10624	0.346272514
10625	0.347428774
10626	0.349414358
10627	0.350888128
10628	0.352441641
10629	0.354367061
10630	0.355726282
10631	0.356585432
10632	0.355034312
10633	0.356758888
10634	0.359209296
10635	0.359736521
10636	0.360025177
10637	0.360789304
10638	0.361068249
10639	0.357373801
10640	0.357639439
10641	0.35445824
10642	0.355097102
10643	0.354179446
10644	0.35594138
10645	0.358117815
10646	0.357977495
10647	0.359206288
10648	0.361289115
10649	0.36255122
10650	0.362810149
10651	0.365020097
10652	0.368889741
10653	0.369595794
10654	0.370476049
10655	0.367360718
10656	0.369701735
10657	0.369872188
10658	0.370126893
10659	0.370492964
10660	0.37194277
10661	0.368434507
10662	0.365322697
10663	0.365904502
10664	0.356067316
10665	0.357684901
10666	0.358232033
10667	0.358508612
10668	0.361339015
10669	0.361236014
10670	0.362557821
10671	0.363685618
10672	0.36655127
10673	0.354425018
10674	0.355875
10675	0.357268436
10676	0.348184153
10677	0.351255536
10678	0.351978914
10679	0.353237599
10680	0.357250172
10681	0.358284524
10682	0.354570713
10683	0.352175775
10684	0.354568137
10685	0.355005204
10686	0.353922155
10687	0.357890804
10688	0.35977456
10689	0.36514503
10690	0.363841185
10691	0.345989406
10692	0.34936498
10693	0.353632015
10694	0.35561601
10695	0.355945412
10696	0.345630895
10697	0.350131265
10698	0.350334619
10699	0.352808472
10700	0.349853353
10701	0.34121802
10702	0.341522168
10703	0.342264026
10704	0.344822523
10705	0.343101691
10706	0.344536378
10707	0.346242501
10708	0.347556982
10709	0.350921648
10710	0.351413848
10711	0.351476861
10712	0.351834761
10713	0.355249581
10714	0.357513908
10715	0.35887563
10716	0.360189235
10717	0.361744346
10718	0.361551352
10719	0.358353843
10720	0.358108256
10721	0.36061645
10722	0.360623509
10723	0.361336326
10724	0.362467929
10725	0.361267387
10726	0.362259961
10727	0.363313772
10728	0.364219446
10729	0.365681048
10730	0.366421769
10731	0.367160439
10732	0.364197288
10733	0.364835018
10734	0.36584651
10735	0.36508186
10736	0.364643377
10737	0.364011433
10738	0.364926084
10739	0.367452031
10740	0.367946583
10741	0.367929113
10742	0.368868813
10743	0.370294934
10744	0.368442313
10745	0.363658426
10746	0.363430836
10747	0.366187988
10748	0.365647801
10749	0.366331307
10750	0.367290366
10751	0.368093424
10752	0.367899
10753	0.369310515
10754	0.36823701
10755	0.37017922
10756	0.369145685
10757	0.362358573
10758	0.36242691
10759	0.362549416
10760	0.363341932
10761	0.363966156
10762	0.362643064
10763	0.362855852
10764	0.362330245
10765	0.35343997
10766	0.353367001
10767	0.354932655
10768	0.354279028
10769	0.349154426
10770	0.348464975
10771	0.350667126
10772	0.352557725
10773	0.352430709
10774	0.349671087
10775	0.349965622
10776	0.348128039
10777	0.353047938
10778	0.354369522
10779	0.354286305
10780	0.357149699
10781	0.357032232
10782	0.359656884
10783	0.360531169
10784	0.355678777
10785	0.356308396
10786	0.35592537
10787	0.340126811
10788	0.340381181
10789	0.338872215
10790	0.344014129
10791	0.34419868
10792	0.344198426
10793	0.346296446
10794	0.348299337
10795	0.343949252
10796	0.344217418
10797	0.345987533
10798	0.350026148
10799	0.354541647
10800	0.355902615
10801	0.358102683
10802	0.358192591
10803	0.36091873
10804	0.364129543
10805	0.364911096
10806	0.371093742
10807	0.372967168
10808	0.375466425
10809	0.376663286
10810	0.376281319
10811	0.377075387
10812	0.37464771
10813	0.37347534
10814	0.376664879
10815	0.379086202
10816	0.379382231
10817	0.381262719
10818	0.37634364
10819	0.380572266
10820	0.382054988
10821	0.372228456
10822	0.372907966
10823	0.372768192
10824	0.373846794
10825	0.370712778
10826	0.374153122
10827	0.375622816
10828	0.384526823
10829	0.386694602
10830	0.389950336
10831	0.396402583
10832	0.397216705
10833	0.397034714
10834	0.398325849
10835	0.399390765
10836	0.395787687
10837	0.396361789
10838	0.397930283
10839	0.400700518
10840	0.401635495
10841	0.400820693
10842	0.401642173
10843	0.411834278
10844	0.414006244
10845	0.403503901
10846	0.403912466
10847	0.402533898
10848	0.397879587
10849	0.398509019
10850	0.3995619
10851	0.399995501
10852	0.400576681
10853	0.407166122
10854	0.404376508
10855	0.402561473
10856	0.404782863
10857	0.402946632
10858	0.399770343
10859	0.402328744
10860	0.407318228
10861	0.406027282
10862	0.405920579
10863	0.406578628
10864	0.400962391
10865	0.400729911
10866	0.402680229
10867	0.403342429
10868	0.405512462
10869	0.405637797
10870	0.405755784
10871	0.400889717
10872	0.402473517
10873	0.403776399
10874	0.404693226
10875	0.400810327
10876	0.403523859
10877	0.404250674
10878	0.405483308
10879	0.406271651
10880	0.409178625
10881	0.41037949
10882	0.413672262
10883	0.414700834
10884	0.418046405
10885	0.416604917
10886	0.419514021
10887	0.419149545
10888	0.422425364
10889	0.423952716
10890	0.41869598
10891	0.406756277
10892	0.407293156
10893	0.4076701
10894	0.409378083
10895	0.404804832
10896	0.407424594
10897	0.407866535
10898	0.404016345
10899	0.40575448
10900	0.409750706
10901	0.41123673
10902	0.41197433
10903	0.413327011
10904	0.41815793
10905	0.41851641
10906	0.421326643
10907	0.421462029
10908	0.422100395
10909	0.421953906
10910	0.422905204
10911	0.419798539
10912	0.420641626
10913	0.422073017
10914	0.422761964
10915	0.423988302
10916	0.423671315
10917	0.423655663
10918	0.42663335
10919	0.42308323
10920	0.405237512
10921	0.40343723
10922	0.40415561
10923	0.407263415
10924	0.410364799
10925	0.412455029
10926	0.414028199
10927	0.41669211
10928	0.418147695
10929	0.418949744
10930	0.421883313
10931	0.422558063
10932	0.419016502
10933	0.420145848
10934	0.418474161
10935	0.418906685
10936	0.419756414
10937	0.419945763
10938	0.408140637
10939	0.405712059
10940	0.404221306
10941	0.398851062
10942	0.395926067
10943	0.399451031
10944	0.403927253
10945	0.404308085
10946	0.405102076
10947	0.406789403
10948	0.407727113
10949	0.409116922
10950	0.412791235
10951	0.413386836
10952	0.408556394
10953	0.408708299
10954	0.408850829
10955	0.405995727
10956	0.407090939
10957	0.407570539
10958	0.410654849
10959	0.414657895
10960	0.414966138
10961	0.418682075
10962	0.420103679
10963	0.422888067
10964	0.424194222
10965	0.42738301
10966	0.429764399
10967	0.430176279
10968	0.43059142
10969	0.432194338
10970	0.432162829
10971	0.430305265
10972	0.431545058
10973	0.433663921
10974	0.434390991
10975	0.434570501
10976	0.429608556
10977	0.417969012
10978	0.418375469
10979	0.418534541
10980	0.418696147
10981	0.420691253
10982	0.422293236
10983	0.417700121
10984	0.417949132
10985	0.41558311
10986	0.415498725
10987	0.417846417
10988	0.411099136
10989	0.411812678
10990	0.407257382
10991	0.40829809
10992	0.409418681
10993	0.409422583
10994	0.411672951
10995	0.410103862
10996	0.410260279
10997	0.413098074
10998	0.414288993
10999	0.414829337
11000	0.41547779
11001	0.415805204
11002	0.416453831
11003	0.41754096
11004	0.418086167
11005	0.421330553
11006	0.418272741
11007	0.418357731
11008	0.419226602
11009	0.418731467
11010	0.419216484
11011	0.416864314
11012	0.417304102
11013	0.418712252
11014	0.419183277
11015	0.419614603
11016	0.419844809
11017	0.41745836
11018	0.419034983
11019	0.420819892
11020	0.421986237
11021	0.419139748
11022	0.421177552
11023	0.421228178
11024	0.42322233
11025	0.424121276
11026	0.421498586
11027	0.42612478
11028	0.428158432
11029	0.428871831
11030	0.432250741
11031	0.426028894
11032	0.427268223
11033	0.427274793
11034	0.42230235
11035	0.425684816
11036	0.425903234
11037	0.426287
11038	0.424818991
11039	0.424856288
11040	0.424763091
11041	0.421830931
11042	0.422156135
11043	0.422719897
11044	0.422347496
11045	0.424050282
11046	0.424388738
11047	0.426952962
11048	0.428291659
11049	0.429616915
11050	0.429598007
11051	0.431101659
11052	0.4310652
11053	0.433000358
11054	0.43670027
11055	0.432556154
11056	0.43311299
11057	0.433952912
11058	0.430628065
11059	0.430333531
11060	0.432730243
11061	0.433343548
11062	0.43241396
11063	0.415788702
11064	0.414876526
11065	0.417580233
11066	0.420075122
11067	0.417271899
11068	0.417270105
11069	0.41796198
11070	0.419585072
11071	0.420028814
11072	0.420575417
11073	0.420654504
11074	0.419074391
11075	0.419005497
11076	0.421525362
11077	0.415067046
11078	0.41502304
11079	0.415117251
11080	0.415350462
11081	0.415883187
11082	0.416712562
11083	0.416712562
11084	0.418645336
11085	0.415252257
11086	0.414295313
11087	0.415680275
11088	0.413888426
11089	0.411779774
11090	0.412840821
11091	0.411761197
11092	0.412089115
11093	0.412673934
11094	0.412988406
11095	0.41196774
11096	0.395915764
11097	0.396419285
11098	0.398475963
11099	0.398077818
11100	0.397731425
11101	0.398545484
11102	0.398934878
11103	0.400611033
11104	0.400982885
11105	0.400810099
11106	0.401367196
11107	0.403078007
11108	0.399227899
11109	0.387651785
11110	0.388313063
11111	0.374427495
11112	0.374874929
11113	0.376196479
11114	0.376057057
11115	0.377542265
11116	0.377872674
11117	0.378517163
11118	0.378853447
11119	0.378694306
11120	0.383189967
11121	0.382554533
11122	0.383589985
11123	0.385883464
11124	0.385992474
11125	0.383812953
11126	0.38281981
11127	0.383211577
11128	0.365797445
11129	0.366078407
11130	0.367224856
11131	0.370615649
11132	0.371087027
11133	0.371057546
11134	0.373854983
11135	0.376465582
11136	0.386059954
11137	0.386752979
11138	0.367782879
11139	0.368069648
11140	0.369861804
11141	0.368039504
11142	0.370404525
11143	0.366686777
11144	0.369654185
11145	0.372080889
11146	0.369445662
11147	0.364771445
11148	0.359144281
11149	0.362901247
11150	0.359499807
11151	0.357085158
11152	0.358200201
11153	0.357993325
11154	0.357537148
11155	0.360127526
11156	0.362862928
11157	0.363364036
11158	0.364763126
11159	0.371617809
11160	0.373264096
11161	0.375122429
11162	0.374872272
11163	0.371816051
11164	0.371862695
11165	0.367023032
11166	0.36517843
11167	0.369794796
11168	0.370549506
11169	0.371252402
11170	0.37238506
11171	0.373529497
11172	0.37243412
11173	0.373192623
11174	0.375317718
11175	0.376104583
11176	0.388301539
11177	0.393115908
11178	0.394371477
11179	0.395098082
11180	0.391541485
11181	0.391946304
11182	0.392856463
11183	0.391235239
11184	0.391601361
11185	0.394537169
11186	0.395956736
11187	0.397334523
11188	0.397149639
11189	0.393859067
11190	0.396257825
11191	0.399770849
11192	0.40002771
11193	0.400528462
11194	0.399874908
11195	0.401623379
11196	0.402480462
11197	0.39575141
11198	0.395103125
11199	0.395116884
11200	0.392756101
11201	0.393592412
11202	0.396177865
11203	0.396238564
11204	0.378451168
11205	0.383041711
11206	0.38101279
11207	0.377675875
11208	0.378000397
11209	0.379796231
11210	0.380204852
11211	0.376821676
11212	0.376699242
11213	0.377414712
11214	0.377996935
11215	0.380507335
11216	0.381611551
11217	0.384854851
11218	0.382872947
11219	0.381799102
11220	0.386102608
11221	0.38820729
11222	0.391752105
11223	0.388987891
11224	0.387313385
11225	0.386181708
11226	0.386245651
11227	0.389007317
11228	0.390689249
11229	0.394779871
11230	0.393370192
11231	0.386819351
11232	0.387492866
11233	0.382666966
11234	0.383721669
11235	0.38323674
11236	0.383176482
11237	0.38626925
11238	0.38248517
11239	0.383889528
11240	0.383735955
11241	0.385455858
11242	0.386809126
11243	0.388261705
11244	0.379904181
11245	0.38055497
11246	0.384156352
11247	0.386058136
11248	0.387077909
11249	0.39051834
11250	0.391391677
11251	0.393563343
11252	0.396286314
11253	0.398400502
11254	0.399814174
11255	0.400404735
11256	0.400879398
11257	0.400943614
11258	0.402070094
11259	0.388386919
11260	0.390428516
11261	0.391010249
11262	0.391309639
11263	0.39151204
11264	0.392258992
11265	0.395446354
11266	0.39530627
11267	0.389838808
11268	0.390439417
11269	0.387807272
11270	0.388458895
11271	0.389144564
11272	0.38975374
11273	0.390070391
11274	0.384066643
11275	0.384342017
11276	0.386246097
11277	0.387814465
11278	0.388572076
11279	0.387966602
11280	0.389993226
11281	0.385963209
11282	0.385378486
11283	0.381713689
11284	0.376742901
11285	0.378330897
11286	0.372386156
11287	0.366252079
11288	0.368029755
11289	0.370943274
11290	0.372716425
11291	0.373268436
11292	0.37561858
11293	0.376311801
11294	0.378275133
11295	0.366108529
11296	0.363473193
11297	0.358476982
11298	0.36123432
11299	0.362498053
11300	0.362858743
11301	0.359643595
11302	0.356908173
11303	0.357105844
11304	0.358091069
11305	0.37356122
11306	0.363290795
11307	0.366933092
11308	0.369517047
11309	0.371292769
11310	0.372137487
11311	0.371197947
11312	0.373585973
11313	0.375139371
11314	0.377012006
11315	0.37063642
11316	0.375576134
11317	0.379912083
11318	0.38145885
11319	0.383659662
11320	0.38785215
11321	0.390262577
11322	0.390211366
11323	0.392002547
11324	0.393065377
11325	0.388917351
11326	0.38854674
11327	0.390609862
11328	0.391655265
11329	0.393823929
11330	0.392478424
11331	0.393588844
11332	0.396964582
11333	0.395739414
11334	0.394628023
11335	0.395640912
11336	0.396729146
11337	0.396892949
11338	0.397022669
11339	0.394627218
11340	0.395265409
11341	0.396806569
11342	0.396760055
11343	0.3949919
11344	0.395304964
11345	0.39537637
11346	0.39721882
11347	0.389849707
11348	0.390295956
11349	0.375657304
11350	0.37802767
11351	0.372880373
11352	0.372275803
11353	0.374106328
11354	0.374071402
11355	0.374109899
11356	0.374188776
11357	0.373680572
11358	0.374505172
11359	0.373776265
11360	0.372095718
11361	0.373986287
11362	0.37594056
11363	0.377062332
11364	0.373402578
11365	0.375781684
11366	0.380352794
11367	0.382200033
11368	0.384179908
11369	0.382335497
11370	0.382811284
11371	0.382610926
11372	0.384421971
11373	0.386411494
11374	0.389298281
11375	0.389213678
11376	0.390144433
11377	0.38944003
11378	0.390599473
11379	0.373131716
11380	0.377628167
11381	0.378386851
11382	0.381048687
11383	0.381415193
11384	0.381558041
11385	0.384645845
11386	0.387118543
11387	0.388132723
11388	0.388249642
11389	0.391791847
11390	0.391822039
11391	0.392959263
11392	0.393703148
11393	0.395188162
11394	0.399140323
11395	0.399839209
11396	0.395129517
11397	0.395879272
11398	0.371987214
11399	0.372679988
11400	0.382336606
11401	0.382051472
11402	0.383721698
11403	0.386572157
11404	0.387893947
11405	0.385669444
11406	0.385937047
11407	0.388453074
11408	0.377479496
11409	0.367498799
11410	0.367621288
11411	0.371681772
11412	0.373173336
11413	0.367601514
11414	0.369212665
11415	0.369325956
11416	0.371304024
11417	0.370572369
11418	0.371748
11419	0.368581265
11420	0.363965585
11421	0.359501083
11422	0.360015151
11423	0.362832756
11424	0.361194126
11425	0.361644159
11426	0.361953509
11427	0.363337843
11428	0.365706885
11429	0.36534617
11430	0.36578756
11431	0.367582201
11432	0.370386845
11433	0.372628758
11434	0.374370334
11435	0.373906151
11436	0.372619501
11437	0.376732101
11438	0.370420916
11439	0.37308447
11440	0.357928929
11441	0.359043379
11442	0.357887381
11443	0.35945156
11444	0.359096183
11445	0.359427947
11446	0.360354733
11447	0.361830861
11448	0.367651328
11449	0.369229505
11450	0.369964905
11451	0.37052696
11452	0.372003378
11453	0.37520302
11454	0.37402518
11455	0.366894609
11456	0.367307076
11457	0.368910169
11458	0.366964953
11459	0.370056755
11460	0.371830515
11461	0.372092555
11462	0.365768435
11463	0.366225713
11464	0.366880919
11465	0.364082931
11466	0.365110846
11467	0.365953024
11468	0.367388828
11469	0.375777635
11470	0.366946322
11471	0.368062503
11472	0.366129739
11473	0.36732734
11474	0.369523597
11475	0.368628908
11476	0.370366337
11477	0.379123865
11478	0.380609703
11479	0.383106554
11480	0.382057987
11481	0.383157408
11482	0.382878675
11483	0.385106438
11484	0.386467107
11485	0.38420245
11486	0.382708996
11487	0.381862494
11488	0.381850109
11489	0.382762064
11490	0.380502001
11491	0.381615861
11492	0.382121326
11493	0.383304931
11494	0.384451204
11495	0.379160462
11496	0.37909149
11497	0.379765665
11498	0.377859355
11499	0.379164456
11500	0.362883485
11501	0.364652285
11502	0.359304652
11503	0.36083074
11504	0.362563317
11505	0.364360576
11506	0.362690157
11507	0.362962042
11508	0.363194309
11509	0.363290587
11510	0.357414026
11511	0.361064154
11512	0.360694511
11513	0.357243572
11514	0.360052609
11515	0.364952558
11516	0.360113291
11517	0.359502052
11518	0.362675141
11519	0.347990573
11520	0.348744857
11521	0.352516906
11522	0.354315554
11523	0.356619628
11524	0.358251574
11525	0.356858477
11526	0.357184447
11527	0.35781939
11528	0.358927789
11529	0.359559013
11530	0.365841116
11531	0.367235572
11532	0.368537128
11533	0.372940034
11534	0.373238679
11535	0.376380809
11536	0.378135185
11537	0.373703603
11538	0.375419022
11539	0.377631227
11540	0.376522305
11541	0.379258844
11542	0.37678605
11543	0.378552673
11544	0.379197329
11545	0.378891767
11546	0.381410812
11547	0.38310166
11548	0.379198893
11549	0.379916362
11550	0.380880591
11551	0.382348461
11552	0.378936069
11553	0.379126545
11554	0.381942943
11555	0.37672394
11556	0.380045137
11557	0.381113671
11558	0.383024497
11559	0.3851928
11560	0.385588918
11561	0.384804298
11562	0.389641588
11563	0.387671366
11564	0.387845948
11565	0.389294744
11566	0.390435175
11567	0.394825679
11568	0.396489822
11569	0.397427958
11570	0.397317424
11571	0.38676128
11572	0.387028903
11573	0.384609662
11574	0.386492117
11575	0.387602441
11576	0.399599414
11577	0.399249058
11578	0.406527036
11579	0.408786515
11580	0.409923755
11581	0.413505892
11582	0.413917133
11583	0.415395963
11584	0.417843102
11585	0.418367917
11586	0.41908311
11587	0.41668406
11588	0.417091372
11589	0.418628358
11590	0.419432625
11591	0.419649279
11592	0.411388214
11593	0.412309367
11594	0.410605182
11595	0.41099771
11596	0.411778273
11597	0.413586242
11598	0.414284458
11599	0.414368234
11600	0.411777985
11601	0.41429462
11602	0.415268086
11603	0.412973863
11604	0.413925449
11605	0.414238158
11606	0.414167555
11607	0.412643702
11608	0.413178813
11609	0.409103092
11610	0.409427913
11611	0.409619919
11612	0.409204089
11613	0.408629602
11614	0.409126702
11615	0.412495362
11616	0.396359733
11617	0.397400525
11618	0.398232542
11619	0.400780962
11620	0.396703788
11621	0.397672176
11622	0.39898315
11623	0.398899464
11624	0.400430893
11625	0.402048737
11626	0.40337402
11627	0.394947346
11628	0.397702221
11629	0.395010719
11630	0.397569107
11631	0.397855201
11632	0.398466925
11633	0.398049047
11634	0.400540377
11635	0.398556003
11636	0.398895798
11637	0.39956746
11638	0.399912408
11639	0.400511957
11640	0.395932233
11641	0.397606585
11642	0.399805361
11643	0.400247302
11644	0.402838445
11645	0.401328532
11646	0.401782161
11647	0.402831106
11648	0.403133462
11649	0.405135886
11650	0.406547206
11651	0.406395279
11652	0.406401908
11653	0.408522404
11654	0.409904037
11655	0.404227194
11656	0.404762314
11657	0.40578781
11658	0.406940496
11659	0.405852
11660	0.40614501
11661	0.403543471
11662	0.404845581
11663	0.405266401
11664	0.405195396
11665	0.406737105
11666	0.407294329
11667	0.403776869
11668	0.406142722
11669	0.403785327
11670	0.404372117
11671	0.406337998
11672	0.409668474
11673	0.408518208
11674	0.409349268
11675	0.411564642
11676	0.411968722
11677	0.410401987
11678	0.410808588
11679	0.412720827
11680	0.413156236
11681	0.414496596
11682	0.41917467
11683	0.419916689
11684	0.420140375
11685	0.41893526
11686	0.414929073
11687	0.418075941
11688	0.417958516
11689	0.418764551
11690	0.418829259
11691	0.409206063
11692	0.409295217
11693	0.410611786
11694	0.410526714
11695	0.386625062
11696	0.38862766
11697	0.391218021
11698	0.391710288
11699	0.393216282
11700	0.397616549
11701	0.39770439
11702	0.397786072
11703	0.39797404
11704	0.399574815
11705	0.392509121
11706	0.393328152
11707	0.390584224
11708	0.389918941
11709	0.385637865
11710	0.386103188
11711	0.388168087
11712	0.38738484
11713	0.385124762
11714	0.395580455
11715	0.395176497
11716	0.395656936
11717	0.395853131
11718	0.396580298
11719	0.395520838
11720	0.396421407
11721	0.396042497
11722	0.383508196
11723	0.384137153
11724	0.380248709
11725	0.382090753
11726	0.370567108
11727	0.371467355
11728	0.373250166
11729	0.375959119
11730	0.379997929
11731	0.369508642
11732	0.370139241
11733	0.368384474
11734	0.369669732
11735	0.368231426
11736	0.375121227
11737	0.375215642
11738	0.375544065
11739	0.378244934
11740	0.3804034
11741	0.382463463
11742	0.383281531
11743	0.382932547
11744	0.376199003
11745	0.376281682
11746	0.368983416
11747	0.3679032
11748	0.367387476
11749	0.367360075
11750	0.357001298
11751	0.358494119
11752	0.359338713
11753	0.357533502
11754	0.358912273
11755	0.349133475
11756	0.348487258
11757	0.349842181
11758	0.340367291
11759	0.34093412
11760	0.344245627
11761	0.345196437
11762	0.346923329
11763	0.348936613
11764	0.34934109
11765	0.349636308
11766	0.350536368
11767	0.351093994
11768	0.352509322
11769	0.353615628
11770	0.354684866
11771	0.357969424
11772	0.357051092
11773	0.358126194
11774	0.355902341
11775	0.354895269
11776	0.358121213
11777	0.360129727
11778	0.36182026
11779	0.363481222
11780	0.364722698
11781	0.366072029
11782	0.373936235
11783	0.37542259
11784	0.37594006
11785	0.376416871
11786	0.370398729
11787	0.372195808
11788	0.375806442
11789	0.375989799
11790	0.376562125
11791	0.378366565
11792	0.368374354
11793	0.364595931
11794	0.363018331
11795	0.365456586
11796	0.367407134
11797	0.369995203
11798	0.372765605
11799	0.373740565
11800	0.374546618
11801	0.374927634
11802	0.376065686
11803	0.377962876
11804	0.379902782
11805	0.379004404
11806	0.381492056
11807	0.382453341
11808	0.383632533
11809	0.384814755
11810	0.385895079
11811	0.384974751
11812	0.386601282
11813	0.387486513
11814	0.38727843
11815	0.388875976
11816	0.388677156
11817	0.389964688
11818	0.388112885
11819	0.388464976
11820	0.386459186
11821	0.387563321
11822	0.389063812
11823	0.383187984
11824	0.384652423
11825	0.386549983
11826	0.387126922
11827	0.388036779
11828	0.382991243
11829	0.361213193
11830	0.358502718
11831	0.357987168
11832	0.35895299
11833	0.356449861
11834	0.356585632
11835	0.356687849
11836	0.357884964
11837	0.350668703
11838	0.35015245
11839	0.354220552
11840	0.353414197
11841	0.354113007
11842	0.351773707
11843	0.353367587
11844	0.348395003
11845	0.361858413
11846	0.367418207
11847	0.369833764
11848	0.373205578
11849	0.370023013
11850	0.371940207
11851	0.370126872
11852	0.370598243
11853	0.372262004
11854	0.373874856
11855	0.376560936
11856	0.378938852
11857	0.38087531
11858	0.381254581
11859	0.381399666
11860	0.382441922
11861	0.38259834
11862	0.384022349
11863	0.384041744
11864	0.385248282
11865	0.383859754
11866	0.384025027
11867	0.384483595
11868	0.365969925
11869	0.356793861
11870	0.355262118
11871	0.356165791
11872	0.357087268
11873	0.360870302
11874	0.362213186
11875	0.362400431
11876	0.362764096
11877	0.35854852
11878	0.357794997
11879	0.370623248
11880	0.373336628
11881	0.376227387
11882	0.376820153
11883	0.381231445
11884	0.380153001
11885	0.380350717
11886	0.385172626
11887	0.387098174
11888	0.387058462
11889	0.38860918
11890	0.390102983
11891	0.390127262
11892	0.388376817
11893	0.389288782
11894	0.392119954
11895	0.389677637
11896	0.390340418
11897	0.390976334
11898	0.392880187
11899	0.394046178
11900	0.395069696
11901	0.395928781
11902	0.386928319
11903	0.388435886
11904	0.387884525
11905	0.389082358
11906	0.389577545
11907	0.392749889
11908	0.393801278
11909	0.379345205
11910	0.380859785
11911	0.38092694
11912	0.371613134
11913	0.370305635
11914	0.371511358
11915	0.371480351
11916	0.371696676
11917	0.369062308
11918	0.370130969
11919	0.365285658
11920	0.35599164
11921	0.356910558
11922	0.353018401
11923	0.3524066
11924	0.355569831
11925	0.359480009
11926	0.352634586
11927	0.353316103
11928	0.355455854
11929	0.358191046
11930	0.36068066
11931	0.358700301
11932	0.355275945
11933	0.355334083
11934	0.355711233
11935	0.352503244
11936	0.354557689
11937	0.357759628
11938	0.356737024
11939	0.356421207
11940	0.356335534
11941	0.355894076
11942	0.355222162
11943	0.351734174
11944	0.350655523
11945	0.355234559
11946	0.361963496
11947	0.363168052
11948	0.364221772
11949	0.346960866
11950	0.348012161
11951	0.34972107
11952	0.350144798
11953	0.352875467
11954	0.356212171
11955	0.359395605
11956	0.358925109
11957	0.354118557
11958	0.350713387
11959	0.350636047
11960	0.351652765
11961	0.357315268
11962	0.35330989
11963	0.347810109
11964	0.350320544
11965	0.351681743
11966	0.354195908
11967	0.353110503
11968	0.354484463
11969	0.354940702
11970	0.356202103
11971	0.356511962
11972	0.358844938
11973	0.359625642
11974	0.36265357
11975	0.363437523
11976	0.363001691
11977	0.363353802
11978	0.364805306
11979	0.36690388
11980	0.360969704
11981	0.361867298
11982	0.362958033
11983	0.364606914
11984	0.356987927
11985	0.35186199
11986	0.352921351
11987	0.356997199
11988	0.3589753
11989	0.357016194
11990	0.3581427
11991	0.357638627
11992	0.360754326
11993	0.359000343
11994	0.359001439
11995	0.359557598
11996	0.362284906
11997	0.366246272
11998	0.368323073
11999	0.361719435
12000	0.364217939
12001	0.362446771
12002	0.361536401
12003	0.362595759
12004	0.363015798
12005	0.369344328
12006	0.370257922
12007	0.373105016
12008	0.375563782
12009	0.376958012
12010	0.368529035
12011	0.368886101
12012	0.372669316
12013	0.374640736
12014	0.376763888
12015	0.373642721
12016	0.375982115
12017	0.369421145
12018	0.370051801
12019	0.366296523
12020	0.367706431
12021	0.369703511
12022	0.371768326
12023	0.374801425
12024	0.37543093
12025	0.376157465
12026	0.373391382
12027	0.373983807
12028	0.372092484
12029	0.371548314
12030	0.375564769
12031	0.376083422
12032	0.376675676
12033	0.376103376
12034	0.370793274
12035	0.371649352
12036	0.373520511
12037	0.374576906
12038	0.378103759
12039	0.37945997
12040	0.379776426
12041	0.384161775
12042	0.387345111
12043	0.380908166
12044	0.381370714
12045	0.381817612
12046	0.381795455
12047	0.382205618
12048	0.386464076
12049	0.388003309
12050	0.389608091
12051	0.382268797
12052	0.383318481
12053	0.383734376
12054	0.378856391
12055	0.381339663
12056	0.382045355
12057	0.383846801
12058	0.386854746
12059	0.388111098
12060	0.389615038
12061	0.393336496
12062	0.399668844
12063	0.39842295
12064	0.405920075
12065	0.408857656
12066	0.408785176
12067	0.413880082
12068	0.414149349
12069	0.417064218
12070	0.417307106
12071	0.418096843
12072	0.419879405
12073	0.420782372
12074	0.421022292
12075	0.421853984
12076	0.421595866
12077	0.423148513
12078	0.420294617
12079	0.41730643
12080	0.41268208
12081	0.412469617
12082	0.412481772
12083	0.404980596
12084	0.406143064
12085	0.407988321
12086	0.40790525
12087	0.401049559
12088	0.403922029
12089	0.406866599
12090	0.40198454
12091	0.400170892
12092	0.411294595
12093	0.414851162
12094	0.41821855
12095	0.418293933
12096	0.420001681
12097	0.421072966
12098	0.422162479
12099	0.42627289
12100	0.427443729
12101	0.427817923
12102	0.428008525
12103	0.42027009
12104	0.420132694
12105	0.421610572
12106	0.422387013
12107	0.424136264
12108	0.425681872
12109	0.426020454
12110	0.416245186
12111	0.419806724
12112	0.419052852
12113	0.422020121
12114	0.422324021
12115	0.427082029
12116	0.428202993
12117	0.42916214
12118	0.429764074
12119	0.428607883
12120	0.429221614
12121	0.428143473
12122	0.429064397
12123	0.428707123
12124	0.434968381
12125	0.434637237
12126	0.43627749
12127	0.432802472
12128	0.440284554
12129	0.441846602
12130	0.443309604
12131	0.443963444
12132	0.442374345
12133	0.442660456
12134	0.4435078
12135	0.44510814
12136	0.445648047
12137	0.443201299
12138	0.44425521
12139	0.440629003
12140	0.440373553
12141	0.443438132
12142	0.444831684
12143	0.445367782
12144	0.446495288
12145	0.447396198
12146	0.44932219
12147	0.44935994
12148	0.45005343
12149	0.442407447
12150	0.443423593
12151	0.445133089
12152	0.447450639
12153	0.447536067
12154	0.451335799
12155	0.451640635
12156	0.451053359
12157	0.454671992
12158	0.459544936
12159	0.457733984
12160	0.460504105
12161	0.458732142
12162	0.452601801
12163	0.447479684
12164	0.449090374
12165	0.452949681
12166	0.444764927
12167	0.448365638
12168	0.449404424
12169	0.450027188
12170	0.451102195
12171	0.451222407
12172	0.452332481
12173	0.45323136
12174	0.453657687
12175	0.453540567
12176	0.45417453
12177	0.455826458
12178	0.451979125
12179	0.451950859
12180	0.453009596
12181	0.453493537
12182	0.454156073
12183	0.455002176
12184	0.457753748
12185	0.461116395
12186	0.461082255
12187	0.448230038
12188	0.449386574
12189	0.449978768
12190	0.435527667
12191	0.437796731
12192	0.438723462
12193	0.439568117
12194	0.43613575
12195	0.437527393
12196	0.421868439
12197	0.425005338
12198	0.424456829
12199	0.426938337
12200	0.416257605
12201	0.41476102
12202	0.417489307
12203	0.417810962
12204	0.417982806
12205	0.409449349
12206	0.41146695
12207	0.412857198
12208	0.413716089
12209	0.390906058
12210	0.398002349
12211	0.39809315
12212	0.397947141
12213	0.40362393
12214	0.403496563
12215	0.406092038
12216	0.404922725
12217	0.408645511
12218	0.40511498
12219	0.409224149
12220	0.410658812
12221	0.414507103
12222	0.405356367
12223	0.405683453
12224	0.408705585
12225	0.409544449
12226	0.407888033
12227	0.411612901
12228	0.411032502
12229	0.411360821
12230	0.415229139
12231	0.416800994
12232	0.416221523
12233	0.419243747
12234	0.420614588
12235	0.422629548
12236	0.421840686
12237	0.425854249
12238	0.428384823
12239	0.440028589
12240	0.440424083
12241	0.441135147
12242	0.44237074
12243	0.443444392
12244	0.442729638
12245	0.443560319
12246	0.443748954
12247	0.443757793
12248	0.444464979
12249	0.446633697
12250	0.446934964
12251	0.444997575
12252	0.442019916
12253	0.443558608
12254	0.444888702
12255	0.43734175
12256	0.439142292
12257	0.442168445
12258	0.444215783
12259	0.445090641
12260	0.440718134
12261	0.44212489
12262	0.437043991
12263	0.436531086
12264	0.437843786
12265	0.428015193
12266	0.433902718
12267	0.426619845
12268	0.427831653
12269	0.428363644
12270	0.428853136
12271	0.43096327
12272	0.43108732
12273	0.424673081
12274	0.42722167
12275	0.427611626
12276	0.428958961
12277	0.429850769
12278	0.431825226
12279	0.432726414
12280	0.431106175
12281	0.432912911
12282	0.433290053
12283	0.426743672
12284	0.427687523
12285	0.423702159
12286	0.42486579
12287	0.426065299
12288	0.428086554
12289	0.430739978
12290	0.430886148
12291	0.437252433
12292	0.436832882
12293	0.438427781
12294	0.440005157
12295	0.44083913
12296	0.447651797
12297	0.448652832
12298	0.436488321
12299	0.432759008
12300	0.42449686
12301	0.424134998
12302	0.41907667
12303	0.417004676
12304	0.416717726
12305	0.418677915
12306	0.421224918
12307	0.42293251
12308	0.423505441
12309	0.427232601
12310	0.428084949
12311	0.427926272
12312	0.429375161
12313	0.4287441
12314	0.42775117
12315	0.430220202
12316	0.430238601
12317	0.434521611
12318	0.43535646
12319	0.436678477
12320	0.437223214
12321	0.435444013
12322	0.436384663
12323	0.433999483
12324	0.425660286
12325	0.42619764
12326	0.428151997
12327	0.427245825
12328	0.429969379
12329	0.430519434
12330	0.429079706
12331	0.429542357
12332	0.429430499
12333	0.423960246
12334	0.424379906
12335	0.425235284
12336	0.427932705
12337	0.430627431
12338	0.429122204
12339	0.429479616
12340	0.425903956
12341	0.42754381
12342	0.42785447
12343	0.427768885
12344	0.427637376
12345	0.427821659
12346	0.428948151
12347	0.42696869
12348	0.425855016
12349	0.423887807
12350	0.42541858
12351	0.420593346
12352	0.41776202
12353	0.422239847
12354	0.421645163
12355	0.423554552
12356	0.424241807
12357	0.424270045
12358	0.426091874
12359	0.410159905
12360	0.411067209
12361	0.411832412
12362	0.4143332
12363	0.420355415
12364	0.421808667
12365	0.423113369
12366	0.422769964
12367	0.425300979
12368	0.429075761
12369	0.429434264
12370	0.430224258
12371	0.430536021
12372	0.427742548
12373	0.429897529
12374	0.431462811
12375	0.432263475
12376	0.422868135
12377	0.423866662
12378	0.424039267
12379	0.417094883
12380	0.418569181
12381	0.41805249
12382	0.418458732
12383	0.418522461
12384	0.418908888
12385	0.41892353
12386	0.420493043
12387	0.4158039
12388	0.411487947
12389	0.41601302
12390	0.416053037
12391	0.416476989
12392	0.416517971
12393	0.417497199
12394	0.421030038
12395	0.417137837
12396	0.41867206
12397	0.418348488
12398	0.417162117
12399	0.41672615
12400	0.416543271
12401	0.410282506
12402	0.41205377
12403	0.403331818
12404	0.404774857
12405	0.40790642
12406	0.410139737
12407	0.412006473
12408	0.39675753
12409	0.394184441
12410	0.387763808
12411	0.390816082
12412	0.391584548
12413	0.388496871
12414	0.385585674
12415	0.388289438
12416	0.388173153
12417	0.388519741
12418	0.387251479
12419	0.384153371
12420	0.386618993
12421	0.388816363
12422	0.395375068
12423	0.397085535
12424	0.390798721
12425	0.394127371
12426	0.394211381
12427	0.392482657
12428	0.389565627
12429	0.393320494
12430	0.394779639
12431	0.396157826
12432	0.377102826
12433	0.377466272
12434	0.375743357
12435	0.377389969
12436	0.377453144
12437	0.362652964
12438	0.363714919
12439	0.366815671
12440	0.368292585
12441	0.364056325
12442	0.365698951
12443	0.369747816
12444	0.368735886
12445	0.370007623
12446	0.372427452
12447	0.353347204
12448	0.356862147
12449	0.356758945
12450	0.361807105
12451	0.358780196
12452	0.363710385
12453	0.365753654
12454	0.369744029
12455	0.370769179
12456	0.372400869
12457	0.37394868
12458	0.377399432
12459	0.37773422
12460	0.380381504
12461	0.383530829
12462	0.384360782
12463	0.386878043
12464	0.378935955
12465	0.370489426
12466	0.374731026
12467	0.371910986
12468	0.373620083
12469	0.374134076
12470	0.372583418
12471	0.374462597
12472	0.360865589
12473	0.362662872
12474	0.35777093
12475	0.358637606
12476	0.360167344
12477	0.357900651
12478	0.358716564
12479	0.356828718
12480	0.358083904
12481	0.356920834
12482	0.354973396
12483	0.355639055
12484	0.35651337
12485	0.357547977
12486	0.357708718
12487	0.360985898
12488	0.362388666
12489	0.361925386
12490	0.368354925
12491	0.365882009
12492	0.368664944
12493	0.37033389
12494	0.369911616
12495	0.371177754
12496	0.377355462
12497	0.372905662
12498	0.360352218
12499	0.361281273
12500	0.361907781
12501	0.362215407
12502	0.361952646
12503	0.363156348
12504	0.363748812
12505	0.363594871
12506	0.349280856
12507	0.341891057
12508	0.336454877
12509	0.330381543
12510	0.330456532
12511	0.330655188
12512	0.335506313
12513	0.335860896
12514	0.338256114
12515	0.337670561
12516	0.33770111
12517	0.332593717
12518	0.326028537
12519	0.328085207
12520	0.331241839
12521	0.325489702
12522	0.327386551
12523	0.330131829
12524	0.339297159
12525	0.339580222
12526	0.337921355
12527	0.33912862
12528	0.341716092
12529	0.342607001
12530	0.339780541
12531	0.339813651
12532	0.340034285
12533	0.337392901
12534	0.339931523
12535	0.339586542
12536	0.343300866
12537	0.345790791
12538	0.346616177
12539	0.347828361
12540	0.347718456
12541	0.351682882
12542	0.351343064
12543	0.353830621
12544	0.364408008
12545	0.35865634
12546	0.358121181
12547	0.35661407
12548	0.356549983
12549	0.35412116
12550	0.358862112
12551	0.353026034
12552	0.353403074
12553	0.35438629
12554	0.355074214
12555	0.356769815
12556	0.353222162
12557	0.356628633
12558	0.358796778
12559	0.362178845
12560	0.360597824
12561	0.364089641
12562	0.364846563
12563	0.366648473
12564	0.368339617
12565	0.369131629
12566	0.365191368
12567	0.366173403
12568	0.366234673
12569	0.362406363
12570	0.363651971
12571	0.364127912
12572	0.365115111
12573	0.356427109
12574	0.360534386
12575	0.359069856
12576	0.359666874
12577	0.359492768
12578	0.36059533
12579	0.362448506
12580	0.365012239
12581	0.364288064
12582	0.364614069
12583	0.364303755
12584	0.360002314
12585	0.362639998
12586	0.362890847
12587	0.35512285
12588	0.354553221
12589	0.354281249
12590	0.355606938
12591	0.34785125
12592	0.349084865
12593	0.349730192
12594	0.353010432
12595	0.353926375
12596	0.356437675
12597	0.357446801
12598	0.354131384
12599	0.354264625
12600	0.352874346
12601	0.34436811
12602	0.344949219
12603	0.347919261
12604	0.347979832
12605	0.349904366
12606	0.350106137
12607	0.342539582
12608	0.336260726
12609	0.340381884
12610	0.338873656
12611	0.340429002
12612	0.341675263
12613	0.344426303
12614	0.344331899
12615	0.347699277
12616	0.348346532
12617	0.3497187
12618	0.348438792
12619	0.349409549
12620	0.349753942
12621	0.348712325
12622	0.349241917
12623	0.350394636
12624	0.350759296
12625	0.352947484
12626	0.354422368
12627	0.355076831
12628	0.346855323
12629	0.340548487
12630	0.338578231
12631	0.339970279
12632	0.335775292
12633	0.338548212
12634	0.339082336
12635	0.339149279
12636	0.34353567
12637	0.344854695
12638	0.345269353
12639	0.342822489
12640	0.344356418
12641	0.34415366
12642	0.341758587
12643	0.343288504
12644	0.34474886
12645	0.340262855
12646	0.341626534
12647	0.343324968
12648	0.34652592
12649	0.349820377
12650	0.351397964
12651	0.351909289
12652	0.352347179
12653	0.353609861
12654	0.354425343
12655	0.354397607
12656	0.353250867
12657	0.353617168
12658	0.354961723
12659	0.349970914
12660	0.351355117
12661	0.347241422
12662	0.350498788
12663	0.349064856
12664	0.349326855
12665	0.34619798
12666	0.346740699
12667	0.346294684
12668	0.347131259
12669	0.349599732
12670	0.348527637
12671	0.348848203
12672	0.352064505
12673	0.35324203
12674	0.355374515
12675	0.354768865
12676	0.354721553
12677	0.355819333
12678	0.353929079
12679	0.347068343
12680	0.345052164
12681	0.344684339
12682	0.336405368
12683	0.337660927
12684	0.337360765
12685	0.339235724
12686	0.340412069
12687	0.336279537
12688	0.338013063
12689	0.343681207
12690	0.349078733
12691	0.350406391
12692	0.351614712
12693	0.354808491
12694	0.355442227
12695	0.356531315
12696	0.356898733
12697	0.357039719
12698	0.357061692
12699	0.357117344
12700	0.35775592
12701	0.358039714
12702	0.360318228
12703	0.359681146
12704	0.341427351
12705	0.33981895
12706	0.340652852
12707	0.341817161
12708	0.344187437
12709	0.344822281
12710	0.345405669
12711	0.344805737
12712	0.347583434
12713	0.348008175
12714	0.349597777
12715	0.349765314
12716	0.349927347
12717	0.349915189
12718	0.349560655
12719	0.35023366
12720	0.350576285
12721	0.353576641
12722	0.353812943
12723	0.35441312
12724	0.355999756
12725	0.350242418
12726	0.350105628
12727	0.351196977
12728	0.351568292
12729	0.352684692
12730	0.347110934
12731	0.347270495
12732	0.342705068
12733	0.342784062
12734	0.343132157
12735	0.343184373
12736	0.344298856
12737	0.337373387
12738	0.337413739
12739	0.331779112
12740	0.331823053
12741	0.335087148
12742	0.327072454
12743	0.327259385
12744	0.330229065
12745	0.326891593
12746	0.324379883
12747	0.321278624
12748	0.319867214
12749	0.320928204
12750	0.321985765
12751	0.323121037
12752	0.325179098
12753	0.326177396
12754	0.327900724
12755	0.328692499
12756	0.327150938
12757	0.327348407
12758	0.30400971
12759	0.303160863
12760	0.303531182
12761	0.304927449
12762	0.305621327
12763	0.3001777
12764	0.299107579
12765	0.301526337
12766	0.295834964
12767	0.293564624
12768	0.290974228
12769	0.293420997
12770	0.295412227
12771	0.297853649
12772	0.305449503
12773	0.309298072
12774	0.312805437
12775	0.318353294
12776	0.319213712
12777	0.320463279
12778	0.320768981
12779	0.320219112
12780	0.318588501
12781	0.319343583
12782	0.320784188
12783	0.324459479
12784	0.327855605
12785	0.330049063
12786	0.33300361
12787	0.334193298
12788	0.335600415
12789	0.337803969
12790	0.337859625
12791	0.341464888
12792	0.33977695
12793	0.33699911
12794	0.340386447
12795	0.343025663
12796	0.344784927
12797	0.347161389
12798	0.346591909
12799	0.346757586
12800	0.348894121
12801	0.353250167
12802	0.354799749
12803	0.357536484
12804	0.355383371
12805	0.355898113
12806	0.351468453
12807	0.352882932
12808	0.350834551
12809	0.34965825
12810	0.351835517
12811	0.354217467
12812	0.352459574
12813	0.352717852
12814	0.355416817
12815	0.357690913
12816	0.363562256
12817	0.364921265
12818	0.367242408
12819	0.370304565
12820	0.368637646
12821	0.369274873
12822	0.371040815
12823	0.373440813
12824	0.377714695
12825	0.378469789
12826	0.379990956
12827	0.382976524
12828	0.383295427
12829	0.383921441
12830	0.385529445
12831	0.386406544
12832	0.387256303
12833	0.39085954
12834	0.386884753
