STARNDARD	z
0	3.95862069
1	3.961576355
2	3.963546798
3	3.958702065
4	3.958661417
5	3.961576355
6	3.960552268
7	3.963402572
8	3.961500494
9	3.962524655
10	3.96933729
11	3.969276511
12	3.96531219
13	3.958291956
14	3.952380952
15	3.950544016
16	3.949454906
17	3.951388889
18	3.940652819
19	3.945436508
20	3.948207171
21	3.948207171
22	3.948155533
23	3.950149551
24	3.948310139
25	3.954274354
26	3.957298908
27	3.952286282
28	3.952475248
29	3.955401388
30	3.95256917
31	3.958333333
32	3.961271102
33	3.959244533
34	3.951388889
35	3.954274354
36	3.946428571
37	3.947420635
38	3.954274354
39	3.957298908
40	3.963220676
41	3.959325397
42	3.95734127
43	3.953373016
44	3.958167331
45	3.958333333
46	3.965139442
47	3.962301587
48	3.965104686
49	3.968095713
50	3.96812749
51	3.969123506
52	3.971115538
53	3.967229394
54	3.968253968
55	3.967229394
56	3.964179104
57	3.963293651
58	3.965174129
59	3.965104686
60	3.965139442
61	3.956349206
62	3.958250497
63	3.96039604
64	3.957425743
65	3.961309524
66	3.954455446
67	3.961232604
68	3.959365709
69	3.950544016
70	3.94836147
71	3.950445986
72	3.958291956
73	3.951485149
74	3.954319762
75	3.95531281
76	3.95049505
77	3.943564356
78	3.945436508
79	3.940711462
80	3.946587537
81	3.949554896
82	3.950592885
83	3.956478734
84	3.947628458
85	3.950641658
86	3.947783251
87	3.942913386
88	3.943952802
89	3.952522255
90	3.949604743
91	3.949604743
92	3.945705824
93	3.946640316
94	3.946481665
95	3.944609298
96	3.948463826
97	3.946692991
98	3.946587537
99	3.941699605
100	3.942687747
101	3.938735178
102	3.92920354
103	3.930966469
104	3.936821323
105	3.942857143
106	3.94679803
107	3.943786982
108	3.949604743
109	3.953233831
110	3.951485149
111	3.948717949
112	3.946692991
113	3.944827586
114	3.942857143
115	3.950544016
116	3.95256917
117	3.957425743
118	3.956478734
119	3.958456973
120	3.961386139
121	3.962450593
122	3.964391691
123	3.95952616
124	3.958538993
125	3.960474308
126	3.955621302
127	3.957551826
128	3.956564659
129	3.957551826
130	3.962413452
131	3.957509881
132	3.95270936
133	3.956607495
134	3.956607495
135	3.955665025
136	3.960552268
137	3.961538462
138	3.952848723
139	3.959605911
140	3.959605911
141	3.959486166
142	3.960435213
143	3.961462451
144	3.961386139
145	3.955445545
146	3.953511375
147	3.950544016
148	3.948667325
149	3.953465347
150	3.947628458
151	3.951628825
152	3.954500495
153	3.951628825
154	3.953511375
155	3.950544016
156	3.941929134
157	3.937992126
158	3.953373016
159	3.943620178
160	3.944609298
161	3.948463826
162	3.950544016
163	3.941757157
164	3.943620178
165	3.945544554
166	3.945490585
167	3.938613861
168	3.945382324
169	3.953419227
170	3.947576657
171	3.952428147
172	3.953419227
173	3.951340616
174	3.944718657
175	3.954365079
176	3.943675889
177	3.946481665
178	3.944718657
179	3.945705824
180	3.959285005
181	3.956392468
182	3.951581028
183	3.955489614
184	3.958456973
185	3.961309524
186	3.958333333
187	3.959325397
188	3.966169154
189	3.962338949
190	3.965346535
191	3.964391691
192	3.962450593
193	3.957551826
194	3.955665025
195	3.959566075
196	3.954679803
197	3.954679803
198	3.957509881
199	3.967294351
200	3.966369931
201	3.96248766
202	3.963402572
203	3.961462451
204	3.96432111
205	3.957425743
206	3.958374628
207	3.951388889
208	3.956262425
209	3.960119641
210	3.95531281
211	3.957256461
212	3.952380952
213	3.951340616
214	3.954137587
215	3.947472745
216	3.953233831
217	3.947420635
218	3.950445986
219	3.941757157
220	3.954319762
221	3.955445545
222	3.95526839
223	3.947628458
224	3.956349206
225	3.948667325
226	3.956349206
227	3.956478734
228	3.957425743
229	3.959365709
230	3.963293651
231	3.959365709
232	3.957298908
233	3.955401388
234	3.960356789
235	3.953511375
236	3.953557312
237	3.95256917
238	3.950396825
239	3.954319762
240	3.952428147
241	3.954365079
242	3.947680158
243	3.952475248
244	3.94679803
245	3.952615992
246	3.954500495
247	3.955489614
248	3.955489614
249	3.956392468
250	3.956478734
251	3.963366337
252	3.951676529
253	3.953603159
254	3.956521739
255	3.957467854
256	3.955489614
257	3.953603159
258	3.953557312
259	3.953557312
260	3.961424332
261	3.963293651
262	3.958456973
263	3.960474308
264	3.954545455
265	3.958579882
266	3.955621302
267	3.953694581
268	3.958579882
269	3.961500494
270	3.953785644
271	3.953694581
272	3.95862069
273	3.965449161
274	3.963510848
275	3.961614173
276	3.962598425
277	3.965483235
278	3.969428008
279	3.97044335
280	3.970414201
281	3.961576355
282	3.961576355
283	3.958702065
284	3.955795678
285	3.961576355
286	3.958661417
287	3.962561576
288	3.966502463
289	3.964497041
290	3.958661417
291	3.960474308
292	3.958579882
293	3.961576355
294	3.966535433
295	3.964566929
296	3.968441815
297	3.969428008
298	3.963546798
299	3.963510848
300	3.965517241
301	3.966502463
302	3.968472906
303	3.965585054
304	3.965585054
305	3.96460177
306	3.960745829
307	3.960745829
308	3.961651917
309	3.963582677
310	3.96453202
311	3.963546798
312	3.964566929
313	3.967455621
314	3.967519685
315	3.964636542
316	3.967519685
317	3.97044335
318	3.971428571
319	3.976331361
320	3.977317554
321	3.973399015
322	3.973399015
323	3.972413793
324	3.972440945
325	3.969518191
326	3.969548134
327	3.969578018
328	3.969578018
329	3.965618861
330	3.959764475
331	3.960707269
332	3.959645669
333	3.96248766
334	3.957635468
335	3.955621302
336	3.957593688
337	3.959605911
338	3.962598425
339	3.96453202
340	3.963474827
341	3.961424332
342	3.969154229
343	3.96531219
344	3.965346535
345	3.968222443
346	3.960356789
347	3.96333003
348	3.967294351
349	3.96333003
350	3.966202783
351	3.96432111
352	3.969215492
353	3.966269841
354	3.962338949
355	3.960474308
356	3.953603159
357	3.957551826
358	3.959446093
359	3.961347869
360	3.96031746
361	3.957425743
362	3.958456973
363	3.958538993
364	3.950835792
365	3.956607495
366	3.961462451
367	3.966336634
368	3.963366337
369	3.961424332
370	3.961386139
371	3.958415842
372	3.953419227
373	3.947576657
374	3.950396825
375	3.943620178
376	3.952380952
377	3.956392468
378	3.950445986
379	3.948412698
380	3.945544554
381	3.951485149
382	3.954455446
383	3.959285005
384	3.951533136
385	3.954545455
386	3.950738916
387	3.959486166
388	3.959566075
389	3.967423495
390	3.971343874
391	3.970355731
392	3.968441815
393	3.971400394
394	3.969367589
395	3.968379447
396	3.969428008
397	3.971400394
398	3.977295163
399	3.977317554
400	3.97635468
401	3.963582677
402	3.962561576
403	3.967423495
404	3.965517241
405	3.963510848
406	3.957635468
407	3.957635468
408	3.961576355
409	3.963582677
410	3.965517241
411	3.967455621
412	3.970414201
413	3.965585054
414	3.963654224
415	3.960745829
416	3.959764475
417	3.955882353
418	3.957801766
419	3.959764475
420	3.957760314
421	3.958783121
422	3.960707269
423	3.960707269
424	3.957801766
425	3.955839058
426	3.958742633
427	3.957635468
428	3.959605911
429	3.953694581
430	3.958538993
431	3.957635468
432	3.95862069
433	3.957635468
434	3.957593688
435	3.961500494
436	3.957593688
437	3.954635108
438	3.957551826
439	3.961538462
440	3.958661417
441	3.957718781
442	3.960591133
443	3.953785644
444	3.957635468
445	3.955795678
446	3.958661417
447	3.962598425
448	3.959685349
449	3.957801766
450	3.955839058
451	3.958702065
452	3.957760314
453	3.965517241
454	3.962635202
455	3.960707269
456	3.963618486
457	3.968441815
458	3.965517241
459	3.966502463
460	3.95952616
461	3.961462451
462	3.964461994
463	3.968379447
464	3.972277228
465	3.974257426
466	3.976190476
467	3.980178394
468	3.976237624
469	3.973293769
470	3.974282888
471	3.973240833
472	3.972277228
473	3.97029703
474	3.96735905
475	3.97029703
476	3.96735905
477	3.965449161
478	3.971258672
479	3.976237624
480	3.976284585
481	3.973320158
482	3.970414201
483	3.970384995
484	3.968472906
485	3.965551181
486	3.968472906
487	3.974282888
488	3.975296443
489	3.976284585
490	3.970414201
491	3.972386588
492	3.969428008
493	3.965517241
494	3.961576355
495	3.95952616
496	3.962450593
497	3.967294351
498	3.973187686
499	3.974257426
500	3.972304649
501	3.968316832
502	3.966403162
503	3.969397828
504	3.969397828
505	3.967423495
506	3.972277228
507	3.972222222
508	3.971258672
509	3.976166832
510	3.978174603
511	3.975198413
512	3.97029703
513	3.967261905
514	3.96333003
515	3.967326733
516	3.964285714
517	3.962338949
518	3.966269841
519	3.96432111
520	3.964426877
521	3.962524655
522	3.969276511
523	3.972222222
524	3.967326733
525	3.972277228
526	3.972277228
527	3.961462451
528	3.962450593
529	3.963293651
530	3.964285714
531	3.957425743
532	3.955489614
533	3.962301587
534	3.965277778
535	3.963293651
536	3.957467854
537	3.957467854
538	3.958456973
539	3.965243297
540	3.973161034
541	3.972222222
542	3.968316832
543	3.966403162
544	3.968379447
545	3.977205154
546	3.971400394
547	3.972249752
548	3.966369931
549	3.971258672
550	3.974206349
551	3.973240833
552	3.977159881
553	3.97415507
554	3.971230159
555	3.971201589
556	3.965243297
557	3.964250248
558	3.962301587
559	3.966135458
560	3.967196819
561	3.961309524
562	3.967261905
563	3.973080758
564	3.974129353
565	3.976143141
566	3.971287129
567	3.965346535
568	3.969215492
569	3.970149254
570	3.975099602
571	3.972222222
572	3.97029703
573	3.969276511
574	3.96735905
575	3.964461994
576	3.96735905
577	3.968410661
578	3.96735905
579	3.964497041
580	3.967391304
581	3.969367589
582	3.967423495
583	3.971315529
584	3.969397828
585	3.968472906
586	3.962598425
587	3.965517241
588	3.966469428
589	3.966403162
590	3.965449161
591	3.961500494
592	3.964461994
593	3.962450593
594	3.957593688
595	3.956735497
596	3.960591133
597	3.95862069
598	3.962524655
599	3.961538462
600	3.960552268
601	3.960629921
602	3.961576355
603	3.962524655
604	3.961614173
605	3.960629921
606	3.960629921
607	3.960629921
608	3.963582677
609	3.965517241
610	3.966469428
611	3.969367589
612	3.969397828
613	3.971372162
614	3.970384995
615	3.9743083
616	3.972304649
617	3.968441815
618	3.970355731
619	3.966469428
620	3.967423495
621	3.970355731
622	3.974257426
623	3.966436328
624	3.966403162
625	3.963474827
626	3.96541502
627	3.960552268
628	3.958742633
629	3.962598425
630	3.960629921
631	3.955752212
632	3.962561576
633	3.95952616
634	3.956435644
635	3.947834646
636	3.951724138
637	3.954590326
638	3.953694581
639	3.95280236
640	3.948969578
641	3.954724409
642	3.955752212
643	3.954724409
644	3.958579882
645	3.957593688
646	3.955752212
647	3.952662722
648	3.951628825
649	3.951581028
650	3.952522255
651	3.953465347
652	3.95256917
653	3.952522255
654	3.953511375
655	3.951533136
656	3.943675889
657	3.945598417
658	3.947472745
659	3.944554455
660	3.950544016
661	3.949554896
662	3.957298908
663	3.95734127
664	3.953557312
665	3.961386139
666	3.964356436
667	3.963366337
668	3.964356436
669	3.958579882
670	3.958498024
671	3.961386139
672	3.959446093
673	3.953465347
674	3.954455446
675	3.957509881
676	3.957509881
677	3.956521739
678	3.953603159
679	3.959365709
680	3.962189055
681	3.963293651
682	3.966336634
683	3.968379447
684	3.960552268
685	3.960629921
686	3.956735497
687	3.954857704
688	3.957551826
689	3.956521739
690	3.954590326
691	3.950690335
692	3.950641658
693	3.951628825
694	3.946640316
695	3.958291956
696	3.945705824
697	3.958374628
698	3.959285005
699	3.959325397
700	3.957383548
701	3.964250248
702	3.96531219
703	3.95952616
704	3.96333003
705	3.96333003
706	3.961386139
707	3.967196819
708	3.970238095
709	3.961538462
710	3.963438735
711	3.954590326
712	3.948768473
713	3.957467854
714	3.959446093
715	3.963438735
716	3.963510848
717	3.957593688
718	3.960474308
719	3.960474308
720	3.963402572
721	3.966403162
722	3.96248766
723	3.96735905
724	3.967423495
725	3.970355731
726	3.972277228
727	3.968253968
728	3.965277778
729	3.969246032
730	3.968285431
731	3.969246032
732	3.971144279
733	3.974180735
734	3.971230159
735	3.973187686
736	3.97415507
737	3.976143141
738	3.976166832
739	3.972222222
740	3.96432111
741	3.967196819
742	3.970178926
743	3.96812749
744	3.961347869
745	3.968159204
746	3.97020854
747	3.972249752
748	3.972139303
749	3.967294351
750	3.966303271
751	3.972222222
752	3.972249752
753	3.96735905
754	3.973214286
755	3.968285431
756	3.968285431
757	3.970238095
758	3.97020854
759	3.966336634
760	3.972166998
761	3.967229394
762	3.972139303
763	3.970238095
764	3.96735905
765	3.96933729
766	3.973240833
767	3.973214286
768	3.978131213
769	3.978174603
770	3.969428008
771	3.9743083
772	3.9743083
773	3.973346496
774	3.969428008
775	3.96933729
776	3.970326409
777	3.969306931
778	3.970355731
779	3.96933729
780	3.972277228
781	3.964461994
782	3.96531219
783	3.962338949
784	3.96333003
785	3.962338949
786	3.964143426
787	3.959325397
788	3.960238569
789	3.964179104
790	3.954410307
791	3.959040959
792	3.956087824
793	3.952143569
794	3.946481665
795	3.946481665
796	3.937747036
797	3.948463826
798	3.956349206
799	3.953465347
800	3.957467854
801	3.965277778
802	3.960356789
803	3.960435213
804	3.962338949
805	3.957425743
806	3.958415842
807	3.956478734
808	3.958374628
809	3.962338949
810	3.962338949
811	3.952662722
812	3.96031746
813	3.968190855
814	3.966269841
815	3.962264151
816	3.964214712
817	3.954455446
818	3.958333333
819	3.953557312
820	3.957509881
821	3.96039604
822	3.961386139
823	3.96531219
824	3.975198413
825	3.972222222
826	3.968222443
827	3.964391691
828	3.969184891
829	3.962301587
830	3.958415842
831	3.955401388
832	3.955401388
833	3.956392468
834	3.949704142
835	3.950690335
836	3.955665025
837	3.958579882
838	3.958498024
839	3.951771654
840	3.952522255
841	3.951771654
842	3.954635108
843	3.95952616
844	3.951771654
845	3.955621302
846	3.956564659
847	3.957551826
848	3.957635468
849	3.95270936
850	3.950787402
851	3.952755906
852	3.954635108
853	3.956564659
854	3.951724138
855	3.95952616
856	3.957635468
857	3.955665025
858	3.957677165
859	3.956650246
860	3.955665025
861	3.954724409
862	3.956650246
863	3.952615992
864	3.94679803
865	3.948667325
866	3.950738916
867	3.955577493
868	3.956478734
869	3.956564659
870	3.961500494
871	3.958498024
872	3.959365709
873	3.955577493
874	3.954545455
875	3.959365709
876	3.954545455
877	3.958456973
878	3.960356789
879	3.957383548
880	3.95256917
881	3.951581028
882	3.947731755
883	3.955533597
884	3.957551826
885	3.949753695
886	3.954500495
887	3.949604743
888	3.950592885
889	3.953511375
890	3.955489614
891	3.959486166
892	3.96039604
893	3.965346535
894	3.969276511
895	3.964391691
896	3.968285431
897	3.967229394
898	3.966303271
899	3.959446093
900	3.957509881
901	3.962301587
902	3.972111554
903	3.96531219
904	3.967261905
905	3.967294351
906	3.967326733
907	3.964285714
908	3.962338949
909	3.964356436
910	3.966336634
911	3.958333333
912	3.958415842
913	3.961386139
914	3.955533597
915	3.955533597
916	3.953511375
917	3.956435644
918	3.960356789
919	3.955577493
920	3.963293651
921	3.960356789
922	3.96031746
923	3.961271102
924	3.96432111
925	3.964391691
926	3.961386139
927	3.960199005
928	3.960238569
929	3.954410307
930	3.959325397
931	3.955445545
932	3.963220676
933	3.965174129
934	3.9632572
935	3.965243297
936	3.960356789
937	3.958374628
938	3.967164179
939	3.96318408
940	3.95920398
941	3.958374628
942	3.961271102
943	3.956435644
944	3.957383548
945	3.954500495
946	3.952615992
947	3.952522255
948	3.955533597
949	3.955533597
950	3.96333003
951	3.964250248
952	3.961347869
953	3.962376238
954	3.958456973
955	3.956521739
956	3.950738916
957	3.964250248
958	3.955489614
959	3.961271102
960	3.961309524
961	3.967229394
962	3.96541502
963	3.956564659
964	3.958374628
965	3.958456973
966	3.96039604
967	3.953648915
968	3.959486166
969	3.966336634
970	3.961462451
971	3.958579882
972	3.956521739
973	3.955577493
974	3.958498024
975	3.957509881
976	3.961424332
977	3.961347869
978	3.96333003
979	3.964356436
980	3.964356436
981	3.967326733
982	3.967294351
983	3.962450593
984	3.96541502
985	3.963366337
986	3.960474308
987	3.96031746
988	3.958374628
989	3.956478734
990	3.957425743
991	3.963293651
992	3.962264151
993	3.959446093
994	3.961347869
995	3.962301587
996	3.960435213
997	3.962376238
998	3.96333003
999	3.968316832
1000	3.96735905
1001	3.965380811
1002	3.957593688
1003	3.958579882
1004	3.960356789
1005	3.949704142
1006	3.956521739
1007	3.951628825
1008	3.955577493
1009	3.943842365
1010	3.948514851
1011	3.952475248
1012	3.960159363
1013	3.964107677
1014	3.958250497
1015	3.95049505
1016	3.957298908
1017	3.951437066
1018	3.948412698
1019	3.949354518
1020	3.951097804
1021	3.956131605
1022	3.953280318
1023	3.952286282
1024	3.957256461
1025	3.945544554
1026	3.948463826
1027	3.952286282
1028	3.952286282
1029	3.954183267
1030	3.954183267
1031	3.963
1032	3.961
1033	3.945328032
1034	3.955867603
1035	3.954954955
1036	3.95114656
1037	3.949304175
1038	3.95721393
1039	3.957171315
1040	3.952333664
1041	3.953419227
1042	3.954365079
1043	3.959285005
1044	3.955357143
1045	3.952286282
1046	3.951533136
1047	3.956392468
1048	3.953557312
1049	3.956521739
1050	3.953511375
1051	3.951724138
1052	3.943786982
1053	3.947628458
1054	3.943508424
1055	3.951243781
1056	3.952191235
1057	3.953326713
1058	3.948463826
1059	3.943564356
1060	3.9375
1061	3.944278607
1062	3.947368421
1063	3.953187251
1064	3.947472745
1065	3.952428147
1066	3.955445545
1067	3.954500495
1068	3.953419227
1069	3.945652174
1070	3.943731491
1071	3.944664032
1072	3.939663699
1073	3.95049505
1074	3.948463826
1075	3.952380952
1076	3.958291956
1077	3.958374628
1078	3.959405941
1079	3.968222443
1080	3.957425743
1081	3.949604743
1082	3.949654492
1083	3.953557312
1084	3.948768473
1085	3.947783251
1086	3.945652174
1087	3.950592885
1088	3.958456973
1089	3.958456973
1090	3.956564659
1091	3.957467854
1092	3.955533597
1093	3.950592885
1094	3.955533597
1095	3.956564659
1096	3.957551826
1097	3.960435213
1098	3.959446093
1099	3.959486166
1100	3.958456973
1101	3.961309524
1102	3.964391691
1103	3.962413452
1104	3.960474308
1105	3.967391304
1106	3.966403162
1107	3.963474827
1108	3.966403162
1109	3.966436328
1110	3.967423495
1111	3.967391304
1112	3.966403162
1113	3.963438735
1114	3.951724138
1115	3.947731755
1116	3.954500495
1117	3.953603159
1118	3.955577493
1119	3.956650246
1120	3.960474308
1121	3.959566075
1122	3.954679803
1123	3.962450593
1124	3.961500494
1125	3.958579882
1126	3.961462451
1127	3.954635108
1128	3.957467854
1129	3.955445545
1130	3.954500495
1131	3.954410307
1132	3.959325397
1133	3.956435644
1134	3.947628458
1135	3.954365079
1136	3.951388889
1137	3.953326713
1138	3.955357143
1139	3.952428147
1140	3.946692991
1141	3.956305859
1142	3.960238569
1143	3.960238569
1144	3.957383548
1145	3.954410307
1146	3.952475248
1147	3.953419227
1148	3.948667325
1149	3.954410307
1150	3.952428147
1151	3.953373016
1152	3.946534653
1153	3.940711462
1154	3.945652174
1155	3.953419227
1156	3.958291956
1157	3.954319762
1158	3.947628458
1159	3.95049505
1160	3.955445545
1161	3.946850394
1162	3.944062807
1163	3.953648915
1164	3.953648915
1165	3.956607495
1166	3.959566075
1167	3.963402572
1168	3.958538993
1169	3.955577493
1170	3.95952616
1171	3.957635468
1172	3.955621302
1173	3.955665025
1174	3.957551826
1175	3.955621302
1176	3.951724138
1177	3.948818898
1178	3.954590326
1179	3.958498024
1180	3.950641658
1181	3.951676529
1182	3.953694581
1183	3.955665025
1184	3.956650246
1185	3.95280236
1186	3.957635468
1187	3.957551826
1188	3.957593688
1189	3.956692913
1190	3.960591133
1191	3.957635468
1192	3.95952616
1193	3.95280236
1194	3.954724409
1195	3.960513327
1196	3.961538462
1197	3.963510848
1198	3.961576355
1199	3.963510848
1200	3.963510848
1201	3.959566075
1202	3.94488189
1203	3.946640316
1204	3.944609298
1205	3.939782823
1206	3.95049505
1207	3.949654492
1208	3.953603159
1209	3.955621302
1210	3.956564659
1211	3.948818898
1212	3.947783251
1213	3.95734127
1214	3.954545455
1215	3.950544016
1216	3.952522255
1217	3.95256917
1218	3.945759369
1219	3.950544016
1220	3.948616601
1221	3.946640316
1222	3.946692991
1223	3.951533136
1224	3.950690335
1225	3.957425743
1226	3.960278054
1227	3.956478734
1228	3.960278054
1229	3.953511375
1230	3.954455446
1231	3.959244533
1232	3.959325397
1233	3.950544016
1234	3.951437066
1235	3.948514851
1236	3.947420635
1237	3.945436508
1238	3.955223881
1239	3.957298908
1240	3.956478734
1241	3.951581028
1242	3.955445545
1243	3.94950495
1244	3.950544016
1245	3.948565776
1246	3.945652174
1247	3.941699605
1248	3.939484127
1249	3.941468254
1250	3.940357853
1251	3.946375372
1252	3.942403178
1253	3.939363817
1254	3.948207171
1255	3.942517344
1256	3.947420635
1257	3.947420635
1258	3.950248756
1259	3.946322068
1260	3.94836147
1261	3.950248756
1262	3.943283582
1263	3.934393638
1264	3.942115768
1265	3.934458788
1266	3.943283582
1267	3.937561943
1268	3.935579782
1269	3.931615461
1270	3.932472691
1271	3.942231076
1272	3.941410129
1273	3.946107784
1274	3.938308458
1275	3.953
1276	3.946375372
1277	3.947472745
1278	3.946587537
1279	3.947524752
1280	3.94950495
1281	3.953373016
1282	3.948514851
1283	3.947576657
1284	3.954365079
1285	3.952522255
1286	3.950544016
1287	3.949604743
1288	3.956478734
1289	3.959405941
1290	3.951581028
1291	3.945705824
1292	3.949704142
1293	3.956521739
1294	3.955533597
1295	3.954590326
1296	3.957551826
1297	3.958498024
1298	3.951724138
1299	3.94980315
1300	3.946850394
1301	3.951628825
1302	3.949753695
1303	3.952615992
1304	3.946692991
1305	3.952522255
1306	3.947628458
1307	3.942574257
1308	3.93867458
1309	3.944554455
1310	3.948463826
1311	3.951437066
1312	3.958208955
1313	3.960199005
1314	3.961271102
1315	3.958250497
1316	3.961271102
1317	3.958333333
1318	3.958250497
1319	3.957425743
1320	3.950544016
1321	3.948565776
1322	3.945598417
1323	3.950347567
1324	3.951243781
1325	3.952238806
1326	3.946161515
1327	3.944278607
1328	3.950950951
1329	3.953140578
1330	3.946322068
1331	3.943227092
1332	3.943113772
1333	3.945837513
1334	3.956087824
1335	3.947420635
1336	3.947420635
1337	3.953280318
1338	3.954274354
1339	3.957128614
1340	3.951292247
1341	3.953140578
1342	3.956218905
1343	3.962151394
1344	3.956392468
1345	3.954365079
1346	3.95721393
1347	3.958208955
1348	3.953280318
1349	3.941468254
1350	3.945382324
1351	3.94047619
1352	3.940594059
1353	3.948207171
1354	3.941410129
1355	3.952095808
1356	3.951048951
1357	3.94333996
1358	3.9500998
1359	3.954183267
1360	3.954319762
1361	3.957256461
1362	3.95531281
1363	3.946375372
1364	3.95508982
1365	3.941871921
1366	3.934846989
1367	3.940711462
1368	3.943564356
1369	3.947524752
1370	3.950199203
1371	3.954091816
1372	3.958167331
1373	3.956131605
1374	3.951388889
1375	3.949253731
1376	3.953093812
1377	3.946268657
1378	3.946375372
1379	3.948155533
1380	3.949203187
1381	3.954183267
1382	3.942345924
1383	3.936191426
1384	3.942231076
1385	3.93625498
1386	3.940179462
1387	3.946893788
1388	3.949748744
1389	3.942
1390	3.942057942
1391	3.935579782
1392	3.940239044
1393	3.938308458
1394	3.937561943
1395	3.941468254
1396	3.939363817
1397	3.939243028
1398	3.936507937
1399	3.933728981
1400	3.938553023
1401	3.939363817
1402	3.945054945
1403	3.939363817
1404	3.948310139
1405	3.94217348
1406	3.947368421
1407	3.950396825
1408	3.950445986
1409	3.941699605
1410	3.952428147
1411	3.946587537
1412	3.95531281
1413	3.954410307
1414	3.951437066
1415	3.957298908
1416	3.957298908
1417	3.955357143
1418	3.957298908
1419	3.956349206
1420	3.952428147
1421	3.955489614
1422	3.958415842
1423	3.957383548
1424	3.952615992
1425	3.950445986
1426	3.949554896
1427	3.956435644
1428	3.955445545
1429	3.956435644
1430	3.954365079
1431	3.957298908
1432	3.961232604
1433	3.958415842
1434	3.953557312
1435	3.949654492
1436	3.95734127
1437	3.959285005
1438	3.945544554
1439	3.946322068
1440	3.949203187
1441	3.946268657
1442	3.943396226
1443	3.942345924
1444	3.936507937
1445	3.936444886
1446	3.938247012
1447	3.939121756
1448	3.93993994
1449	3.929353234
1450	3.940179462
1451	3.940179462
1452	3.945164506
1453	3.937313433
1454	3.944111776
1455	3.944333996
1456	3.9500998
1457	3.944223108
1458	3.938492063
1459	3.93960396
1460	3.943227092
1461	3.942460317
1462	3.947420635
1463	3.947368421
1464	3.942345924
1465	3.939544103
1466	3.931952663
1467	3.93011811
1468	3.93972332
1469	3.944554455
1470	3.93867458
1471	3.942517344
1472	3.941468254
1473	3.940594059
1474	3.943564356
1475	3.943564356
1476	3.940652819
1477	3.943508424
1478	3.945544554
1479	3.940594059
1480	3.943620178
1481	3.931818182
1482	3.941410129
1483	3.942574257
1484	3.945598417
1485	3.946481665
1486	3.949404762
1487	3.947472745
1488	3.943564356
1489	3.942631058
1490	3.952380952
1491	3.945544554
1492	3.943731491
1493	3.943675889
1494	3.949654492
1495	3.955401388
1496	3.954410307
1497	3.956478734
1498	3.951533136
1499	3.956435644
1500	3.948717949
1501	3.955533597
1502	3.951628825
1503	3.950544016
1504	3.952522255
1505	3.95256917
1506	3.947628458
1507	3.944773176
1508	3.938795656
1509	3.939663699
1510	3.948463826
1511	3.942517344
1512	3.945490585
1513	3.951388889
1514	3.958167331
1515	3.95920398
1516	3.953187251
1517	3.953326713
1518	3.956305859
1519	3.952380952
1520	3.945652174
1521	3.949604743
1522	3.956478734
1523	3.958333333
1524	3.962264151
1525	3.961271102
1526	3.963366337
1527	3.965277778
1528	3.961424332
1529	3.957509881
1530	3.957467854
1531	3.956392468
1532	3.953465347
1533	3.958456973
1534	3.96531219
1535	3.964356436
1536	3.96531219
1537	3.965277778
1538	3.962376238
1539	3.962376238
1540	3.959405941
1541	3.961347869
1542	3.957467854
1543	3.954724409
1544	3.963438735
1545	3.957593688
1546	3.957551826
1547	3.952848723
1548	3.948869223
1549	3.939156035
1550	3.937992126
1551	3.942631058
1552	3.932806324
1553	3.933794466
1554	3.945490585
1555	3.950445986
1556	3.939663699
1557	3.947472745
1558	3.941526264
1559	3.941641939
1560	3.947524752
1561	3.952333664
1562	3.953280318
1563	3.95721393
1564	3.953187251
1565	3.951437066
1566	3.959285005
1567	3.946481665
1568	3.937747036
1569	3.951340616
1570	3.943508424
1571	3.937375746
1572	3.940179462
1573	3.938185444
1574	3.94123506
1575	3.942288557
1576	3.944278607
1577	3.950199203
1578	3.944444444
1579	3.944389275
1580	3.951097804
1581	3.942403178
1582	3.94333996
1583	3.943283582
1584	3.951243781
1585	3.945328032
1586	3.945490585
1587	3.943508424
1588	3.938735178
1589	3.948412698
1590	3.950347567
1591	3.949454906
1592	3.944609298
1593	3.946534653
1594	3.945436508
1595	3.951340616
1596	3.949554896
1597	3.952428147
1598	3.946534653
1599	3.948463826
1600	3.953511375
1601	3.949654492
1602	3.951581028
1603	3.954455446
1604	3.949604743
1605	3.945759369
1606	3.947576657
1607	3.945759369
1608	3.951628825
1609	3.956521739
1610	3.955621302
1611	3.958498024
1612	3.958456973
1613	3.952615992
1614	3.952662722
1615	3.949704142
1616	3.948616601
1617	3.949753695
1618	3.953694581
1619	3.956607495
1620	3.956521739
1621	3.957467854
1622	3.954545455
1623	3.951581028
1624	3.951581028
1625	3.952522255
1626	3.948768473
1627	3.950690335
1628	3.955621302
1629	3.964426877
1630	3.957593688
1631	3.957593688
1632	3.954500495
1633	3.950690335
1634	3.952615992
1635	3.956478734
1636	3.952475248
1637	3.955401388
1638	3.953603159
1639	3.955577493
1640	3.948717949
1641	3.949704142
1642	3.95256917
1643	3.959325397
1644	3.957256461
1645	3.955401388
1646	3.954500495
1647	3.955445545
1648	3.96031746
1649	3.955401388
1650	3.955401388
1651	3.951485149
1652	3.950544016
1653	3.948667325
1654	3.946692991
1655	3.947783251
1656	3.946745562
1657	3.944827586
1658	3.946745562
1659	3.942800789
1660	3.944718657
1661	3.949654492
1662	3.951581028
1663	3.944718657
1664	3.950592885
1665	3.952615992
1666	3.951771654
1667	3.94980315
1668	3.948869223
1669	3.947885939
1670	3.952662722
1671	3.955621302
1672	3.959486166
1673	3.960513327
1674	3.95952616
1675	3.962376238
1676	3.964391691
1677	3.96248766
1678	3.966403162
1679	3.967391304
1680	3.965380811
1681	3.962450593
1682	3.961538462
1683	3.960513327
1684	3.957635468
1685	3.959566075
1686	3.962524655
1687	3.963438735
1688	3.959566075
1689	3.956692913
1690	3.961538462
1691	3.961538462
1692	3.955665025
1693	3.957635468
1694	3.959605911
1695	3.959605911
1696	3.96248766
1697	3.960513327
1698	3.959605911
1699	3.960591133
1700	3.964461994
1701	3.964391691
1702	3.965380811
1703	3.96541502
1704	3.96541502
1705	3.964391691
1706	3.965380811
1707	3.963438735
1708	3.960474308
1709	3.952662722
1710	3.959405941
1711	3.952615992
1712	3.954545455
1713	3.958456973
1714	3.958538993
1715	3.95952616
1716	3.955621302
1717	3.956607495
1718	3.956521739
1719	3.958538993
1720	3.960435213
1721	3.963293651
1722	3.960435213
1723	3.94980315
1724	3.949753695
1725	3.948667325
1726	3.949554896
1727	3.945598417
1728	3.938916256
1729	3.943731491
1730	3.932220039
1731	3.937992126
1732	3.941757157
1733	3.938053097
1734	3.944062807
1735	3.948818898
1736	3.951724138
1737	3.950690335
1738	3.945866142
1739	3.950690335
1740	3.946745562
1741	3.950690335
1742	3.955665025
1743	3.956607495
1744	3.955708661
1745	3.956692913
1746	3.954635108
1747	3.955489614
1748	3.955489614
1749	3.954590326
1750	3.951676529
1751	3.957593688
1752	3.963402572
1753	3.959405941
1754	3.96333003
1755	3.950690335
1756	3.960356789
1757	3.96432111
1758	3.962376238
1759	3.96531219
1760	3.956521739
1761	3.961386139
1762	3.95952616
1763	3.957677165
1764	3.957718781
1765	3.959605911
1766	3.954768928
1767	3.957677165
1768	3.960552268
1769	3.957551826
1770	3.960435213
1771	3.953511375
1772	3.951581028
1773	3.952662722
1774	3.949704142
1775	3.951676529
1776	3.955577493
1777	3.961424332
1778	3.959486166
1779	3.955665025
1780	3.958538993
1781	3.961462451
1782	3.955577493
1783	3.95270936
1784	3.959566075
1785	3.961462451
1786	3.960474308
1787	3.962450593
1788	3.95862069
1789	3.959486166
1790	3.962450593
1791	3.957593688
1792	3.959566075
1793	3.95862069
1794	3.965346535
1795	3.963366337
1796	3.968253968
1797	3.969246032
1798	3.970267592
1799	3.968285431
1800	3.968316832
1801	3.964461994
1802	3.964461994
1803	3.964461994
1804	3.966369931
1805	3.964461994
1806	3.971287129
1807	3.967391304
1808	3.970326409
1809	3.96541502
1810	3.969306931
1811	3.969306931
1812	3.967326733
1813	3.970326409
1814	3.96039604
1815	3.955533597
1816	3.958498024
1817	3.957551826
1818	3.954635108
1819	3.956564659
1820	3.962376238
1821	3.953603159
1822	3.949753695
1823	3.94679803
1824	3.946850394
1825	3.948768473
1826	3.957509881
1827	3.960474308
1828	3.96735905
1829	3.95952616
1830	3.95952616
1831	3.954500495
1832	3.950690335
1833	3.953511375
1834	3.958374628
1835	3.958456973
1836	3.958498024
1837	3.956607495
1838	3.958498024
1839	3.961462451
1840	3.964461994
1841	3.962561576
1842	3.963510848
1843	3.95862069
1844	3.957635468
1845	3.962450593
1846	3.953603159
1847	3.959446093
1848	3.957425743
1849	3.966236346
1850	3.9632572
1851	3.965243297
1852	3.959446093
1853	3.955489614
1854	3.953511375
1855	3.95256917
1856	3.953694581
1857	3.961424332
1858	3.961538462
1859	3.966403162
1860	3.953694581
1861	3.961538462
1862	3.955665025
1863	3.958456973
1864	3.957551826
1865	3.947834646
1866	3.954590326
1867	3.949654492
1868	3.948667325
1869	3.948667325
1870	3.954590326
1871	3.955621302
1872	3.956521739
1873	3.951724138
1874	3.953740157
1875	3.951724138
1876	3.950738916
1877	3.964391691
1878	3.96541502
1879	3.963474827
1880	3.963474827
1881	3.966436328
1882	3.957635468
1883	3.962450593
1884	3.96248766
1885	3.961462451
1886	3.961500494
1887	3.961538462
1888	3.957677165
1889	3.951724138
1890	3.953603159
1891	3.958374628
1892	3.961386139
1893	3.958498024
1894	3.956564659
1895	3.956478734
1896	3.955489614
1897	3.952615992
1898	3.958415842
1899	3.952522255
1900	3.95049505
1901	3.948514851
1902	3.949554896
1903	3.945598417
1904	3.953233831
1905	3.954319762
1906	3.953419227
1907	3.955401388
1908	3.958374628
1909	3.941757157
1910	3.941526264
1911	3.935707221
1912	3.934653465
1913	3.939424032
1914	3.939424032
1915	3.941468254
1916	3.929911155
1917	3.926949654
1918	3.932806324
1919	3.926949654
1920	3.936633663
1921	3.93669634
1922	3.943508424
1923	3.941584158
1924	3.944389275
1925	3.942460317
1926	3.93972332
1927	3.943675889
1928	3.942460317
1929	3.946587537
1930	3.944609298
1931	3.947576657
1932	3.947576657
1933	3.944773176
1934	3.951388889
1935	3.943620178
1936	3.948412698
1937	3.94836147
1938	3.950248756
1939	3.950248756
1940	3.948463826
1941	3.946587537
1942	3.943731491
1943	3.951533136
1944	3.952475248
1945	3.95531281
1946	3.952428147
1947	3.951437066
1948	3.948616601
1949	3.948565776
1950	3.946587537
1951	3.951388889
1952	3.955357143
1953	3.95920398
1954	3.953280318
1955	3.950445986
1956	3.950544016
1957	3.953465347
1958	3.951533136
1959	3.949654492
1960	3.946375372
1961	3.946428571
1962	3.95049505
1963	3.949304175
1964	3.940535183
1965	3.938613861
1966	3.944554455
1967	3.951485149
1968	3.956392468
1969	3.953465347
1970	3.942800789
1971	3.943731491
1972	3.939901478
1973	3.952475248
1974	3.955445545
1975	3.957425743
1976	3.953465347
1977	3.954455446
1978	3.958415842
1979	3.951533136
1980	3.947420635
1981	3.950544016
1982	3.952475248
1983	3.947731755
1984	3.942913386
1985	3.950544016
1986	3.95256917
1987	3.959405941
1988	3.96039604
1989	3.960435213
1990	3.959405941
1991	3.96333003
1992	3.962450593
1993	3.967261905
1994	3.968253968
1995	3.968285431
1996	3.967326733
1997	3.967326733
1998	3.963438735
1999	3.967391304
2000	3.964426877
2001	3.964426877
2002	3.963546798
2003	3.964461994
2004	3.963402572
2005	3.958498024
2006	3.96531219
2007	3.963366337
2008	3.962301587
2009	3.963220676
2010	3.958415842
2011	3.953465347
2012	3.959446093
2013	3.961386139
2014	3.960435213
2015	3.960474308
2016	3.964391691
2017	3.96248766
2018	3.961462451
2019	3.960474308
2020	3.953511375
2021	3.957425743
2022	3.95256917
2023	3.956435644
2024	3.955533597
2025	3.951628825
2026	3.952615992
2027	3.944936087
2028	3.951581028
2029	3.955533597
2030	3.961386139
2031	3.958498024
2032	3.963366337
2033	3.959486166
2034	3.962413452
2035	3.964426877
2036	3.96834817
2037	3.970326409
2038	3.956564659
2039	3.949654492
2040	3.945759369
2041	3.943786982
2042	3.946692991
2043	3.945652174
2044	3.951485149
2045	3.950592885
2046	3.951485149
2047	3.951581028
2048	3.946587537
2049	3.947576657
2050	3.944609298
2051	3.940652819
2052	3.949454906
2053	3.948616601
2054	3.956305859
2055	3.945490585
2056	3.946640316
2057	3.943731491
2058	3.9408867
2059	3.946692991
2060	3.952333664
2061	3.951485149
2062	3.952428147
2063	3.957256461
2064	3.956392468
2065	3.96314741
2066	3.958333333
2067	3.957425743
2068	3.961347869
2069	3.957425743
2070	3.957383548
2071	3.951485149
2072	3.96119403
2073	3.956305859
2074	3.960278054
2075	3.958291956
2076	3.952428147
2077	3.955357143
2078	3.949654492
2079	3.957298908
2080	3.954274354
2081	3.963220676
2082	3.956435644
2083	3.948667325
2084	3.953419227
2085	3.954228856
2086	3.95531281
2087	3.956262425
2088	3.956349206
2089	3.96222664
2090	3.963220676
2091	3.959325397
2092	3.961347869
2093	3.967261905
2094	3.959365709
2095	3.967164179
2096	3.967196819
2097	3.966202783
2098	3.971115538
2099	3.966269841
2100	3.966303271
2101	3.963402572
2102	3.962376238
2103	3.964391691
2104	3.963474827
2105	3.96735905
2106	3.96541502
2107	3.966436328
2108	3.960552268
2109	3.967391304
2110	3.965449161
2111	3.963474827
2112	3.964461994
2113	3.969276511
2114	3.971287129
2115	3.967423495
2116	3.969397828
2117	3.970355731
2118	3.972359329
2119	3.971372162
2120	3.973346496
2121	3.971343874
2122	3.973293769
2123	3.976284585
2124	3.973372781
2125	3.971428571
2126	3.973399015
2127	3.963546798
2128	3.965449161
2129	3.96834817
2130	3.964461994
2131	3.962413452
2132	3.963402572
2133	3.971287129
2134	3.962524655
2135	3.966436328
2136	3.967455621
2137	3.965483235
2138	3.96453202
2139	3.963510848
2140	3.967455621
2141	3.969367589
2142	3.961538462
2143	3.963474827
2144	3.962450593
2145	3.968316832
2146	3.96541502
2147	3.968379447
2148	3.968379447
2149	3.966403162
2150	3.967423495
2151	3.969306931
2152	3.97029703
2153	3.96735905
2154	3.971315529
2155	3.965449161
2156	3.96541502
2157	3.968379447
2158	3.965449161
2159	3.964426877
2160	3.964356436
2161	3.965380811
2162	3.963402572
2163	3.964391691
2164	3.970238095
2165	3.968253968
2166	3.966369931
2167	3.961538462
2168	3.967326733
2169	3.970267592
2170	3.975247525
2171	3.970326409
2172	3.964461994
2173	3.96541502
2174	3.96834817
2175	3.974231913
2176	3.973267327
2177	3.977205154
2178	3.976214073
2179	3.973267327
2180	3.966436328
2181	3.968410661
2182	3.973320158
2183	3.975296443
2184	3.976284585
2185	3.978217822
2186	3.974333662
2187	3.975345168
2188	3.974282888
2189	3.975320829
2190	3.975320829
2191	3.977295163
2192	3.977272727
2193	3.974282888
2194	3.967423495
2195	3.970355731
2196	3.969367589
2197	3.96735905
2198	3.962524655
2199	3.964426877
2200	3.960591133
2201	3.956735497
2202	3.963510848
2203	3.963474827
2204	3.958661417
2205	3.957593688
2206	3.963510848
2207	3.963510848
2208	3.961576355
2209	3.962524655
2210	3.966436328
2211	3.967391304
2212	3.966436328
2213	3.968441815
2214	3.970414201
2215	3.970355731
2216	3.967487685
2217	3.964566929
2218	3.963582677
2219	3.968441815
2220	3.966535433
2221	3.968472906
2222	3.964497041
2223	3.960591133
2224	3.962561576
2225	3.969397828
2226	3.966403162
2227	3.97029703
2228	3.97029703
2229	3.971258672
2230	3.968316832
2231	3.969276511
2232	3.964426877
2233	3.966269841
2234	3.962450593
2235	3.967261905
2236	3.96432111
2237	3.953603159
2238	3.95256917
2239	3.964250248
2240	3.961347869
2241	3.958498024
2242	3.959605911
2243	3.962598425
2244	3.966403162
2245	3.968410661
2246	3.972332016
2247	3.968379447
2248	3.973240833
2249	3.972304649
2250	3.973293769
2251	3.9743083
2252	3.974282888
2253	3.971343874
2254	3.969306931
2255	3.970326409
2256	3.969306931
2257	3.971258672
2258	3.969276511
2259	3.965346535
2260	3.96432111
2261	3.961424332
2262	3.955577493
2263	3.953648915
2264	3.948768473
2265	3.953694581
2266	3.954679803
2267	3.951724138
2268	3.957593688
2269	3.957677165
2270	3.960591133
2271	3.959645669
2272	3.958579882
2273	3.954635108
2274	3.955489614
2275	3.958374628
2276	3.956435644
2277	3.956435644
2278	3.948768473
2279	3.953557312
2280	3.956564659
2281	3.955621302
2282	3.950738916
2283	3.955533597
2284	3.961462451
2285	3.961424332
2286	3.959486166
2287	3.960513327
2288	3.963366337
2289	3.963402572
2290	3.958456973
2291	3.960435213
2292	3.959405941
2293	3.96248766
2294	3.95862069
2295	3.961386139
2296	3.961462451
2297	3.961424332
2298	3.964426877
2299	3.96248766
2300	3.959566075
2301	3.96248766
2302	3.963582677
2303	3.961538462
2304	3.963510848
2305	3.962561576
2306	3.966502463
2307	3.966535433
2308	3.967455621
2309	3.967455621
2310	3.96453202
2311	3.963546798
2312	3.966535433
2313	3.964566929
2314	3.96453202
2315	3.963546798
2316	3.962598425
2317	3.961689587
2318	3.961651917
2319	3.965551181
2320	3.967487685
2321	3.965585054
2322	3.96372549
2323	3.961764706
2324	3.966601179
2325	3.967583497
2326	3.965618861
2327	3.965618861
2328	3.967551622
2329	3.971456693
2330	3.971456693
2331	3.970501475
2332	3.969518191
2333	3.965618861
2334	3.965618861
2335	3.963654224
2336	3.956735497
2337	3.958702065
2338	3.957677165
2339	3.955752212
2340	3.963510848
2341	3.96453202
2342	3.962598425
2343	3.960552268
2344	3.961614173
2345	3.963510848
2346	3.957677165
2347	3.961538462
2348	3.964497041
2349	3.968472906
2350	3.963582677
2351	3.967487685
2352	3.968472906
2353	3.968472906
2354	3.97044335
2355	3.968534907
2356	3.964636542
2357	3.965618861
2358	3.968534907
2359	3.967551622
2360	3.966568338
2361	3.968503937
2362	3.968534907
2363	3.967519685
2364	3.966568338
2365	3.971428571
2366	3.972413793
2367	3.971456693
2368	3.970501475
2369	3.972468043
2370	3.97151277
2371	3.972468043
2372	3.971484759
2373	3.968503937
2374	3.965585054
2375	3.968472906
2376	3.963546798
2377	3.960591133
2378	3.954768928
2379	3.959605911
2380	3.958702065
2381	3.959685349
2382	3.961614173
2383	3.961651917
2384	3.963582677
2385	3.959724951
2386	3.955795678
2387	3.956862745
2388	3.961576355
2389	3.962598425
2390	3.96460177
2391	3.966601179
2392	3.965618861
2393	3.967583497
2394	3.96460177
2395	3.963689892
2396	3.964566929
2397	3.967487685
2398	3.971428571
2399	3.974409449
2400	3.973372781
2401	3.969458128
2402	3.974358974
2403	3.973372781
2404	3.974409449
2405	3.975369458
2406	3.974384236
2407	3.974384236
2408	3.97044335
2409	3.967487685
2410	3.961651917
2411	3.956820412
2412	3.956777996
2413	3.958783121
2414	3.962671906
2415	3.967583497
2416	3.966601179
2417	3.967583497
2418	3.969428008
2419	3.971372162
2420	3.972386588
2421	3.965517241
2422	3.962598425
2423	3.962598425
2424	3.96453202
2425	3.967583497
2426	3.968534907
2427	3.966601179
2428	3.961651917
2429	3.962635202
2430	3.963582677
2431	3.960707269
2432	3.961651917
2433	3.965449161
2434	3.959605911
2435	3.962561576
2436	3.965517241
2437	3.965551181
2438	3.971343874
2439	3.965517241
2440	3.970414201
2441	3.971372162
2442	3.970472441
2443	3.968441815
2444	3.963474827
2445	3.967326733
2446	3.96735905
2447	3.960474308
2448	3.958579882
2449	3.961538462
2450	3.963510848
2451	3.966436328
2452	3.972304649
2453	3.968410661
2454	3.96735905
2455	3.966369931
2456	3.96834817
2457	3.966369931
2458	3.962376238
2459	3.963438735
2460	3.965277778
2461	3.96031746
2462	3.955401388
2463	3.954365079
2464	3.956218905
2465	3.948412698
2466	3.947105788
2467	3.947105788
2468	3.944
2469	3.938308458
2470	3.944
2471	3.945945946
2472	3.94011976
2473	3.954864594
2474	3.956956957
2475	3.955911824
2476	3.950149551
2477	3.958
2478	3.963110668
2479	3.959122632
2480	3.952333664
2481	3.949454906
2482	3.951388889
2483	3.954228856
2484	3.956218905
2485	3.954274354
2486	3.960159363
2487	3.958208955
2488	3.967065868
2489	3.965104686
2490	3.968031968
2491	3.956305859
2492	3.950248756
2493	3.957
2494	3.950149551
2495	3.952238806
2496	3.952238806
2497	3.948948949
2498	3.952238806
2499	3.953093812
2500	3.952095808
2501	3.953140578
2502	3.942288557
2503	3.93
2504	3.932865731
2505	3.931068931
2506	3.929212363
2507	3.923694779
2508	3.932595573
2509	3.935871743
2510	3.940703518
2511	3.938185444
2512	3.93781344
2513	3.936
2514	3.927363184
2515	3.942828485
2516	3.933266932
2517	3.947738693
2518	3.941708543
2519	3.945619335
2520	3.941767068
2521	3.932135729
2522	3.932270916
2523	3.938938939
2524	3.937875752
2525	3.937875752
2526	3.933
2527	3.938938939
2528	3.938
2529	3.946840522
2530	3.934328358
2531	3.948
2532	3.946161515
2533	3.945273632
2534	3.940298507
2535	3.931479643
2536	3.9296333
2537	3.940179462
2538	3.94123506
2539	3.938430983
2540	3.942288557
2541	3.947211155
2542	3.950298211
2543	3.944389275
2544	3.948207171
2545	3.956218905
2546	3.959163347
2547	3.958167331
2548	3.95526839
2549	3.958125623
2550	3.954319762
2551	3.954274354
2552	3.962075848
2553	3.956218905
2554	3.946428571
2555	3.953280318
2556	3.956262425
2557	3.953326713
2558	3.95531281
2559	3.959244533
2560	3.958415842
2561	3.953465347
2562	3.95920398
2563	3.947420635
2564	3.950396825
2565	3.94950495
2566	3.947472745
2567	3.953419227
2568	3.946534653
2569	3.955357143
2570	3.955179283
2571	3.958250497
2572	3.953373016
2573	3.943731491
2574	3.952475248
2575	3.95256917
2576	3.954455446
2577	3.947576657
2578	3.944609298
2579	3.944718657
2580	3.948565776
2581	3.953557312
2582	3.956435644
2583	3.955489614
2584	3.95734127
2585	3.959365709
2586	3.954545455
2587	3.955577493
2588	3.958538993
2589	3.956564659
2590	3.96031746
2591	3.962450593
2592	3.960435213
2593	3.962376238
2594	3.959446093
2595	3.962301587
2596	3.962338949
2597	3.965346535
2598	3.954679803
2599	3.954679803
2600	3.947783251
2601	3.951724138
2602	3.959486166
2603	3.954590326
2604	3.952755906
2605	3.959486166
2606	3.959446093
2607	3.959405941
2608	3.95256917
2609	3.95256917
2610	3.964214712
2611	3.964285714
2612	3.969246032
2613	3.969246032
2614	3.974180735
2615	3.971287129
2616	3.964391691
2617	3.96333003
2618	3.964250248
2619	3.952428147
2620	3.958333333
2621	3.963220676
2622	3.953419227
2623	3.949554896
2624	3.954274354
2625	3.958333333
2626	3.949604743
2627	3.951437066
2628	3.950396825
2629	3.946534653
2630	3.951437066
2631	3.952238806
2632	3.955223881
2633	3.956218905
2634	3.956218905
2635	3.95526839
2636	3.95920398
2637	3.953326713
2638	3.948463826
2639	3.951292247
2640	3.951340616
2641	3.950347567
2642	3.958208955
2643	3.952380952
2644	3.960159363
2645	3.954365079
2646	3.953373016
2647	3.94950495
2648	3.956349206
2649	3.952428147
2650	3.954410307
2651	3.959365709
2652	3.954500495
2653	3.956349206
2654	3.962376238
2655	3.961462451
2656	3.965346535
2657	3.965346535
2658	3.964461994
2659	3.965449161
2660	3.967455621
2661	3.970414201
2662	3.96453202
2663	3.963546798
2664	3.969397828
2665	3.961614173
2666	3.963474827
2667	3.962561576
2668	3.963474827
2669	3.962561576
2670	3.96248766
2671	3.960552268
2672	3.964497041
2673	3.965449161
2674	3.963510848
2675	3.963510848
2676	3.964461994
2677	3.967391304
2678	3.967455621
2679	3.961576355
2680	3.963546798
2681	3.960552268
2682	3.959605911
2683	3.95862069
2684	3.963474827
2685	3.964426877
2686	3.963510848
2687	3.960629921
2688	3.966535433
2689	3.966469428
2690	3.971372162
2691	3.971372162
2692	3.972386588
2693	3.972359329
2694	3.967519685
2695	3.965517241
2696	3.961614173
2697	3.966469428
2698	3.959645669
2699	3.956820412
2700	3.964566929
2701	3.963618486
2702	3.964566929
2703	3.961614173
2704	3.960707269
2705	3.962598425
2706	3.961614173
2707	3.956692913
2708	3.954768928
2709	3.952941176
2710	3.956777996
2711	3.954768928
2712	3.956777996
2713	3.957760314
2714	3.960745829
2715	3.954857704
2716	3.957718781
2717	3.961614173
2718	3.956777996
2719	3.954857704
2720	3.956735497
2721	3.957718781
2722	3.957718781
2723	3.959685349
2724	3.958661417
2725	3.952894995
2726	3.953876349
2727	3.957801766
2728	3.958742633
2729	3.958742633
2730	3.95481336
2731	3.952894995
2732	3.955925563
2733	3.959803922
2734	3.954946131
2735	3.951960784
2736	3.94906954
2737	3.952894995
2738	3.956777996
2739	3.953876349
2740	3.947110676
2741	3.94891945
2742	3.945919371
2743	3.931372549
2744	3.939842209
2745	3.934975369
2746	3.938976378
2747	3.934055118
2748	3.938795656
2749	3.9408867
2750	3.941929134
2751	3.941060904
2752	3.944936087
2753	3.942043222
2754	3.945866142
2755	3.946954813
2756	3.948969578
2757	3.950835792
2758	3.945972495
2759	3.950835792
2760	3.948969578
2761	3.952894995
2762	3.952848723
2763	3.957718781
2764	3.956692913
2765	3.957718781
2766	3.956692913
2767	3.958702065
2768	3.959605911
2769	3.959605911
2770	3.956692913
2771	3.96453202
2772	3.957677165
2773	3.966336634
2774	3.962413452
2775	3.966303271
2776	3.968285431
2777	3.960474308
2778	3.961462451
2779	3.965346535
2780	3.961500494
2781	3.964391691
2782	3.966469428
2783	3.963546798
2784	3.969367589
2785	3.96834817
2786	3.96541502
2787	3.959605911
2788	3.963510848
2789	3.967391304
2790	3.972332016
2791	3.966469428
2792	3.966502463
2793	3.965517241
2794	3.965449161
2795	3.961538462
2796	3.964497041
2797	3.967423495
2798	3.96735905
2799	3.972304649
2800	3.966436328
2801	3.963546798
2802	3.966403162
2803	3.96541502
2804	3.963438735
2805	3.964461994
2806	3.967391304
2807	3.964566929
2808	3.968441815
2809	3.962598425
2810	3.96453202
2811	3.961576355
2812	3.961576355
2813	3.960629921
2814	3.961538462
2815	3.958538993
2816	3.951628825
2817	3.952615992
2818	3.946587537
2819	3.946534653
2820	3.947420635
2821	3.941699605
2822	3.95049505
2823	3.950445986
2824	3.952522255
2825	3.941757157
2826	3.936758893
2827	3.941468254
2828	3.940298507
2829	3.942231076
2830	3.93346574
2831	3.941
2832	3.94510978
2833	3.946107784
2834	3.941176471
2835	3.933200399
2836	3.94217348
2837	3.940298507
2838	3.947263682
2839	3.946322068
2840	3.936633663
2841	3.942288557
2842	3.945490585
2843	3.941468254
2844	3.935515873
2845	3.94123506
2846	3.947316103
2847	3.952047952
2848	3.944499504
2849	3.947316103
2850	3.943508424
2851	3.945436508
2852	3.948412698
2853	3.948463826
2854	3.942687747
2855	3.951485149
2856	3.942631058
2857	3.939842209
2858	3.940652819
2859	3.946322068
2860	3.937747036
2861	3.941757157
2862	3.941526264
2863	3.945490585
2864	3.945490585
2865	3.944718657
2866	3.950738916
2867	3.945866142
2868	3.947680158
2869	3.948667325
2870	3.956392468
2871	3.955357143
2872	3.947576657
2873	3.945598417
2874	3.952286282
2875	3.946534653
2876	3.925962488
2877	3.94041708
2878	3.946375372
2879	3.948155533
2880	3.944333996
2881	3.935387674
2882	3.941410129
2883	3.944278607
2884	3.950149551
2885	3.946322068
2886	3.94333996
2887	3.952286282
2888	3.954365079
2889	3.953233831
2890	3.945490585
2891	3.948412698
2892	3.948565776
2893	3.954545455
2894	3.946692991
2895	3.938735178
2896	3.940357853
2897	3.942403178
2898	3.946322068
2899	3.945219124
2900	3.94994995
2901	3.947105788
2902	3.938430983
2903	3.943
2904	3.931411531
2905	3.930348259
2906	3.921782178
2907	3.917159763
2908	3.924063116
2909	3.923686819
2910	3.925742574
2911	3.928923988
2912	3.933663366
2913	3.924901186
2914	3.931818182
2915	3.927936821
2916	3.937747036
2917	3.939782823
2918	3.938795656
2919	3.941584158
2920	3.951340616
2921	3.945490585
2922	3.947524752
2923	3.946534653
2924	3.946534653
2925	3.945490585
2926	3.947524752
2927	3.941757157
2928	3.942574257
2929	3.942687747
2930	3.948565776
2931	3.953419227
2932	3.950544016
2933	3.948565776
2934	3.945652174
2935	3.948667325
2936	3.948667325
2937	3.942800789
2938	3.954455446
2939	3.954545455
2940	3.96031746
2941	3.957425743
2942	3.959365709
2943	3.946692991
2944	3.945544554
2945	3.946640316
2946	3.950641658
2947	3.951437066
2948	3.947472745
2949	3.956349206
2950	3.953465347
2951	3.956305859
2952	3.958291956
2953	3.958167331
2954	3.955401388
2955	3.948514851
2956	3.943564356
2957	3.947420635
2958	3.952286282
2959	3.953465347
2960	3.953603159
2961	3.954410307
2962	3.955357143
2963	3.951388889
2964	3.948616601
2965	3.954500495
2966	3.955445545
2967	3.955489614
2968	3.955533597
2969	3.954545455
2970	3.952662722
2971	3.952662722
2972	3.957593688
2973	3.957509881
2974	3.951771654
2975	3.947783251
2976	3.945759369
2977	3.953603159
2978	3.956521739
2979	3.951581028
2980	3.951533136
2981	3.939901478
2982	3.946587537
2983	3.953373016
2984	3.956435644
2985	3.954410307
2986	3.959325397
2987	3.96222664
2988	3.953419227
2989	3.946587537
2990	3.952522255
2991	3.956435644
2992	3.952380952
2993	3.948463826
2994	3.956218905
2995	3.957383548
2996	3.956435644
2997	3.951676529
2998	3.959486166
2999	3.961386139
3000	3.961462451
3001	3.962524655
3002	3.960513327
3003	3.961462451
3004	3.955621302
3005	3.953648915
3006	3.955533597
3007	3.951628825
3008	3.949654492
3009	3.94302554
3010	3.948869223
3011	3.949852507
3012	3.95280236
3013	3.953785644
3014	3.957509881
3015	3.958579882
3016	3.960513327
3017	3.956564659
3018	3.953511375
3019	3.944773176
3020	3.938053097
3021	3.945705824
3022	3.952428147
3023	3.951581028
3024	3.948768473
3025	3.950690335
3026	3.95734127
3027	3.957383548
3028	3.959365709
3029	3.957509881
3030	3.951628825
3031	3.953511375
3032	3.949654492
3033	3.949654492
3034	3.955533597
3035	3.955445545
3036	3.954590326
3037	3.95256917
3038	3.952475248
3039	3.954455446
3040	3.95049505
3041	3.945598417
3042	3.948463826
3043	3.938795656
3044	3.941641939
3045	3.954410307
3046	3.941814596
3047	3.945652174
3048	3.942517344
3049	3.946587537
3050	3.943564356
3051	3.948463826
3052	3.944609298
3053	3.949404762
3054	3.947628458
3055	3.941871921
3056	3.940828402
3057	3.955357143
3058	3.948616601
3059	3.955489614
3060	3.955489614
3061	3.959365709
3062	3.951628825
3063	3.957467854
3064	3.953557312
3065	3.949753695
3066	3.953648915
3067	3.956607495
3068	3.951771654
3069	3.951724138
3070	3.953648915
3071	3.951724138
3072	3.956564659
3073	3.958538993
3074	3.957551826
3075	3.958498024
3076	3.956607495
3077	3.952615992
3078	3.950690335
3079	3.953648915
3080	3.950787402
3081	3.953648915
3082	3.95952616
3083	3.95862069
3084	3.958661417
3085	3.957635468
3086	3.952848723
3087	3.953831041
3088	3.958702065
3089	3.956735497
3090	3.955665025
3091	3.956692913
3092	3.960629921
3093	3.964566929
3094	3.960629921
3095	3.959645669
3096	3.959645669
3097	3.956735497
3098	3.957677165
3099	3.962524655
3100	3.959685349
3101	3.954724409
3102	3.954635108
3103	3.950835792
3104	3.94891945
3105	3.947058824
3106	3.948039216
3107	3.94906954
3108	3.952894995
3109	3.952894995
3110	3.95
3111	3.953876349
3112	3.955839058
3113	3.957801766
3114	3.959724951
3115	3.960707269
3116	3.960668633
3117	3.960629921
3118	3.961689587
3119	3.959724951
3120	3.959685349
3121	3.961576355
3122	3.960629921
3123	3.961651917
3124	3.962598425
3125	3.954901961
3126	3.957718781
3127	3.958702065
3128	3.956735497
3129	3.959645669
3130	3.958661417
3131	3.958661417
3132	3.957635468
3133	3.955708661
3134	3.956564659
3135	3.960474308
3136	3.959605911
3137	3.956564659
3138	3.961462451
3139	3.961347869
3140	3.958456973
3141	3.950738916
3142	3.956564659
3143	3.957551826
3144	3.961576355
3145	3.962561576
3146	3.961500494
3147	3.958498024
3148	3.95256917
3149	3.954590326
3150	3.953740157
3151	3.950738916
3152	3.947885939
3153	3.946850394
3154	3.952522255
3155	3.947680158
3156	3.950641658
3157	3.945759369
3158	3.948412698
3159	3.947472745
3160	3.946587537
3161	3.946534653
3162	3.947472745
3163	3.953373016
3164	3.949554896
3165	3.946745562
3166	3.950592885
3167	3.958415842
3168	3.950641658
3169	3.948768473
3170	3.953557312
3171	3.95256917
3172	3.956478734
3173	3.95256917
3174	3.950641658
3175	3.958456973
3176	3.96039604
3177	3.963402572
3178	3.964426877
3179	3.95952616
3180	3.965380811
3181	3.97029703
3182	3.96834817
3183	3.96735905
3184	3.965449161
3185	3.963546798
3186	3.964426877
3187	3.968285431
3188	3.969306931
3189	3.969306931
3190	3.961500494
3191	3.954679803
3192	3.953603159
3193	3.955489614
3194	3.954500495
3195	3.959365709
3196	3.943786982
3197	3.944718657
3198	3.947628458
3199	3.952428147
3200	3.956349206
3201	3.952428147
3202	3.954365079
3203	3.956392468
3204	3.957256461
3205	3.960278054
3206	3.959405941
3207	3.960356789
3208	3.958415842
3209	3.957467854
3210	3.951533136
3211	3.946640316
3212	3.946692991
3213	3.943620178
3214	3.953373016
3215	3.952522255
3216	3.948616601
3217	3.945490585
3218	3.948463826
3219	3.950347567
3220	3.945652174
3221	3.950544016
3222	3.95049505
3223	3.951485149
3224	3.955223881
3225	3.960159363
3226	3.96318408
3227	3.962189055
3228	3.959285005
3229	3.956349206
3230	3.9632572
3231	3.964179104
3232	3.964250248
3233	3.961309524
3234	3.966202783
3235	3.968253968
3236	3.966303271
3237	3.971172962
3238	3.961462451
3239	3.961500494
3240	3.96432111
3241	3.966236346
3242	3.963220676
3243	3.958333333
3244	3.949604743
3245	3.953419227
3246	3.959244533
3247	3.956392468
3248	3.955445545
3249	3.952428147
3250	3.956262425
3251	3.95049505
3252	3.958291956
3253	3.95734127
3254	3.961347869
3255	3.965243297
3256	3.9632572
3257	3.96222664
3258	3.958208955
3259	3.967935872
3260	3.965965966
3261	3.961
3262	3.950149551
3263	3.948207171
3264	3.945273632
3265	3.939424032
3266	3.935579782
3267	3.943170489
3268	3.934588702
3269	3.948258706
3270	3.955134596
3271	3.952095808
3272	3.939424032
3273	3.936570862
3274	3.936318408
3275	3.93452381
3276	3.937623762
3277	3.9296333
3278	3.922924901
3279	3.920556107
3280	3.926587302
3281	3.931411531
3282	3.929423459
3283	3.920634921
3284	3.915841584
3285	3.91468254
3286	3.91980198
3287	3.917159763
3288	3.925521351
3289	3.923686819
3290	3.923913043
3291	3.922848665
3292	3.921782178
3293	3.932472691
3294	3.9375
3295	3.9375
3296	3.924826904
3297	3.939484127
3298	3.935707221
3299	3.938735178
3300	3.937623762
3301	3.937561943
3302	3.93960396
3303	3.948463826
3304	3.941584158
3305	3.938735178
3306	3.942574257
3307	3.940711462
3308	3.945436508
3309	3.943508424
3310	3.947472745
3311	3.942744324
3312	3.944718657
3313	3.946375372
3314	3.948463826
3315	3.943731491
3316	3.944718657
3317	3.944664032
3318	3.946534653
3319	3.944609298
3320	3.95049505
3321	3.945652174
3322	3.939663699
3323	3.941699605
3324	3.938795656
3325	3.938856016
3326	3.94076999
3327	3.936945813
3328	3.939782823
3329	3.941699605
3330	3.940944882
3331	3.944664032
3332	3.937869822
3333	3.94076999
3334	3.936821323
3335	3.934055118
3336	3.932286555
3337	3.928290766
3338	3.930898322
3339	3.936883629
3340	3.93780849
3341	3.936821323
3342	3.943620178
3343	3.943731491
3344	3.942800789
3345	3.944827586
3346	3.946745562
3347	3.946745562
3348	3.949704142
3349	3.951724138
3350	3.955489614
3351	3.94679803
3352	3.942857143
3353	3.945812808
3354	3.946745562
3355	3.943786982
3356	3.946587537
3357	3.944554455
3358	3.93972332
3359	3.932739862
3360	3.935643564
3361	3.937561943
3362	3.946375372
3363	3.93972332
3364	3.941757157
3365	3.94076999
3366	3.943731491
3367	3.945652174
3368	3.945705824
3369	3.943897638
3370	3.947731755
3371	3.941871921
3372	3.947680158
3373	3.944718657
3374	3.948565776
3375	3.949554896
3376	3.951533136
3377	3.945705824
3378	3.943675889
3379	3.945705824
3380	3.945598417
3381	3.947628458
3382	3.953419227
3383	3.952428147
3384	3.947628458
3385	3.947680158
3386	3.95049505
3387	3.952428147
3388	3.949654492
3389	3.954500495
3390	3.949654492
3391	3.948565776
3392	3.954545455
3393	3.950641658
3394	3.954500495
3395	3.950592885
3396	3.947680158
3397	3.94950495
3398	3.94076999
3399	3.941757157
3400	3.943675889
3401	3.936821323
3402	3.935897436
3403	3.937869822
3404	3.946534653
3405	3.944773176
3406	3.949753695
3407	3.955533597
3408	3.950787402
3409	3.953694581
3410	3.948768473
3411	3.950641658
3412	3.944827586
3413	3.951533136
3414	3.946745562
3415	3.950592885
3416	3.950641658
3417	3.955577493
3418	3.958374628
3419	3.960435213
3420	3.960435213
3421	3.962376238
3422	3.966336634
3423	3.963438735
3424	3.957635468
3425	3.955621302
3426	3.954545455
3427	3.961424332
3428	3.960513327
3429	3.960435213
3430	3.957551826
3431	3.95256917
3432	3.959365709
3433	3.957298908
3434	3.955401388
3435	3.958333333
3436	3.961347869
3437	3.958498024
3438	3.964285714
3439	3.966269841
3440	3.958498024
3441	3.96248766
3442	3.960513327
3443	3.963366337
3444	3.96333003
3445	3.957425743
3446	3.971144279
3447	3.96432111
3448	3.958456973
3449	3.960474308
3450	3.962376238
3451	3.957593688
3452	3.957551826
3453	3.945812808
3454	3.949554896
3455	3.946640316
3456	3.939782823
3457	3.938553023
3458	3.941468254
3459	3.934653465
3460	3.924826904
3461	3.931615461
3462	3.931683168
3463	3.933728981
3464	3.935643564
3465	3.942517344
3466	3.945598417
3467	3.945652174
3468	3.946587537
3469	3.946692991
3470	3.939842209
3471	3.937931034
3472	3.944718657
3473	3.948565776
3474	3.944664032
3475	3.946587537
3476	3.945759369
3477	3.94679803
3478	3.948717949
3479	3.94488189
3480	3.941060904
3481	3.94980315
3482	3.950738916
3483	3.950787402
3484	3.951676529
3485	3.953648915
3486	3.955577493
3487	3.948818898
3488	3.947783251
3489	3.945759369
3490	3.941929134
3491	3.947885939
3492	3.949753695
3493	3.951676529
3494	3.952662722
3495	3.958498024
3496	3.961462451
3497	3.957551826
3498	3.95952616
3499	3.962338949
3500	3.958456973
3501	3.962413452
3502	3.958538993
3503	3.967326733
3504	3.958498024
3505	3.958579882
3506	3.958538993
3507	3.957593688
3508	3.957677165
3509	3.95862069
3510	3.955665025
3511	3.960591133
3512	3.966403162
3513	3.965517241
3514	3.958742633
3515	3.96453202
3516	3.962524655
3517	3.966502463
3518	3.967519685
3519	3.961689587
3520	3.951771654
3521	3.950738916
3522	3.956521739
3523	3.945705824
3524	3.947680158
3525	3.956435644
3526	3.955489614
3527	3.952428147
3528	3.954410307
3529	3.958333333
3530	3.956392468
3531	3.957383548
3532	3.952522255
3533	3.955489614
3534	3.951628825
3535	3.950592885
3536	3.95049505
3537	3.947524752
3538	3.949454906
3539	3.941757157
3540	3.942744324
3541	3.943675889
3542	3.948514851
3543	3.956392468
3544	3.953603159
3545	3.951676529
3546	3.957467854
3547	3.956521739
3548	3.957509881
3549	3.950544016
3550	3.949604743
3551	3.95526839
3552	3.955357143
3553	3.956305859
3554	3.95526839
3555	3.958167331
3556	3.95920398
3557	3.954545455
3558	3.956349206
3559	3.95049505
3560	3.950544016
3561	3.956305859
3562	3.961271102
3563	3.958250497
3564	3.956349206
3565	3.957425743
3566	3.954455446
3567	3.951437066
3568	3.953233831
3569	3.948207171
3570	3.942288557
3571	3.942288557
3572	3.94217348
3573	3.94041708
3574	3.936570862
3575	3.947316103
3576	3.950298211
3577	3.947420635
3578	3.96111665
3579	3.960238569
3580	3.952333664
3581	3.950396825
3582	3.943452381
3583	3.949454906
3584	3.950396825
3585	3.942574257
3586	3.945598417
3587	3.942631058
3588	3.936945813
3589	3.933925049
3590	3.936758893
3591	3.943508424
3592	3.939424032
3593	3.939363817
3594	3.94041708
3595	3.9375
3596	3.929841897
3597	3.934653465
3598	3.93867458
3599	3.935707221
3600	3.939484127
3601	3.936444886
3602	3.936444886
3603	3.933200399
3604	3.93006993
3605	3.934328358
3606	3.940239044
3607	3.949152542
3608	3.948103792
3609	3.946215139
3610	3.947158524
3611	3.941117764
3612	3.938369781
3613	3.933531746
3614	3.941176471
3615	3.934262948
3616	3.939121756
3617	3.933266932
3618	3.93220339
3619	3.935258964
3620	3.93625498
3621	3.924528302
3622	3.928358209
3623	3.931206381
3624	3.934458788
3625	3.936507937
3626	3.93452381
3627	3.935387674
3628	3.949152542
3629	3.939424032
3630	3.933728981
3631	3.9375
3632	3.940535183
3633	3.946375372
3634	3.956262425
3635	3.956262425
3636	3.947524752
3637	3.951340616
3638	3.944554455
3639	3.955179283
3640	3.954183267
3641	3.95526839
3642	3.95920398
3643	3.960199005
3644	3.952333664
3645	3.958208955
3646	3.954365079
3647	3.948258706
3648	3.95114656
3649	3.950199203
3650	3.952143569
3651	3.942574257
3652	3.952095808
3653	3.9500998
3654	3.953907816
3655	3.945164506
3656	3.950248756
3657	3.954319762
3658	3.959081836
3659	3.958041958
3660	3.955223881
3661	3.950248756
3662	3.953280318
3663	3.949304175
3664	3.94836147
3665	3.954274354
3666	3.958291956
3667	3.957298908
3668	3.953233831
3669	3.946322068
3670	3.951292247
3671	3.945436508
3672	3.956043956
3673	3.955134596
3674	3.952286282
3675	3.951388889
3676	3.948514851
3677	3.958250497
3678	3.957256461
3679	3.951533136
3680	3.954410307
3681	3.956305859
3682	3.952286282
3683	3.945598417
3684	3.946322068
3685	3.95508982
3686	3.955134596
3687	3.952333664
3688	3.947524752
3689	3.948514851
3690	3.951485149
3691	3.944773176
3692	3.944664032
3693	3.949704142
3694	3.949604743
3695	3.955577493
3696	3.956521739
3697	3.952615992
3698	3.953648915
3699	3.95270936
3700	3.954635108
3701	3.953603159
3702	3.957551826
3703	3.960513327
3704	3.961538462
3705	3.958538993
3706	3.956607495
3707	3.948869223
3708	3.942857143
3709	3.946692991
3710	3.945759369
3711	3.944609298
3712	3.948565776
3713	3.957256461
3714	3.949604743
3715	3.953511375
3716	3.954590326
3717	3.958415842
3718	3.957425743
3719	3.960435213
3720	3.951533136
3721	3.953465347
3722	3.947628458
3723	3.95049505
3724	3.947524752
3725	3.949454906
3726	3.95256917
3727	3.95256917
3728	3.962338949
3729	3.957425743
3730	3.962376238
3731	3.960474308
3732	3.959486166
3733	3.959446093
3734	3.957509881
3735	3.957509881
3736	3.95952616
3737	3.959486166
3738	3.960435213
3739	3.964285714
3740	3.957425743
3741	3.957383548
3742	3.96039604
3743	3.966269841
3744	3.956521739
3745	3.96039604
3746	3.96039604
3747	3.957551826
3748	3.956521739
3749	3.954545455
3750	3.961462451
3751	3.959566075
3752	3.960552268
3753	3.961538462
3754	3.961500494
3755	3.961500494
3756	3.961500494
3757	3.960591133
3758	3.96735905
3759	3.971287129
3760	3.965483235
3761	3.967391304
3762	3.969367589
3763	3.968379447
3764	3.966336634
3765	3.96531219
3766	3.957551826
3767	3.956650246
3768	3.951771654
3769	3.950835792
3770	3.947937132
3771	3.948768473
3772	3.945919371
3773	3.951771654
3774	3.955665025
3775	3.95280236
3776	3.951866405
3777	3.951819076
3778	3.95270936
3779	3.956650246
3780	3.957551826
3781	3.957635468
3782	3.952848723
3783	3.957677165
3784	3.955708661
3785	3.959645669
3786	3.96248766
3787	3.959605911
3788	3.958702065
3789	3.959685349
3790	3.952848723
3791	3.949901768
3792	3.950835792
3793	3.947885939
3794	3.937069813
3795	3.935897436
3796	3.944444444
3797	3.94076999
3798	3.939782823
3799	3.942631058
3800	3.943786982
3801	3.949554896
3802	3.945598417
3803	3.94076999
3804	3.948565776
3805	3.951485149
3806	3.942744324
3807	3.943620178
3808	3.944499504
3809	3.93011811
3810	3.937869822
3811	3.946587537
3812	3.93867458
3813	3.92504931
3814	3.935515873
3815	3.936570862
3816	3.930693069
3817	3.930966469
3818	3.930049261
3819	3.926949654
3820	3.927865613
3821	3.927794263
3822	3.927794263
3823	3.924063116
3824	3.934718101
3825	3.929064039
3826	3.92687747
3827	3.929841897
3828	3.936570862
3829	3.93452381
3830	3.928853755
3831	3.931683168
3832	3.92864222
3833	3.922695738
3834	3.922848665
3835	3.933531746
3836	3.921782178
3837	3.929563492
3838	3.923762376
3839	3.923076923
3840	3.924063116
3841	3.933663366
3842	3.934911243
3843	3.928923988
3844	3.93503937
3845	3.934911243
3846	3.935707221
3847	3.936945813
3848	3.935960591
3849	3.93780849
3850	3.943731491
3851	3.939782823
3852	3.941814596
3853	3.937931034
3854	3.935897436
3855	3.93669634
3856	3.93960396
3857	3.941757157
3858	3.953511375
3859	3.955533597
3860	3.954590326
3861	3.949753695
3862	3.946902655
3863	3.951581028
3864	3.951628825
3865	3.957467854
3866	3.954545455
3867	3.957509881
3868	3.962338949
3869	3.958374628
3870	3.952662722
3871	3.950690335
3872	3.944773176
3873	3.952522255
3874	3.953511375
3875	3.950592885
3876	3.951533136
3877	3.95049505
3878	3.944664032
3879	3.943731491
3880	3.945759369
3881	3.94980315
3882	3.948717949
3883	3.947680158
3884	3.952615992
3885	3.955489614
3886	3.950641658
3887	3.948717949
3888	3.947783251
3889	3.950690335
3890	3.951628825
3891	3.954545455
3892	3.947731755
3893	3.948616601
3894	3.942800789
3895	3.938053097
3896	3.946692991
3897	3.951628825
3898	3.954545455
3899	3.952755906
3900	3.956607495
3901	3.95862069
3902	3.962450593
3903	3.960474308
3904	3.957635468
3905	3.95270936
3906	3.955665025
3907	3.957635468
3908	3.95862069
3909	3.95270936
3910	3.950835792
3911	3.953831041
3912	3.955665025
3913	3.960591133
3914	3.960552268
3915	3.959605911
3916	3.958538993
3917	3.957635468
3918	3.956607495
3919	3.958456973
3920	3.958415842
3921	3.954545455
3922	3.957383548
3923	3.951533136
3924	3.954500495
3925	3.956478734
3926	3.954500495
3927	3.94950495
3928	3.953557312
3929	3.944827586
3930	3.945919371
3931	3.943842365
3932	3.944773176
3933	3.947680158
3934	3.937007874
3935	3.9408867
3936	3.937869822
3937	3.942687747
3938	3.948514851
3939	3.952428147
3940	3.960356789
3941	3.960435213
3942	3.955445545
3943	3.945652174
3944	3.95049505
3945	3.955445545
3946	3.957425743
3947	3.959405941
3948	3.96039604
3949	3.961347869
3950	3.959405941
3951	3.958456973
3952	3.959405941
3953	3.962301587
3954	3.969154229
3955	3.971201589
3956	3.968316832
3957	3.965380811
3958	3.966369931
3959	3.96248766
3960	3.967261905
3961	3.965346535
3962	3.96333003
3963	3.962450593
3964	3.964391691
3965	3.974231913
3966	3.975222993
3967	3.973267327
3968	3.967455621
3969	3.973293769
3970	3.974282888
3971	3.975272008
3972	3.975247525
3973	3.972332016
3974	3.972304649
3975	3.974282888
3976	3.968379447
3977	3.966369931
3978	3.966369931
3979	3.964461994
3980	3.97029703
3981	3.973267327
3982	3.971287129
3983	3.966436328
3984	3.965483235
3985	3.969397828
3986	3.975272008
3987	3.972359329
3988	3.973320158
3989	3.968441815
3990	3.964566929
3991	3.966502463
3992	3.96460177
3993	3.961651917
3994	3.96460177
3995	3.966535433
3996	3.964566929
3997	3.963510848
3998	3.964497041
3999	3.972304649
4000	3.971343874
4001	3.970384995
4002	3.969367589
4003	3.968379447
4004	3.969306931
4005	3.968379447
4006	3.967326733
4007	3.959566075
4008	3.959605911
4009	3.968316832
4010	3.963402572
4011	3.966369931
4012	3.962450593
4013	3.960474308
4014	3.962450593
4015	3.958498024
4016	3.955533597
4017	3.96031746
4018	3.960356789
4019	3.963293651
4020	3.959446093
4021	3.959405941
4022	3.954545455
4023	3.95270936
4024	3.959446093
4025	3.958415842
4026	3.955533597
4027	3.955533597
4028	3.96432111
4029	3.970178926
4030	3.970267592
4031	3.974206349
4032	3.974206349
4033	3.965380811
4034	3.965277778
4035	3.962376238
4036	3.963438735
4037	3.969215492
4038	3.966336634
4039	3.966303271
4040	3.962413452
4041	3.966369931
4042	3.97029703
4043	3.968285431
4044	3.97020854
4045	3.972166998
4046	3.976143141
4047	3.975222993
4048	3.972277228
4049	3.968379447
4050	3.974231913
4051	3.971258672
4052	3.971315529
4053	3.971315529
4054	3.974231913
4055	3.976190476
4056	3.974206349
4057	3.972277228
4058	3.975247525
4059	3.973320158
4060	3.9743083
4061	3.968410661
4062	3.96834817
4063	3.96735905
4064	3.972304649
4065	3.973267327
4066	3.969246032
4067	3.965243297
4068	3.96333003
4069	3.96333003
4070	3.962301587
4071	3.9632572
4072	3.969246032
4073	3.969276511
4074	3.969306931
4075	3.966336634
4076	3.96248766
4077	3.966336634
4078	3.961462451
4079	3.966336634
4080	3.970326409
4081	3.964426877
4082	3.964391691
4083	3.959446093
4084	3.958498024
4085	3.963293651
4086	3.969306931
4087	3.96933729
4088	3.970326409
4089	3.967326733
4090	3.962524655
4091	3.963474827
4092	3.963510848
4093	3.959566075
4094	3.958579882
4095	3.960435213
4096	3.961500494
4097	3.957593688
4098	3.961386139
4099	3.966303271
4100	3.962338949
4101	3.96541502
4102	3.957635468
4103	3.956607495
4104	3.956735497
4105	3.955752212
4106	3.960629921
4107	3.95481336
4108	3.959645669
4109	3.961614173
4110	3.963618486
4111	3.96453202
4112	3.964497041
4113	3.968472906
4114	3.968503937
4115	3.96453202
4116	3.962598425
4117	3.967455621
4118	3.964566929
4119	3.963546798
4120	3.966469428
4121	3.968441815
4122	3.969428008
4123	3.971428571
4124	3.969488189
4125	3.966601179
4126	3.967519685
4127	3.969518191
4128	3.97044335
4129	3.97044335
4130	3.976307996
4131	3.973346496
4132	3.971400394
4133	3.973399015
4134	3.972413793
4135	3.973399015
4136	3.972386588
4137	3.975320829
4138	3.97828233
4139	3.970501475
4140	3.970501475
4141	3.969518191
4142	3.973399015
4143	3.974384236
4144	3.975369458
4145	3.968441815
4146	3.965517241
4147	3.968503937
4148	3.965517241
4149	3.960629921
4150	3.956650246
4151	3.955665025
4152	3.959605911
4153	3.955752212
4154	3.960668633
4155	3.963546798
4156	3.962598425
4157	3.958702065
4158	3.963546798
4159	3.961576355
4160	3.958661417
4161	3.960474308
4162	3.961500494
4163	3.961462451
4164	3.962413452
4165	3.966336634
4166	3.964391691
4167	3.964426877
4168	3.968379447
4169	3.969397828
4170	3.972332016
4171	3.975296443
4172	3.975296443
4173	3.971400394
4174	3.965551181
4175	3.974282888
4176	3.973320158
4177	3.974257426
4178	3.974282888
4179	3.973293769
4180	3.976237624
4181	3.976237624
4182	3.973293769
4183	3.974282888
4184	3.970355731
4185	3.973293769
4186	3.970355731
4187	3.968379447
4188	3.966403162
4189	3.968285431
4190	3.972277228
4191	3.973214286
4192	3.974206349
4193	3.975173784
4194	3.969246032
4195	3.966202783
4196	3.958415842
4197	3.959405941
4198	3.964250248
4199	3.960356789
4200	3.96039604
4201	3.960356789
4202	3.956435644
4203	3.959325397
4204	3.960278054
4205	3.958333333
4206	3.959325397
4207	3.958374628
4208	3.957467854
4209	3.944827586
4210	3.953557312
4211	3.954455446
4212	3.956478734
4213	3.964285714
4214	3.968253968
4215	3.960552268
4216	3.965380811
4217	3.966469428
4218	3.965449161
4219	3.960591133
4220	3.96541502
4221	3.95952616
4222	3.962413452
4223	3.955577493
4224	3.958538993
4225	3.969306931
4226	3.96735905
4227	3.970267592
4228	3.965380811
4229	3.967326733
4230	3.961309524
4231	3.962301587
4232	3.954455446
4233	3.949604743
4234	3.952333664
4235	3.952475248
4236	3.959325397
4237	3.958374628
4238	3.959285005
4239	3.957298908
4240	3.949604743
4241	3.953419227
4242	3.955401388
4243	3.953419227
4244	3.955445545
4245	3.963366337
4246	3.959486166
4247	3.96333003
4248	3.965277778
4249	3.962301587
4250	3.959285005
4251	3.946587537
4252	3.945652174
4253	3.954500495
4254	3.953648915
4255	3.957593688
4256	3.958538993
4257	3.954635108
4258	3.953557312
4259	3.959486166
4260	3.954590326
4261	3.953603159
4262	3.953740157
4263	3.958498024
4264	3.958498024
4265	3.966369931
4266	3.967391304
4267	3.96933729
4268	3.964497041
4269	3.969367589
4270	3.964497041
4271	3.961538462
4272	3.967391304
4273	3.967391304
4274	3.964426877
4275	3.966369931
4276	3.959645669
4277	3.96541502
4278	3.96834817
4279	3.967455621
4280	3.966369931
4281	3.966336634
4282	3.970267592
4283	3.966369931
4284	3.96933729
4285	3.964461994
4286	3.961424332
4287	3.960356789
4288	3.958498024
4289	3.961424332
4290	3.962376238
4291	3.958456973
4292	3.954590326
4293	3.951724138
4294	3.948869223
4295	3.948818898
4296	3.952662722
4297	3.955577493
4298	3.953740157
4299	3.953785644
4300	3.951771654
4301	3.945044161
4302	3.950787402
4303	3.951771654
4304	3.947783251
4305	3.945866142
4306	3.94679803
4307	3.943952802
4308	3.94980315
4309	3.946902655
4310	3.949704142
4311	3.945866142
4312	3.947885939
4313	3.94980315
4314	3.945866142
4315	3.945598417
4316	3.945759369
4317	3.952475248
4318	3.950396825
4319	3.940711462
4320	3.949404762
4321	3.946534653
4322	3.941757157
4323	3.945812808
4324	3.948768473
4325	3.947783251
4326	3.953648915
4327	3.955665025
4328	3.955665025
4329	3.953648915
4330	3.949753695
4331	3.946902655
4332	3.951676529
4333	3.952662722
4334	3.958538993
4335	3.961462451
4336	3.963474827
4337	3.965449161
4338	3.959645669
4339	3.958661417
4340	3.961538462
4341	3.957677165
4342	3.960591133
4343	3.961651917
4344	3.962598425
4345	3.963582677
4346	3.964566929
4347	3.964566929
4348	3.966535433
4349	3.967455621
4350	3.963582677
4351	3.966469428
4352	3.969367589
4353	3.969367589
4354	3.969397828
4355	3.969397828
4356	3.967487685
4357	3.963582677
4358	3.965483235
4359	3.965449161
4360	3.967455621
4361	3.968441815
4362	3.971428571
4363	3.970472441
4364	3.974384236
4365	3.975369458
4366	3.974409449
4367	3.972413793
4368	3.969458128
4369	3.967519685
4370	3.968503937
4371	3.971428571
4372	3.973399015
4373	3.974384236
4374	3.968503937
4375	3.966502463
4376	3.96453202
4377	3.963546798
4378	3.960552268
4379	3.958702065
4380	3.954679803
4381	3.961424332
4382	3.961500494
4383	3.958498024
4384	3.963293651
4385	3.955445545
4386	3.957425743
4387	3.956392468
4388	3.956478734
4389	3.953511375
4390	3.953511375
4391	3.959325397
4392	3.960356789
4393	3.961271102
4394	3.958333333
4395	3.954319762
4396	3.95526839
4397	3.945436508
4398	3.942631058
4399	3.943564356
4400	3.953326713
4401	3.945382324
4402	3.952286282
4403	3.951340616
4404	3.95114656
4405	3.952380952
4406	3.946428571
4407	3.950445986
4408	3.94950495
4409	3.954365079
4410	3.954319762
4411	3.947524752
4412	3.941814596
4413	3.945812808
4414	3.935103245
4415	3.948616601
4416	3.947834646
4417	3.951581028
4418	3.948667325
4419	3.951437066
4420	3.943564356
4421	3.943508424
4422	3.948565776
4423	3.94950495
4424	3.954455446
4425	3.949604743
4426	3.949354518
4427	3.941526264
4428	3.933597621
4429	3.941468254
4430	3.939424032
4431	3.938369781
4432	3.932606541
4433	3.938492063
4434	3.936507937
4435	3.941584158
4436	3.948514851
4437	3.945598417
4438	3.947420635
4439	3.944333996
4440	3.945382324
4441	3.945490585
4442	3.950298211
4443	3.949354518
4444	3.950445986
4445	3.944554455
4446	3.944664032
4447	3.956218905
4448	3.956305859
4449	3.941584158
4450	3.953280318
4451	3.953419227
4452	3.957383548
4453	3.964250248
4454	3.968159204
4455	3.959446093
4456	3.955489614
4457	3.959405941
4458	3.952662722
4459	3.954590326
4460	3.956607495
4461	3.961386139
4462	3.961462451
4463	3.959405941
4464	3.960474308
4465	3.958538993
4466	3.961424332
4467	3.957509881
4468	3.95256917
4469	3.951581028
4470	3.954500495
4471	3.958415842
4472	3.961424332
4473	3.958456973
4474	3.948667325
4475	3.951485149
4476	3.956262425
4477	3.95526839
4478	3.956305859
4479	3.96222664
4480	3.95734127
4481	3.959325397
4482	3.955357143
4483	3.954410307
4484	3.954365079
4485	3.955445545
4486	3.951533136
4487	3.9632572
4488	3.963366337
4489	3.962413452
4490	3.960474308
4491	3.959446093
4492	3.949604743
4493	3.951533136
4494	3.956392468
4495	3.955445545
4496	3.956435644
4497	3.961386139
4498	3.949704142
4499	3.950690335
4500	3.954590326
4501	3.96039604
4502	3.95270936
4503	3.959486166
4504	3.957593688
4505	3.960552268
4506	3.954590326
4507	3.953511375
4508	3.959405941
4509	3.953648915
4510	3.944062807
4511	3.948818898
4512	3.950690335
4513	3.951724138
4514	3.95270936
4515	3.957551826
4516	3.960552268
4517	3.958579882
4518	3.954590326
4519	3.949753695
4520	3.953603159
4521	3.956521739
4522	3.960435213
4523	3.960356789
4524	3.963293651
4525	3.962338949
4526	3.956478734
4527	3.956521739
4528	3.961424332
4529	3.96039604
4530	3.963402572
4531	3.962450593
4532	3.963402572
4533	3.964391691
4534	3.962376238
4535	3.961309524
4536	3.957383548
4537	3.955357143
4538	3.953465347
4539	3.947628458
4540	3.93972332
4541	3.944609298
4542	3.946534653
4543	3.954228856
4544	3.951388889
4545	3.94836147
4546	3.947368421
4547	3.952380952
4548	3.953511375
4549	3.955533597
4550	3.954545455
4551	3.957467854
4552	3.957425743
4553	3.952615992
4554	3.95256917
4555	3.942857143
4556	3.943786982
4557	3.9408867
4558	3.937869822
4559	3.948616601
4560	3.943731491
4561	3.947680158
4562	3.948717949
4563	3.943731491
4564	3.945652174
4565	3.946692991
4566	3.950544016
4567	3.956478734
4568	3.954590326
4569	3.949704142
4570	3.952522255
4571	3.949604743
4572	3.936758893
4573	3.941176471
4574	3.936444886
4575	3.93638171
4576	3.937437934
4577	3.93960396
4578	3.949354518
4579	3.943620178
4580	3.942631058
4581	3.943564356
4582	3.937747036
4583	3.938795656
4584	3.938369781
4585	3.935579782
4586	3.932739862
4587	3.941526264
4588	3.942687747
4589	3.944664032
4590	3.944718657
4591	3.93972332
4592	3.938735178
4593	3.932739862
4594	3.937623762
4595	3.942744324
4596	3.947731755
4597	3.944718657
4598	3.951485149
4599	3.950641658
4600	3.944827586
4601	3.946692991
4602	3.943731491
4603	3.947680158
4604	3.945705824
4605	3.942687747
4606	3.952522255
4607	3.941871921
4608	3.945866142
4609	3.947783251
4610	3.949704142
4611	3.949753695
4612	3.949753695
4613	3.950592885
4614	3.950592885
4615	3.94679803
4616	3.955489614
4617	3.947783251
4618	3.948717949
4619	3.950690335
4620	3.952615992
4621	3.958415842
4622	3.960474308
4623	3.96531219
4624	3.96248766
4625	3.95270936
4626	3.950690335
4627	3.957509881
4628	3.964285714
4629	3.958538993
4630	3.962301587
4631	3.965346535
4632	3.959486166
4633	3.956607495
4634	3.95952616
4635	3.957551826
4636	3.961500494
4637	3.963366337
4638	3.96432111
4639	3.961424332
4640	3.960474308
4641	3.963438735
4642	3.966369931
4643	3.972304649
4644	3.969306931
4645	3.964356436
4646	3.961500494
4647	3.962561576
4648	3.963582677
4649	3.956735497
4650	3.967455621
4651	3.968410661
4652	3.965483235
4653	3.967423495
4654	3.966469428
4655	3.963510848
4656	3.96453202
4657	3.962598425
4658	3.96453202
4659	3.961614173
4660	3.960629921
4661	3.96460177
4662	3.965551181
4663	3.968441815
4664	3.97044335
4665	3.97044335
4666	3.968503937
4667	3.967583497
4668	3.970501475
4669	3.972468043
4670	3.972468043
4671	3.970501475
4672	3.974409449
4673	3.974384236
4674	3.969488189
4675	3.97044335
4676	3.969488189
4677	3.974358974
4678	3.969518191
4679	3.972386588
4680	3.970414201
4681	3.968472906
4682	3.965551181
4683	3.969428008
4684	3.96248766
4685	3.962450593
4686	3.960435213
4687	3.960513327
4688	3.961614173
4689	3.954724409
4690	3.958579882
4691	3.960513327
4692	3.966436328
4693	3.964497041
4694	3.967487685
4695	3.969397828
4696	3.966403162
4697	3.969367589
4698	3.966436328
4699	3.969428008
4700	3.969397828
4701	3.967391304
4702	3.96834817
4703	3.969367589
4704	3.972304649
4705	3.970384995
4706	3.973320158
4707	3.973372781
4708	3.973372781
4709	3.972359329
4710	3.969428008
4711	3.971400394
4712	3.973293769
4713	3.972359329
4714	3.970326409
4715	3.971372162
4716	3.966469428
4717	3.968410661
4718	3.966502463
4719	3.968441815
4720	3.968441815
4721	3.966469428
4722	3.97044335
4723	3.972359329
4724	3.966469428
4725	3.964497041
4726	3.966469428
4727	3.962561576
4728	3.965483235
4729	3.969397828
4730	3.965517241
4731	3.964566929
4732	3.965483235
4733	3.964636542
4734	3.966568338
4735	3.965551181
4736	3.968503937
4737	3.965585054
4738	3.962671906
4739	3.965551181
4740	3.966568338
4741	3.966535433
4742	3.969488189
4743	3.967551622
4744	3.963618486
4745	3.966535433
4746	3.962708538
4747	3.962671906
4748	3.961689587
4749	3.965585054
4750	3.963654224
4751	3.968503937
4752	3.971428571
4753	3.968472906
4754	3.965585054
4755	3.965551181
4756	3.968472906
4757	3.967519685
4758	3.967551622
4759	3.962598425
4760	3.962561576
4761	3.958661417
4762	3.958661417
4763	3.960552268
4764	3.953740157
4765	3.956692913
4766	3.961538462
4767	3.959605911
4768	3.962561576
4769	3.962524655
4770	3.959685349
4771	3.954768928
4772	3.955708661
4773	3.955795678
4774	3.950884086
4775	3.95270936
4776	3.958579882
4777	3.954724409
4778	3.949852507
4779	3.949901768
4780	3.95280236
4781	3.960513327
4782	3.959566075
4783	3.95862069
4784	3.956735497
4785	3.958702065
4786	3.960591133
4787	3.963546798
4788	3.962450593
4789	3.966403162
4790	3.968441815
4791	3.96453202
4792	3.957677165
4793	3.95862069
4794	3.962561576
4795	3.963474827
4796	3.958538993
4797	3.961462451
4798	3.961462451
4799	3.960435213
4800	3.960513327
4801	3.964426877
4802	3.963474827
4803	3.963474827
4804	3.962450593
4805	3.958538993
4806	3.962524655
4807	3.960629921
4808	3.962561576
4809	3.963582677
4810	3.967487685
4811	3.967455621
4812	3.967487685
4813	3.964566929
4814	3.965483235
4815	3.960591133
4816	3.957593688
4817	3.96541502
4818	3.968410661
4819	3.970414201
4820	3.966436328
4821	3.968410661
4822	3.969367589
4823	3.971258672
4824	3.969367589
4825	3.969367589
4826	3.972332016
4827	3.966436328
4828	3.962561576
4829	3.960552268
4830	3.962524655
4831	3.961538462
4832	3.960552268
4833	3.961424332
4834	3.960591133
4835	3.95862069
4836	3.955665025
4837	3.959486166
4838	3.961386139
4839	3.954545455
4840	3.954590326
4841	3.953603159
4842	3.950738916
4843	3.952662722
4844	3.952662722
4845	3.953557312
4846	3.954545455
4847	3.94980315
4848	3.950641658
4849	3.943842365
4850	3.936086529
4851	3.937747036
4852	3.93867458
4853	3.939663699
4854	3.941526264
4855	3.94076999
4856	3.948412698
4857	3.941410129
4858	3.942288557
4859	3.947368421
4860	3.944718657
4861	3.948514851
4862	3.950445986
4863	3.945490585
4864	3.945436508
4865	3.952238806
4866	3.951292247
4867	3.954365079
4868	3.952522255
4869	3.952522255
4870	3.943897638
4871	3.954500495
4872	3.959446093
4873	3.957551826
4874	3.955401388
4875	3.954410307
4876	3.946850394
4877	3.950738916
4878	3.949753695
4879	3.950738916
4880	3.960474308
4881	3.956607495
4882	3.957593688
4883	3.961462451
4884	3.961462451
4885	3.957635468
4886	3.96248766
4887	3.960591133
4888	3.958579882
4889	3.955621302
4890	3.956521739
4891	3.962413452
4892	3.956607495
4893	3.956607495
4894	3.960591133
4895	3.957509881
4896	3.955533597
4897	3.949604743
4898	3.942744324
4899	3.942857143
4900	3.938113949
4901	3.933136676
4902	3.937069813
4903	3.940019666
4904	3.942913386
4905	3.940944882
4906	3.941118744
4907	3.94302554
4908	3.947006869
4909	3.949901768
4910	3.944990177
4911	3.938174681
4912	3.947783251
4913	3.951676529
4914	3.952662722
4915	3.954679803
4916	3.946902655
4917	3.945866142
4918	3.949654492
4919	3.952615992
4920	3.956521739
4921	3.953603159
4922	3.958415842
4923	3.953603159
4924	3.948768473
4925	3.954679803
4926	3.956650246
4927	3.952755906
4928	3.957593688
4929	3.962450593
4930	3.955752212
4931	3.957718781
4932	3.952848723
4933	3.954679803
4934	3.95280236
4935	3.947937132
4936	3.949852507
4937	3.948869223
4938	3.944007859
4939	3.942100098
4940	3.942969518
4941	3.934119961
4942	3.934249264
4943	3.938053097
4944	3.935103245
4945	3.936023622
4946	3.935166994
4947	3.939901478
4948	3.938174681
4949	3.942969518
4950	3.942043222
4951	3.945866142
4952	3.937316357
4953	3.942100098
4954	3.946850394
4955	3.948717949
4956	3.944936087
4957	3.944990177
4958	3.944990177
4959	3.949852507
4960	3.951771654
4961	3.943137255
4962	3.944062807
4963	3.945151812
4964	3.951866405
4965	3.951819076
4966	3.953831041
4967	3.955839058
4968	3.962635202
4969	3.963618486
4970	3.965551181
4971	3.959685349
4972	3.961614173
4973	3.959764475
4974	3.963654224
4975	3.962671906
4976	3.964566929
4977	3.969458128
4978	3.969488189
4979	3.965517241
4980	3.967487685
4981	3.967487685
4982	3.968472906
4983	3.969458128
4984	3.967519685
4985	3.967551622
4986	3.967551622
4987	3.966568338
4988	3.96460177
4989	3.964636542
4990	3.964636542
4991	3.965517241
4992	3.956735497
4993	3.957718781
4994	3.943137255
4995	3.944936087
4996	3.94488189
4997	3.947731755
4998	3.942857143
4999	3.947731755
5000	3.947885939
5001	3.955665025
5002	3.946954813
5003	3.946902655
5004	3.95270936
5005	3.954635108
5006	3.95952616
5007	3.957593688
5008	3.957635468
5009	3.959645669
5010	3.953785644
5011	3.954768928
5012	3.956777996
5013	3.95280236
5014	3.947988224
5015	3.945866142
5016	3.947834646
5017	3.948717949
5018	3.949852507
5019	3.950738916
5020	3.955621302
5021	3.953694581
5022	3.950690335
5023	3.950641658
5024	3.951676529
5025	3.953511375
5026	3.953694581
5027	3.955577493
5028	3.95256917
5029	3.955489614
5030	3.950592885
5031	3.943842365
5032	3.943620178
5033	3.949404762
5034	3.951485149
5035	3.946587537
5036	3.942687747
5037	3.946587537
5038	3.944664032
5039	3.948514851
5040	3.944664032
5041	3.942744324
5042	3.942744324
5043	3.939842209
5044	3.942744324
5045	3.952475248
5046	3.951485149
5047	3.951533136
5048	3.950641658
5049	3.945705824
5050	3.942631058
5051	3.940828402
5052	3.938795656
5053	3.946534653
5054	3.942800789
5055	3.941929134
5056	3.942913386
5057	3.949654492
5058	3.949554896
5059	3.945705824
5060	3.944827586
5061	3.939156035
5062	3.944936087
5063	3.941118744
5064	3.940196078
5065	3.94980315
5066	3.955577493
5067	3.952755906
5068	3.951628825
5069	3.947731755
5070	3.945866142
5071	3.946850394
5072	3.946692991
5073	3.945759369
5074	3.945705824
5075	3.942800789
5076	3.94076999
5077	3.941871921
5078	3.943897638
5079	3.952755906
5080	3.951676529
5081	3.954590326
5082	3.95270936
5083	3.955708661
5084	3.955665025
5085	3.956650246
5086	3.959446093
5087	3.961500494
5088	3.956607495
5089	3.951724138
5090	3.953694581
5091	3.950690335
5092	3.947885939
5093	3.94891945
5094	3.948717949
5095	3.941929134
5096	3.94679803
5097	3.938053097
5098	3.942043222
5099	3.945972495
5100	3.946954813
5101	3.947006869
5102	3.947988224
5103	3.945972495
5104	3.948717949
5105	3.949852507
5106	3.945919371
5107	3.945866142
5108	3.942969518
5109	3.94488189
5110	3.941871921
5111	3.94100295
5112	3.943897638
5113	3.947885939
5114	3.951724138
5115	3.951819076
5116	3.949852507
5117	3.956692913
5118	3.95481336
5119	3.954946131
5120	3.953921569
5121	3.955795678
5122	3.956735497
5123	3.959645669
5124	3.962524655
5125	3.951866405
5126	3.954500495
5127	3.956607495
5128	3.961538462
5129	3.953740157
5130	3.956564659
5131	3.957509881
5132	3.955708661
5133	3.959645669
5134	3.963510848
5135	3.959566075
5136	3.959605911
5137	3.955665025
5138	3.956607495
5139	3.952848723
5140	3.959605911
5141	3.962524655
5142	3.957677165
5143	3.954768928
5144	3.951724138
5145	3.953785644
5146	3.956650246
5147	3.951724138
5148	3.951676529
5149	3.958538993
5150	3.956564659
5151	3.956521739
5152	3.949654492
5153	3.95256917
5154	3.953557312
5155	3.945812808
5156	3.945705824
5157	3.936883629
5158	3.942517344
5159	3.941526264
5160	3.946534653
5161	3.936883629
5162	3.938735178
5163	3.941468254
5164	3.94047619
5165	3.942574257
5166	3.953326713
5167	3.953419227
5168	3.954319762
5169	3.948667325
5170	3.951581028
5171	3.951533136
5172	3.95256917
5173	3.946745562
5174	3.95256917
5175	3.951533136
5176	3.955401388
5177	3.955357143
5178	3.957425743
5179	3.954455446
5180	3.951533136
5181	3.947524752
5182	3.938735178
5183	3.943564356
5184	3.952522255
5185	3.952428147
5186	3.949554896
5187	3.949454906
5188	3.949454906
5189	3.947472745
5190	3.950544016
5191	3.96119403
5192	3.955223881
5193	3.954365079
5194	3.958250497
5195	3.957171315
5196	3.946215139
5197	3.947316103
5198	3.954137587
5199	3.943452381
5200	3.94041708
5201	3.945273632
5202	3.949152542
5203	3.946161515
5204	3.947263682
5205	3.952095808
5206	3.958083832
5207	3.957042957
5208	3.952095808
5209	3.946161515
5210	3.939303483
5211	3.941117764
5212	3.943113772
5213	3.945273632
5214	3.941410129
5215	3.936318408
5216	3.936570862
5217	3.939243028
5218	3.947947948
5219	3.954045954
5220	3.949152542
5221	3.944167498
5222	3.951048951
5223	3.945273632
5224	3.946322068
5225	3.944609298
5226	3.947368421
5227	3.938430983
5228	3.94041708
5229	3.948103792
5230	3.945164506
5231	3.951243781
5232	3.954137587
5233	3.957128614
5234	3.945436508
5235	3.955179283
5236	3.954365079
5237	3.951340616
5238	3.946322068
5239	3.941468254
5240	3.938553023
5241	3.938492063
5242	3.935515873
5243	3.941410129
5244	3.939303483
5245	3.94041708
5246	3.94123506
5247	3.947211155
5248	3.940594059
5249	3.93768546
5250	3.946215139
5251	3.947316103
5252	3.946428571
5253	3.954045954
5254	3.962
5255	3.952428147
5256	3.94836147
5257	3.942460317
5258	3.94041708
5259	3.943396226
5260	3.947368421
5261	3.945436508
5262	3.946215139
5263	3.953233831
5264	3.950248756
5265	3.939484127
5266	3.942231076
5267	3.938123752
5268	3.939182453
5269	3.941941942
5270	3.937313433
5271	3.932472691
5272	3.933333333
5273	3.932539683
5274	3.935258964
5275	3.947843531
5276	3.93993994
5277	3.937313433
5278	3.933200399
5279	3.942942943
5280	3.930278884
5281	3.937125749
5282	3.94011976
5283	3.94884654
5284	3.94488978
5285	3.936444886
5286	3.944223108
5287	3.942231076
5288	3.943396226
5289	3.942345924
5290	3.944499504
5291	3.941468254
5292	3.953280318
5293	3.958208955
5294	3.96318408
5295	3.95734127
5296	3.957425743
5297	3.952522255
5298	3.956349206
5299	3.961271102
5300	3.959244533
5301	3.955401388
5302	3.963220676
5303	3.963220676
5304	3.964285714
5305	3.96222664
5306	3.959285005
5307	3.965174129
5308	3.963220676
5309	3.964143426
5310	3.960238569
5311	3.96119403
5312	3.964107677
5313	3.962151394
5314	3.956218905
5315	3.96506986
5316	3.95920398
5317	3.95721393
5318	3.956175299
5319	3.958167331
5320	3.953280318
5321	3.956175299
5322	3.950248756
5323	3.954274354
5324	3.946587537
5325	3.936883629
5326	3.953280318
5327	3.956349206
5328	3.957383548
5329	3.963293651
5330	3.959486166
5331	3.957509881
5332	3.951628825
5333	3.951485149
5334	3.950445986
5335	3.953373016
5336	3.959244533
5337	3.952475248
5338	3.954455446
5339	3.950641658
5340	3.948768473
5341	3.951533136
5342	3.948616601
5343	3.950690335
5344	3.954635108
5345	3.951771654
5346	3.961309524
5347	3.962264151
5348	3.960435213
5349	3.959446093
5350	3.956392468
5351	3.956305859
5352	3.955357143
5353	3.951292247
5354	3.949354518
5355	3.953280318
5356	3.958083832
5357	3.956131605
5358	3.967032967
5359	3.96222664
5360	3.945382324
5361	3.951951952
5362	3.950199203
5363	3.95114656
5364	3.953233831
5365	3.958041958
5366	3.949304175
5367	3.953187251
5368	3.959081836
5369	3.965
5370	3.962151394
5371	3.95920398
5372	3.950298211
5373	3.95508982
5374	3.944223108
5375	3.951
5376	3.94510978
5377	3.940239044
5378	3.946107784
5379	3.952905812
5380	3.950199203
5381	3.946161515
5382	3.94994995
5383	3.955823293
5384	3.953768844
5385	3.950950951
5386	3.946107784
5387	3.94884654
5388	3.943113772
5389	3.948897796
5390	3.955778894
5391	3.948
5392	3.949
5393	3.941176471
5394	3.951048951
5395	3.941117764
5396	3.943
5397	3.939243028
5398	3.944223108
5399	3.951097804
5400	3.946161515
5401	3.947158524
5402	3.945273632
5403	3.944333996
5404	3.947158524
5405	3.950199203
5406	3.957256461
5407	3.967032967
5408	3.965174129
5409	3.959244533
5410	3.958291956
5411	3.960278054
5412	3.96432111
5413	3.962301587
5414	3.962301587
5415	3.954410307
5416	3.957383548
5417	3.959365709
5418	3.963293651
5419	3.96031746
5420	3.959446093
5421	3.96531219
5422	3.956607495
5423	3.96432111
5424	3.964356436
5425	3.970238095
5426	3.971230159
5427	3.972249752
5428	3.970267592
5429	3.971230159
5430	3.96735905
5431	3.970267592
5432	3.969215492
5433	3.966336634
5434	3.968316832
5435	3.969246032
5436	3.968316832
5437	3.967196819
5438	3.971230159
5439	3.96933729
5440	3.970267592
5441	3.965380811
5442	3.963438735
5443	3.96039604
5444	3.96432111
5445	3.966336634
5446	3.970238095
5447	3.969246032
5448	3.963438735
5449	3.960513327
5450	3.961347869
5451	3.958415842
5452	3.958498024
5453	3.962376238
5454	3.955489614
5455	3.952522255
5456	3.958374628
5457	3.957383548
5458	3.947680158
5459	3.948412698
5460	3.945436508
5461	3.955223881
5462	3.951243781
5463	3.944389275
5464	3.946322068
5465	3.944554455
5466	3.951292247
5467	3.944499504
5468	3.950445986
5469	3.952380952
5470	3.947576657
5471	3.947628458
5472	3.9408867
5473	3.943786982
5474	3.942857143
5475	3.940019666
5476	3.942744324
5477	3.954500495
5478	3.949654492
5479	3.951676529
5480	3.951581028
5481	3.944773176
5482	3.948514851
5483	3.951485149
5484	3.950544016
5485	3.953603159
5486	3.955489614
5487	3.950641658
5488	3.948717949
5489	3.943731491
5490	3.946640316
5491	3.943897638
5492	3.941871921
5493	3.944827586
5494	3.947783251
5495	3.950738916
5496	3.95270936
5497	3.950738916
5498	3.950738916
5499	3.949704142
5500	3.949604743
5501	3.945705824
5502	3.943731491
5503	3.938856016
5504	3.940828402
5505	3.947783251
5506	3.942969518
5507	3.950690335
5508	3.944827586
5509	3.942857143
5510	3.943842365
5511	3.937254902
5512	3.944827586
5513	3.943897638
5514	3.944773176
5515	3.94679803
5516	3.946745562
5517	3.949604743
5518	3.952475248
5519	3.946640316
5520	3.947628458
5521	3.941526264
5522	3.946534653
5523	3.945652174
5524	3.947628458
5525	3.953465347
5526	3.950445986
5527	3.93996063
5528	3.944664032
5529	3.946640316
5530	3.940944882
5531	3.942800789
5532	3.934975369
5533	3.943675889
5534	3.937869822
5535	3.944554455
5536	3.941526264
5537	3.930761622
5538	3.930486594
5539	3.934328358
5540	3.936444886
5541	3.927865613
5542	3.942345924
5543	3.942231076
5544	3.930486594
5545	3.93638171
5546	3.940179462
5547	3.94123506
5548	3.949203187
5549	3.935579782
5550	3.928500497
5551	3.92687747
5552	3.938430983
5553	3.9375
5554	3.934782609
5555	3.941584158
5556	3.943452381
5557	3.936821323
5558	3.933794466
5559	3.932938856
5560	3.938613861
5561	3.938492063
5562	3.93768546
5563	3.941699605
5564	3.936758893
5565	3.93867458
5566	3.93867458
5567	3.933728981
5568	3.941584158
5569	3.945544554
5570	3.948565776
5571	3.944664032
5572	3.941814596
5573	3.942631058
5574	3.941871921
5575	3.94679803
5576	3.949704142
5577	3.953648915
5578	3.954768928
5579	3.94980315
5580	3.952615992
5581	3.956521739
5582	3.952662722
5583	3.953694581
5584	3.962450593
5585	3.954724409
5586	3.956650246
5587	3.960513327
5588	3.96248766
5589	3.957551826
5590	3.961424332
5591	3.96039604
5592	3.959446093
5593	3.963402572
5594	3.954590326
5595	3.953465347
5596	3.951437066
5597	3.95256917
5598	3.948717949
5599	3.951533136
5600	3.948514851
5601	3.951628825
5602	3.953465347
5603	3.953511375
5604	3.949454906
5605	3.950347567
5606	3.948412698
5607	3.947628458
5608	3.95526839
5609	3.952475248
5610	3.95531281
5611	3.950347567
5612	3.953326713
5613	3.956218905
5614	3.947472745
5615	3.948514851
5616	3.951340616
5617	3.947472745
5618	3.95531281
5619	3.947628458
5620	3.949304175
5621	3.956262425
5622	3.955223881
5623	3.949354518
5624	3.949354518
5625	3.949454906
5626	3.954228856
5627	3.952380952
5628	3.954319762
5629	3.95531281
5630	3.954410307
5631	3.959405941
5632	3.956349206
5633	3.954319762
5634	3.959325397
5635	3.955445545
5636	3.962264151
5637	3.960238569
5638	3.968159204
5639	3.962301587
5640	3.958498024
5641	3.957467854
5642	3.952615992
5643	3.955577493
5644	3.958538993
5645	3.96333003
5646	3.963366337
5647	3.96248766
5648	3.964391691
5649	3.963366337
5650	3.959446093
5651	3.96333003
5652	3.967326733
5653	3.964391691
5654	3.966403162
5655	3.968410661
5656	3.961576355
5657	3.96541502
5658	3.968285431
5659	3.964391691
5660	3.957551826
5661	3.955577493
5662	3.949704142
5663	3.950641658
5664	3.951581028
5665	3.952475248
5666	3.946481665
5667	3.946375372
5668	3.941293532
5669	3.947263682
5670	3.950149551
5671	3.945382324
5672	3.950396825
5673	3.948514851
5674	3.943564356
5675	3.947472745
5676	3.945652174
5677	3.941871921
5678	3.939782823
5679	3.937007874
5680	3.949454906
5681	3.947420635
5682	3.948463826
5683	3.946534653
5684	3.951581028
5685	3.955357143
5686	3.959244533
5687	3.960278054
5688	3.962151394
5689	3.955357143
5690	3.956262425
5691	3.954410307
5692	3.949554896
5693	3.949654492
5694	3.952662722
5695	3.954590326
5696	3.964426877
5697	3.960435213
5698	3.952615992
5699	3.948667325
5700	3.955445545
5701	3.956435644
5702	3.957383548
5703	3.953511375
5704	3.958415842
5705	3.949554896
5706	3.953603159
5707	3.947885939
5708	3.950787402
5709	3.948768473
5710	3.949654492
5711	3.946850394
5712	3.943952802
5713	3.945866142
5714	3.951676529
5715	3.953740157
5716	3.954768928
5717	3.960552268
5718	3.956650246
5719	3.953740157
5720	3.951819076
5721	3.95280236
5722	3.951819076
5723	3.951819076
5724	3.951866405
5725	3.95862069
5726	3.951771654
5727	3.947885939
5728	3.945866142
5729	3.946850394
5730	3.949704142
5731	3.951676529
5732	3.943952802
5733	3.952662722
5734	3.952848723
5735	3.951866405
5736	3.945866142
5737	3.943081452
5738	3.943081452
5739	3.948818898
5740	3.955577493
5741	3.963474827
5742	3.964461994
5743	3.966403162
5744	3.965380811
5745	3.956650246
5746	3.960513327
5747	3.960474308
5748	3.962450593
5749	3.961424332
5750	3.95952616
5751	3.966303271
5752	3.961424332
5753	3.963366337
5754	3.961424332
5755	3.962413452
5756	3.960474308
5757	3.962413452
5758	3.964285714
5759	3.965277778
5760	3.965346535
5761	3.964391691
5762	3.962450593
5763	3.950787402
5764	3.955665025
5765	3.952755906
5766	3.949753695
5767	3.950690335
5768	3.950592885
5769	3.943842365
5770	3.950690335
5771	3.958498024
5772	3.953694581
5773	3.956521739
5774	3.955533597
5775	3.952662722
5776	3.954724409
5777	3.951724138
5778	3.947783251
5779	3.953694581
5780	3.956607495
5781	3.951724138
5782	3.953603159
5783	3.941871921
5784	3.945759369
5785	3.947731755
5786	3.944827586
5787	3.949704142
5788	3.951628825
5789	3.949852507
5790	3.948869223
5791	3.948818898
5792	3.945866142
5793	3.951771654
5794	3.948768473
5795	3.946902655
5796	3.945044161
5797	3.944007859
5798	3.946954813
5799	3.949654492
5800	3.936211973
5801	3.941929134
5802	3.946850394
5803	3.952615992
5804	3.953694581
5805	3.954635108
5806	3.948818898
5807	3.944773176
5808	3.947680158
5809	3.94488189
5810	3.930186824
5811	3.932153392
5812	3.932938856
5813	3.932938856
5814	3.942574257
5815	3.949304175
5816	3.949354518
5817	3.944554455
5818	3.943283582
5819	3.9375
5820	3.941410129
5821	3.946268657
5822	3.941584158
5823	3.949304175
5824	3.947472745
5825	3.949454906
5826	3.946375372
5827	3.948258706
5828	3.935707221
5829	3.933728981
5830	3.927865613
5831	3.929911155
5832	3.929980276
5833	3.93669634
5834	3.935707221
5835	3.931952663
5836	3.927093596
5837	3.933859822
5838	3.93960396
5839	3.941641939
5840	3.942574257
5841	3.941641939
5842	3.943564356
5843	3.93780849
5844	3.933728981
5845	3.940535183
5846	3.936883629
5847	3.943564356
5848	3.951533136
5849	3.947731755
5850	3.951628825
5851	3.941986234
5852	3.941929134
5853	3.948818898
5854	3.948768473
5855	3.948768473
5856	3.947680158
5857	3.951533136
5858	3.944773176
5859	3.943842365
5860	3.945598417
5861	3.947680158
5862	3.945812808
5863	3.947628458
5864	3.94950495
5865	3.950544016
5866	3.943842365
5867	3.941871921
5868	3.942913386
5869	3.948667325
5870	3.951581028
5871	3.948717949
5872	3.958415842
5873	3.948667325
5874	3.945705824
5875	3.948565776
5876	3.951581028
5877	3.940828402
5878	3.945652174
5879	3.941757157
5880	3.93780849
5881	3.947368421
5882	3.941641939
5883	3.942574257
5884	3.93780849
5885	3.934782609
5886	3.944499504
5887	3.94950495
5888	3.950347567
5889	3.944554455
5890	3.947524752
5891	3.945544554
5892	3.95531281
5893	3.949454906
5894	3.944609298
5895	3.947576657
5896	3.943564356
5897	3.93972332
5898	3.942460317
5899	3.939484127
5900	3.943508424
5901	3.931818182
5902	3.940535183
5903	3.9375
5904	3.938553023
5905	3.943396226
5906	3.941526264
5907	3.94836147
5908	3.94836147
5909	3.946587537
5910	3.950396825
5911	3.951485149
5912	3.945328032
5913	3.943452381
5914	3.941351889
5915	3.944278607
5916	3.93452381
5917	3.935323383
5918	3.945164506
5919	3.946107784
5920	3.942403178
5921	3.951
5922	3.954228856
5923	3.945382324
5924	3.953
5925	3.955
5926	3.956956957
5927	3.955044955
5928	3.959081836
5929	3.958167331
5930	3.961155378
5931	3.954319762
5932	3.953280318
5933	3.948258706
5934	3.957171315
5935	3.948310139
5936	3.946375372
5937	3.94836147
5938	3.946428571
5939	3.948412698
5940	3.951437066
5941	3.95734127
5942	3.964179104
5943	3.969123506
5944	3.964179104
5945	3.961232604
5946	3.957298908
5947	3.962189055
5948	3.965174129
5949	3.962301587
5950	3.961386139
5951	3.96222664
5952	3.962189055
5953	3.958250497
5954	3.958208955
5955	3.954183267
5956	3.954274354
5957	3.961961962
5958	3.952286282
5959	3.945382324
5960	3.951340616
5961	3.958208955
5962	3.954455446
5963	3.955445545
5964	3.956262425
5965	3.954365079
5966	3.965208748
5967	3.9632572
5968	3.960159363
5969	3.95531281
5970	3.942517344
5971	3.937623762
5972	3.937623762
5973	3.949304175
5974	3.952191235
5975	3.957171315
5976	3.955223881
5977	3.952238806
5978	3.94836147
5979	3.951292247
5980	3.95508982
5981	3.948258706
5982	3.956218905
5983	3.952286282
5984	3.95531281
5985	3.946481665
5986	3.956087824
5987	3.960199005
5988	3.959163347
5989	3.964035964
5990	3.966101695
5991	3.964143426
5992	3.972055888
5993	3.972055888
5994	3.968063872
5995	3.969123506
5996	3.965139442
5997	3.966202783
5998	3.964250248
5999	3.966169154
6000	3.96812749
6001	3.968159204
6002	3.97108674
6003	3.96812749
6004	3.97108674
6005	3.971172962
6006	3.969215492
6007	3.970178926
6008	3.970178926
6009	3.965243297
6010	3.965277778
6011	3.962301587
6012	3.971144279
6013	3.973080758
6014	3.97020854
6015	3.966269841
6016	3.971172962
6017	3.966269841
6018	3.967294351
6019	3.969184891
6020	3.964391691
6021	3.969215492
6022	3.969215492
6023	3.972139303
6024	3.956521739
6025	3.965174129
6026	3.960278054
6027	3.957171315
6028	3.952333664
6029	3.956262425
6030	3.967098704
6031	3.966169154
6032	3.965277778
6033	3.968316832
6034	3.969306931
6035	3.967261905
6036	3.965277778
6037	3.961347869
6038	3.962301587
6039	3.964250248
6040	3.96531219
6041	3.968253968
6042	3.96735905
6043	3.967261905
6044	3.960278054
6045	3.96222664
6046	3.958374628
6047	3.962376238
6048	3.964356436
6049	3.962413452
6050	3.959325397
6051	3.956349206
6052	3.95920398
6053	3.96531219
6054	3.961424332
6055	3.964179104
6056	3.9632572
6057	3.965277778
6058	3.979062812
6059	3.97020854
6060	3.968190855
6061	3.960238569
6062	3.96119403
6063	3.967164179
6064	3.966169154
6065	3.96031746
6066	3.958291956
6067	3.958291956
6068	3.96222664
6069	3.960199005
6070	3.964214712
6071	3.959405941
6072	3.968095713
6073	3.965034965
6074	3.967032967
6075	3.962151394
6076	3.966033966
6077	3.962113659
6078	3.958167331
6079	3.960278054
6080	3.957298908
6081	3.965139442
6082	3.961232604
6083	3.964179104
6084	3.964107677
6085	3.959325397
6086	3.955401388
6087	3.95920398
6088	3.950544016
6089	3.954274354
6090	3.960278054
6091	3.963220676
6092	3.97108674
6093	3.967196819
6094	3.962264151
6095	3.952475248
6096	3.958415842
6097	3.957425743
6098	3.9632572
6099	3.961309524
6100	3.959405941
6101	3.965243297
6102	3.968253968
6103	3.967261905
6104	3.966303271
6105	3.962301587
6106	3.961386139
6107	3.957509881
6108	3.96333003
6109	3.959486166
6110	3.96531219
6111	3.962413452
6112	3.958456973
6113	3.961386139
6114	3.956478734
6115	3.964356436
6116	3.967391304
6117	3.972277228
6118	3.96834817
6119	3.96933729
6120	3.973240833
6121	3.971315529
6122	3.973240833
6123	3.972249752
6124	3.96933729
6125	3.967391304
6126	3.970267592
6127	3.965208748
6128	3.96333003
6129	3.960356789
6130	3.954635108
6131	3.951581028
6132	3.958374628
6133	3.956435644
6134	3.954455446
6135	3.953648915
6136	3.94980315
6137	3.953694581
6138	3.959566075
6139	3.963474827
6140	3.959645669
6141	3.960591133
6142	3.961576355
6143	3.959645669
6144	3.963546798
6145	3.968441815
6146	3.967455621
6147	3.968441815
6148	3.964497041
6149	3.965449161
6150	3.966436328
6151	3.963474827
6152	3.958498024
6153	3.956607495
6154	3.959486166
6155	3.951724138
6156	3.950592885
6157	3.947834646
6158	3.947680158
6159	3.94100295
6160	3.94679803
6161	3.950738916
6162	3.942969518
6163	3.942800789
6164	3.944664032
6165	3.938976378
6166	3.938976378
6167	3.945436508
6168	3.947368421
6169	3.948412698
6170	3.950298211
6171	3.946215139
6172	3.949253731
6173	3.943452381
6174	3.950199203
6175	3.950248756
6176	3.948258706
6177	3.944444444
6178	3.940594059
6179	3.939782823
6180	3.944278607
6181	3.941410129
6182	3.951243781
6183	3.951243781
6184	3.946428571
6185	3.953280318
6186	3.951340616
6187	3.955357143
6188	3.954365079
6189	3.96222664
6190	3.969092722
6191	3.961232604
6192	3.963220676
6193	3.962338949
6194	3.9632572
6195	3.964285714
6196	3.958374628
6197	3.952522255
6198	3.948616601
6199	3.951437066
6200	3.948310139
6201	3.954137587
6202	3.953187251
6203	3.948207171
6204	3.946481665
6205	3.950298211
6206	3.956087824
6207	3.958
6208	3.96007984
6209	3.948412698
6210	3.960199005
6211	3.953373016
6212	3.958250497
6213	3.962037962
6214	3.960119641
6215	3.961038961
6216	3.95721393
6217	3.959163347
6218	3.956043956
6219	3.951195219
6220	3.961
6221	3.959081836
6222	3.95526839
6223	3.955223881
6224	3.960199005
6225	3.954365079
6226	3.959405941
6227	3.957509881
6228	3.964426877
6229	3.964356436
6230	3.968253968
6231	3.971201589
6232	3.965346535
6233	3.969246032
6234	3.966336634
6235	3.962524655
6236	3.963438735
6237	3.964391691
6238	3.961386139
6239	3.959325397
6240	3.954500495
6241	3.959405941
6242	3.959325397
6243	3.962189055
6244	3.951292247
6245	3.94836147
6246	3.954319762
6247	3.965139442
6248	3.97108674
6249	3.970149254
6250	3.9632572
6251	3.961271102
6252	3.955401388
6253	3.958250497
6254	3.965208748
6255	3.965208748
6256	3.961232604
6257	3.948616601
6258	3.95526839
6259	3.962151394
6260	3.966033966
6261	3.966067864
6262	3.96007984
6263	3.958167331
6264	3.959163347
6265	3.954228856
6266	3.95721393
6267	3.958083832
6268	3.953187251
6269	3.955179283
6270	3.95526839
6271	3.961271102
6272	3.964071856
6273	3.95920398
6274	3.962075848
6275	3.951292247
6276	3.951292247
6277	3.96007984
6278	3.960119641
6279	3.957171315
6280	3.955223881
6281	3.950149551
6282	3.948207171
6283	3.949101796
6284	3.946161515
6285	3.940357853
6286	3.941468254
6287	3.94047619
6288	3.950347567
6289	3.948463826
6290	3.956349206
6291	3.953373016
6292	3.957128614
6293	3.950347567
6294	3.944499504
6295	3.93867458
6296	3.942460317
6297	3.943452381
6298	3.94836147
6299	3.944554455
6300	3.949203187
6301	3.948310139
6302	3.959122632
6303	3.936821323
6304	3.945436508
6305	3.942517344
6306	3.948310139
6307	3.949152542
6308	3.941351889
6309	3.94011976
6310	3.942115768
6311	3.934
6312	3.936
6313	3.937188435
6314	3.925521351
6315	3.92445328
6316	3.931068931
6317	3.924378109
6318	3.931206381
6319	3.928358209
6320	3.932405567
6321	3.93006993
6322	3.943
6323	3.94123506
6324	3.93993994
6325	3.935323383
6326	3.935387674
6327	3.928783383
6328	3.925816024
6329	3.937188435
6330	3.942
6331	3.94333996
6332	3.939363817
6333	3.940179462
6334	3.944111776
6335	3.943113772
6336	3.9296333
6337	3.938185444
6338	3.937437934
6339	3.94041708
6340	3.94836147
6341	3.953233831
6342	3.952286282
6343	3.954045954
6344	3.955179283
6345	3.951388889
6346	3.957298908
6347	3.959163347
6348	3.955223881
6349	3.952191235
6350	3.947158524
6351	3.944333996
6352	3.948155533
6353	3.949253731
6354	3.94836147
6355	3.950445986
6356	3.954137587
6357	3.954228856
6358	3.954228856
6359	3.955179283
6360	3.955223881
6361	3.94836147
6362	3.950199203
6363	3.955955956
6364	3.952191235
6365	3.950248756
6366	3.944609298
6367	3.943564356
6368	3.950347567
6369	3.945490585
6370	3.944444444
6371	3.953140578
6372	3.947895792
6373	3.954137587
6374	3.953187251
6375	3.946215139
6376	3.943227092
6377	3.951048951
6378	3.950298211
6379	3.946428571
6380	3.950396825
6381	3.95531281
6382	3.946534653
6383	3.944389275
6384	3.949203187
6385	3.956043956
6386	3.949203187
6387	3.956262425
6388	3.951340616
6389	3.954274354
6390	3.94836147
6391	3.952428147
6392	3.947472745
6393	3.95526839
6394	3.95734127
6395	3.963220676
6396	3.965139442
6397	3.971144279
6398	3.965277778
6399	3.954545455
6400	3.965243297
6401	3.962264151
6402	3.96031746
6403	3.958374628
6404	3.95256917
6405	3.961347869
6406	3.957509881
6407	3.957425743
6408	3.957425743
6409	3.960356789
6410	3.97005988
6411	3.967164179
6412	3.956305859
6413	3.95920398
6414	3.965104686
6415	3.960199005
6416	3.97108674
6417	3.968222443
6418	3.968190855
6419	3.959285005
6420	3.965174129
6421	3.966101695
6422	3.969215492
6423	3.967164179
6424	3.964179104
6425	3.966236346
6426	3.969154229
6427	3.965243297
6428	3.957256461
6429	3.954319762
6430	3.964143426
6431	3.964285714
6432	3.961309524
6433	3.963293651
6434	3.964214712
6435	3.967229394
6436	3.960356789
6437	3.95049505
6438	3.954365079
6439	3.952522255
6440	3.95049505
6441	3.958374628
6442	3.955445545
6443	3.951388889
6444	3.955179283
6445	3.956175299
6446	3.949354518
6447	3.948412698
6448	3.947316103
6449	3.955357143
6450	3.954365079
6451	3.960238569
6452	3.95920398
6453	3.953280318
6454	3.951388889
6455	3.950199203
6456	3.949253731
6457	3.945273632
6458	3.94047619
6459	3.94510978
6460	3.942231076
6461	3.942345924
6462	3.946322068
6463	3.952143569
6464	3.949203187
6465	3.949152542
6466	3.95
6467	3.943
6468	3.943943944
6469	3.945945946
6470	3.937
6471	3.934262948
6472	3.932270916
6473	3.934131737
6474	3.937062937
6475	3.937313433
6476	3.938185444
6477	3.941
6478	3.946946947
6479	3.947
6480	3.943283582
6481	3.948155533
6482	3.949152542
6483	3.952191235
6484	3.952191235
6485	3.962037962
6486	3.959081836
6487	3.957171315
6488	3.948412698
6489	3.949354518
6490	3.952286282
6491	3.949253731
6492	3.953140578
6493	3.93867458
6494	3.946322068
6495	3.953233831
6496	3.9500998
6497	3.951292247
6498	3.952095808
6499	3.945436508
6500	3.945436508
6501	3.94836147
6502	3.951340616
6503	3.953233831
6504	3.946640316
6505	3.95531281
6506	3.953326713
6507	3.962075848
6508	3.95920398
6509	3.961271102
6510	3.962264151
6511	3.968159204
6512	3.974051896
6513	3.968159204
6514	3.969215492
6515	3.962264151
6516	3.96031746
6517	3.966135458
6518	3.969092722
6519	3.965277778
6520	3.948667325
6521	3.959365709
6522	3.956392468
6523	3.959244533
6524	3.957383548
6525	3.960474308
6526	3.963110668
6527	3.964143426
6528	3.967131474
6529	3.971115538
6530	3.970119522
6531	3.968222443
6532	3.964285714
6533	3.965243297
6534	3.956305859
6535	3.96119403
6536	3.965174129
6537	3.968159204
6538	3.972111554
6539	3.970119522
6540	3.964214712
6541	3.959325397
6542	3.951388889
6543	3.951388889
6544	3.938553023
6545	3.936758893
6546	3.939544103
6547	3.940594059
6548	3.947420635
6549	3.94076999
6550	3.939544103
6551	3.942574257
6552	3.948412698
6553	3.943508424
6554	3.938553023
6555	3.941526264
6556	3.944499504
6557	3.949354518
6558	3.949454906
6559	3.944664032
6560	3.948514851
6561	3.948258706
6562	3.945328032
6563	3.947420635
6564	3.949304175
6565	3.951243781
6566	3.946322068
6567	3.952095808
6568	3.952047952
6569	3.949253731
6570	3.95004995
6571	3.956131605
6572	3.958125623
6573	3.965965966
6574	3.964107677
6575	3.952428147
6576	3.950248756
6577	3.948310139
6578	3.948207171
6579	3.946375372
6580	3.950248756
6581	3.947368421
6582	3.949404762
6583	3.955357143
6584	3.948565776
6585	3.949604743
6586	3.953373016
6587	3.947576657
6588	3.952428147
6589	3.948463826
6590	3.948412698
6591	3.956131605
6592	3.953419227
6593	3.950544016
6594	3.942800789
6595	3.944773176
6596	3.947680158
6597	3.955533597
6598	3.957509881
6599	3.960513327
6600	3.952662722
6601	3.950884086
6602	3.946745562
6603	3.949753695
6604	3.945812808
6605	3.945759369
6606	3.943952802
6607	3.944827586
6608	3.950641658
6609	3.950544016
6610	3.948463826
6611	3.948412698
6612	3.951485149
6613	3.948667325
6614	3.95256917
6615	3.954635108
6616	3.951724138
6617	3.950690335
6618	3.958456973
6619	3.957467854
6620	3.951676529
6621	3.94980315
6622	3.952755906
6623	3.957551826
6624	3.961424332
6625	3.962376238
6626	3.955577493
6627	3.95256917
6628	3.954500495
6629	3.946692991
6630	3.951533136
6631	3.947628458
6632	3.949654492
6633	3.949654492
6634	3.945812808
6635	3.943786982
6636	3.938916256
6637	3.941814596
6638	3.937931034
6639	3.93867458
6640	3.941641939
6641	3.940711462
6642	3.945598417
6643	3.949454906
6644	3.951340616
6645	3.953326713
6646	3.950396825
6647	3.946587537
6648	3.954455446
6649	3.9632572
6650	3.956435644
6651	3.957467854
6652	3.955533597
6653	3.957425743
6654	3.948667325
6655	3.949454906
6656	3.950396825
6657	3.95531281
6658	3.957383548
6659	3.954545455
6660	3.951628825
6661	3.954410307
6662	3.947680158
6663	3.950592885
6664	3.949704142
6665	3.950592885
6666	3.950641658
6667	3.952522255
6668	3.959365709
6669	3.958374628
6670	3.963220676
6671	3.959365709
6672	3.963293651
6673	3.954500495
6674	3.956435644
6675	3.957383548
6676	3.95734127
6677	3.957383548
6678	3.952662722
6679	3.950592885
6680	3.949704142
6681	3.955445545
6682	3.951533136
6683	3.948667325
6684	3.945812808
6685	3.950544016
6686	3.954319762
6687	3.951340616
6688	3.943620178
6689	3.948514851
6690	3.953373016
6691	3.942574257
6692	3.942517344
6693	3.942574257
6694	3.944499504
6695	3.948463826
6696	3.952333664
6697	3.948514851
6698	3.945544554
6699	3.943564356
6700	3.943620178
6701	3.951292247
6702	3.956175299
6703	3.95721393
6704	3.960238569
6705	3.958333333
6706	3.948514851
6707	3.941641939
6708	3.943396226
6709	3.939663699
6710	3.942631058
6711	3.94836147
6712	3.948412698
6713	3.949304175
6714	3.959040959
6715	3.952095808
6716	3.952047952
6717	3.94047619
6718	3.953046953
6719	3.950248756
6720	3.945436508
6721	3.943731491
6722	3.944609298
6723	3.944499504
6724	3.947368421
6725	3.944444444
6726	3.941641939
6727	3.952428147
6728	3.955445545
6729	3.952475248
6730	3.952522255
6731	3.946534653
6732	3.950544016
6733	3.956349206
6734	3.956349206
6735	3.950544016
6736	3.946640316
6737	3.945705824
6738	3.952475248
6739	3.959405941
6740	3.957425743
6741	3.962301587
6742	3.957467854
6743	3.949604743
6744	3.956478734
6745	3.960435213
6746	3.959486166
6747	3.961462451
6748	3.967294351
6749	3.960356789
6750	3.957467854
6751	3.947576657
6752	3.947472745
6753	3.943564356
6754	3.944609298
6755	3.939782823
6756	3.941814596
6757	3.944827586
6758	3.946692991
6759	3.948667325
6760	3.949654492
6761	3.943842365
6762	3.947783251
6763	3.947731755
6764	3.949654492
6765	3.949604743
6766	3.954545455
6767	3.951628825
6768	3.953465347
6769	3.952522255
6770	3.949604743
6771	3.949554896
6772	3.955401388
6773	3.959365709
6774	3.954590326
6775	3.953511375
6776	3.951581028
6777	3.954455446
6778	3.952522255
6779	3.956392468
6780	3.950544016
6781	3.94950495
6782	3.947731755
6783	3.940944882
6784	3.942744324
6785	3.951485149
6786	3.95049505
6787	3.949554896
6788	3.943731491
6789	3.943731491
6790	3.943564356
6791	3.948412698
6792	3.945490585
6793	3.951243781
6794	3.950298211
6795	3.949304175
6796	3.96314741
6797	3.957298908
6798	3.95734127
6799	3.95734127
6800	3.958498024
6801	3.953557312
6802	3.952428147
6803	3.949554896
6804	3.946640316
6805	3.948667325
6806	3.950641658
6807	3.951485149
6808	3.945759369
6809	3.948667325
6810	3.946745562
6811	3.953557312
6812	3.946850394
6813	3.951581028
6814	3.957467854
6815	3.957509881
6816	3.962376238
6817	3.963402572
6818	3.955489614
6819	3.945759369
6820	3.942857143
6821	3.938976378
6822	3.936945813
6823	3.938053097
6824	3.936945813
6825	3.930898322
6826	3.926108374
6827	3.930898322
6828	3.930966469
6829	3.932739862
6830	3.930761622
6831	3.928994083
6832	3.92519685
6833	3.918145957
6834	3.921782178
6835	3.91905232
6836	3.915019763
6837	3.917903066
6838	3.921936759
6839	3.928429423
6840	3.928500497
6841	3.932338308
6842	3.933266932
6843	3.931479643
6844	3.931137725
6845	3.932067932
6846	3.941941942
6847	3.938185444
6848	3.942231076
6849	3.941117764
6850	3.937313433
6851	3.936191426
6852	3.932338308
6853	3.94011976
6854	3.935258964
6855	3.936127745
6856	3.935
6857	3.932067932
6858	3.933200399
6859	3.948897796
6860	3.938
6861	3.940881764
6862	3.932135729
6863	3.936127745
6864	3.945219124
6865	3.94005994
6866	3.936318408
6867	3.943
6868	3.943170489
6869	3.93638171
6870	3.943170489
6871	3.954
6872	3.942288557
6873	3.940357853
6874	3.94333996
6875	3.945219124
6876	3.938553023
6877	3.940535183
6878	3.93011811
6879	3.935770751
6880	3.940652819
6881	3.946640316
6882	3.938735178
6883	3.93867458
6884	3.947263682
6885	3.945382324
6886	3.945490585
6887	3.948514851
6888	3.948616601
6889	3.953419227
6890	3.956392468
6891	3.950641658
6892	3.953511375
6893	3.957425743
6894	3.957509881
6895	3.954679803
6896	3.954635108
6897	3.957509881
6898	3.949753695
6899	3.954455446
6900	3.96031746
6901	3.957298908
6902	3.952522255
6903	3.954500495
6904	3.955445545
6905	3.954545455
6906	3.955489614
6907	3.958333333
6908	3.95256917
6909	3.956392468
6910	3.956478734
6911	3.949604743
6912	3.952475248
6913	3.957425743
6914	3.954500495
6915	3.957509881
6916	3.963402572
6917	3.96432111
6918	3.962450593
6919	3.95952616
6920	3.96248766
6921	3.961424332
6922	3.957551826
6923	3.956607495
6924	3.955577493
6925	3.955533597
6926	3.953557312
6927	3.951533136
6928	3.945544554
6929	3.953373016
6930	3.949454906
6931	3.943620178
6932	3.949604743
6933	3.948565776
6934	3.949604743
6935	3.950445986
6936	3.946428571
6937	3.941641939
6938	3.939901478
6939	3.945705824
6940	3.947524752
6941	3.946534653
6942	3.944609298
6943	3.93867458
6944	3.941699605
6945	3.940711462
6946	3.942631058
6947	3.948616601
6948	3.944827586
6949	3.951628825
6950	3.942857143
6951	3.949454906
6952	3.946534653
6953	3.936821323
6954	3.933990148
6955	3.940652819
6956	3.926181102
6957	3.92519685
6958	3.930898322
6959	3.928994083
6960	3.931818182
6961	3.937561943
6962	3.939363817
6963	3.941526264
6964	3.941526264
6965	3.942403178
6966	3.93768546
6967	3.947420635
6968	3.948310139
6969	3.941526264
6970	3.942631058
6971	3.944554455
6972	3.944609298
6973	3.944718657
6974	3.942631058
6975	3.937623762
6976	3.941468254
6977	3.94041708
6978	3.935515873
6979	3.943227092
6980	3.940298507
6981	3.937561943
6982	3.94041708
6983	3.939303483
6984	3.942115768
6985	3.951
6986	3.940239044
6987	3.947052947
6988	3.936063936
6989	3.924378109
6990	3.937188435
6991	3.941058941
6992	3.94488978
6993	3.938061938
6994	3.935129741
6995	3.941
6996	3.931411531
6997	3.925595238
6998	3.923383085
6999	3.922465209
7000	3.928143713
7001	3.920477137
7002	3.929423459
7003	3.930486594
7004	3.940239044
7005	3.927507448
7006	3.93346574
7007	3.925742574
7008	3.931411531
7009	3.934197408
7010	3.945
7011	3.958835341
7012	3.939363817
7013	3.948051948
7014	3.958041958
7015	3.950248756
7016	3.938430983
7017	3.943227092
7018	3.931137725
7019	3.925298805
7020	3.916500994
7021	3.918326693
7022	3.914257228
7023	3.922077922
7024	3.919161677
7025	3.923459245
7026	3.927290837
7027	3.927363184
7028	3.921704658
7029	3.932338308
7030	3.935515873
7031	3.945219124
7032	3.945273632
7033	3.948412698
7034	3.951195219
7035	3.951243781
7036	3.962037962
7037	3.952238806
7038	3.947472745
7039	3.942517344
7040	3.946481665
7041	3.95049505
7042	3.951388889
7043	3.954410307
7044	3.948514851
7045	3.934782609
7046	3.942517344
7047	3.938613861
7048	3.945490585
7049	3.947576657
7050	3.951388889
7051	3.953465347
7052	3.954500495
7053	3.951581028
7054	3.957467854
7055	3.957467854
7056	3.96031746
7057	3.966236346
7058	3.962338949
7059	3.963293651
7060	3.955489614
7061	3.961386139
7062	3.956521739
7063	3.957425743
7064	3.943675889
7065	3.943508424
7066	3.942460317
7067	3.951292247
7068	3.956218905
7069	3.94836147
7070	3.949304175
7071	3.947263682
7072	3.941410129
7073	3.941526264
7074	3.941526264
7075	3.945436508
7076	3.946481665
7077	3.945490585
7078	3.94047619
7079	3.935387674
7080	3.936507937
7081	3.931750742
7082	3.949101796
7083	3.948258706
7084	3.936444886
7085	3.93638171
7086	3.946161515
7087	3.942345924
7088	3.948155533
7089	3.952143569
7090	3.94333996
7091	3.949304175
7092	3.944554455
7093	3.941526264
7094	3.934782609
7095	3.944609298
7096	3.945544554
7097	3.937992126
7098	3.937869822
7099	3.945652174
7100	3.944554455
7101	3.941641939
7102	3.942517344
7103	3.943508424
7104	3.943564356
7105	3.943620178
7106	3.947472745
7107	3.950396825
7108	3.945598417
7109	3.934975369
7110	3.934975369
7111	3.947628458
7112	3.948667325
7113	3.95049505
7114	3.942800789
7115	3.938795656
7116	3.9408867
7117	3.946534653
7118	3.945598417
7119	3.954365079
7120	3.950641658
7121	3.954500495
7122	3.962301587
7123	3.959325397
7124	3.951628825
7125	3.955445545
7126	3.953557312
7127	3.955445545
7128	3.954500495
7129	3.95256917
7130	3.956392468
7131	3.961232604
7132	3.96333003
7133	3.96531219
7134	3.962450593
7135	3.964426877
7136	3.964426877
7137	3.953740157
7138	3.948667325
7139	3.959285005
7140	3.955577493
7141	3.961386139
7142	3.963293651
7143	3.96333003
7144	3.966269841
7145	3.960435213
7146	3.960474308
7147	3.963366337
7148	3.96333003
7149	3.968253968
7150	3.970238095
7151	3.96333003
7152	3.961424332
7153	3.967294351
7154	3.960474308
7155	3.961500494
7156	3.964426877
7157	3.963438735
7158	3.96248766
7159	3.971230159
7160	3.96834817
7161	3.96834817
7162	3.97029703
7163	3.975149105
7164	3.967326733
7165	3.968285431
7166	3.962413452
7167	3.964426877
7168	3.966403162
7169	3.963402572
7170	3.960474308
7171	3.959446093
7172	3.962338949
7173	3.956435644
7174	3.95256917
7175	3.948565776
7176	3.946481665
7177	3.943620178
7178	3.953557312
7179	3.958333333
7180	3.949554896
7181	3.950298211
7182	3.946587537
7183	3.948667325
7184	3.953373016
7185	3.948667325
7186	3.954410307
7187	3.952475248
7188	3.953557312
7189	3.96031746
7190	3.953280318
7191	3.953326713
7192	3.951581028
7193	3.95256917
7194	3.958333333
7195	3.95049505
7196	3.959405941
7197	3.959446093
7198	3.959486166
7199	3.966336634
7200	3.958579882
7201	3.956650246
7202	3.953648915
7203	3.949753695
7204	3.956435644
7205	3.96039604
7206	3.961347869
7207	3.957425743
7208	3.954635108
7209	3.964426877
7210	3.958498024
7211	3.958498024
7212	3.96248766
7213	3.963510848
7214	3.963474827
7215	3.962524655
7216	3.956650246
7217	3.965449161
7218	3.964497041
7219	3.961538462
7220	3.962561576
7221	3.955665025
7222	3.953740157
7223	3.953785644
7224	3.953740157
7225	3.950738916
7226	3.958538993
7227	3.955665025
7228	3.960513327
7229	3.946850394
7230	3.945812808
7231	3.947628458
7232	3.949604743
7233	3.952662722
7234	3.952615992
7235	3.951533136
7236	3.955357143
7237	3.954410307
7238	3.958333333
7239	3.953465347
7240	3.948514851
7241	3.942631058
7242	3.943508424
7243	3.943396226
7244	3.93669634
7245	3.93780849
7246	3.943564356
7247	3.948514851
7248	3.949454906
7249	3.947472745
7250	3.953233831
7251	3.954183267
7252	3.953046953
7253	3.943283582
7254	3.937437934
7255	3.942345924
7256	3.942231076
7257	3.929353234
7258	3.914935707
7259	3.932270916
7260	3.942942943
7261	3.935258964
7262	3.941117764
7263	3.945219124
7264	3.95114656
7265	3.948258706
7266	3.947158524
7267	3.944278607
7268	3.948207171
7269	3.944389275
7270	3.941410129
7271	3.948155533
7272	3.942231076
7273	3.94510978
7274	3.944278607
7275	3.952143569
7276	3.96996997
7277	3.954137587
7278	3.945436508
7279	3.950396825
7280	3.951340616
7281	3.94333996
7282	3.951951952
7283	3.948051948
7284	3.958917836
7285	3.947052947
7286	3.952811245
7287	3.95887663
7288	3.95508982
7289	3.950248756
7290	3.952191235
7291	3.956087824
7292	3.957085828
7293	3.954137587
7294	3.955134596
7295	3.953140578
7296	3.952143569
7297	3.953280318
7298	3.953187251
7299	3.956305859
7300	3.958167331
7301	3.955445545
7302	3.95256917
7303	3.956392468
7304	3.959122632
7305	3.968063872
7306	3.962151394
7307	3.964143426
7308	3.956435644
7309	3.960238569
7310	3.956262425
7311	3.949253731
7312	3.948310139
7313	3.9375
7314	3.947105788
7315	3.946375372
7316	3.948155533
7317	3.944223108
7318	3.951048951
7319	3.944055944
7320	3.94510978
7321	3.934197408
7322	3.93781344
7323	3.94884654
7324	3.953722334
7325	3.942942943
7326	3.947738693
7327	3.947843531
7328	3.959758551
7329	3.95367573
7330	3.949799197
7331	3.950852558
7332	3.946
7333	3.94488978
7334	3.936191426
7335	3.949799197
7336	3.948743719
7337	3.952858576
7338	3.939303483
7339	3.939121756
7340	3.937250996
7341	3.938369781
7342	3.938123752
7343	3.946946947
7344	3.952763819
7345	3.951903808
7346	3.949
7347	3.942057942
7348	3.946787149
7349	3.952763819
7350	3.951
7351	3.95
7352	3.944
7353	3.944111776
7354	3.931547619
7355	3.932338308
7356	3.943
7357	3.94217348
7358	3.943887776
7359	3.942828485
7360	3.942231076
7361	3.943943944
7362	3.956870612
7363	3.956913828
7364	3.954819277
7365	3.961770624
7366	3.957915832
7367	3.95995996
7368	3.958083832
7369	3.954091816
7370	3.947211155
7371	3.95490982
7372	3.947105788
7373	3.945273632
7374	3.948103792
7375	3.94333996
7376	3.94047619
7377	3.933597621
7378	3.932673267
7379	3.938553023
7380	3.947211155
7381	3.945273632
7382	3.946215139
7383	3.939544103
7384	3.932872655
7385	3.927021696
7386	3.930761622
7387	3.933531746
7388	3.933531746
7389	3.937561943
7390	3.953187251
7391	3.951243781
7392	3.958125623
7393	3.951292247
7394	3.956262425
7395	3.951437066
7396	3.950445986
7397	3.94950495
7398	3.947472745
7399	3.952475248
7400	3.958333333
7401	3.960278054
7402	3.955489614
7403	3.955489614
7404	3.955577493
7405	3.96333003
7406	3.964285714
7407	3.96039604
7408	3.952475248
7409	3.949654492
7410	3.946534653
7411	3.946481665
7412	3.948412698
7413	3.943452381
7414	3.942403178
7415	3.953140578
7416	3.950248756
7417	3.946322068
7418	3.954183267
7419	3.956305859
7420	3.951340616
7421	3.953419227
7422	3.959365709
7423	3.959365709
7424	3.959446093
7425	3.972222222
7426	3.969367589
7427	3.968379447
7428	3.962413452
7429	3.962413452
7430	3.956478734
7431	3.953648915
7432	3.957383548
7433	3.963293651
7434	3.96333003
7435	3.960513327
7436	3.958579882
7437	3.961386139
7438	3.955621302
7439	3.95256917
7440	3.961347869
7441	3.968222443
7442	3.957425743
7443	3.965104686
7444	3.969154229
7445	3.960435213
7446	3.965243297
7447	3.957467854
7448	3.96333003
7449	3.960435213
7450	3.963402572
7451	3.967326733
7452	3.963402572
7453	3.965346535
7454	3.963402572
7455	3.963402572
7456	3.964250248
7457	3.96432111
7458	3.963366337
7459	3.967229394
7460	3.964214712
7461	3.957467854
7462	3.960356789
7463	3.965208748
7464	3.95734127
7465	3.970178926
7466	3.974180735
7467	3.969246032
7468	3.969276511
7469	3.964391691
7470	3.968285431
7471	3.968316832
7472	3.965346535
7473	3.966303271
7474	3.972194638
7475	3.972249752
7476	3.975173784
7477	3.971315529
7478	3.975173784
7479	3.975222993
7480	3.975247525
7481	3.975222993
7482	3.973240833
7483	3.973267327
7484	3.970267592
7485	3.966369931
7486	3.966236346
7487	3.961386139
7488	3.960356789
7489	3.961386139
7490	3.970149254
7491	3.96432111
7492	3.960278054
7493	3.96039604
7494	3.961386139
7495	3.954410307
7496	3.959365709
7497	3.965174129
7498	3.961347869
7499	3.964285714
7500	3.96039604
7501	3.962413452
7502	3.961386139
7503	3.963366337
7504	3.957551826
7505	3.959405941
7506	3.96031746
7507	3.956305859
7508	3.952475248
7509	3.948565776
7510	3.952522255
7511	3.943564356
7512	3.951533136
7513	3.942687747
7514	3.943564356
7515	3.947524752
7516	3.946587537
7517	3.947628458
7518	3.949604743
7519	3.944718657
7520	3.944718657
7521	3.944609298
7522	3.945598417
7523	3.948514851
7524	3.951485149
7525	3.95049505
7526	3.952475248
7527	3.951340616
7528	3.941468254
7529	3.934718101
7530	3.933399602
7531	3.93083004
7532	3.934782609
7533	3.935770751
7534	3.94076999
7535	3.934975369
7536	3.942574257
7537	3.943731491
7538	3.94076999
7539	3.94100295
7540	3.943786982
7541	3.946745562
7542	3.950641658
7543	3.942744324
7544	3.945705824
7545	3.938856016
7546	3.9408867
7547	3.95256917
7548	3.947834646
7549	3.946745562
7550	3.941929134
7551	3.942969518
7552	3.944827586
7553	3.942969518
7554	3.951628825
7555	3.94679803
7556	3.941871921
7557	3.951581028
7558	3.948768473
7559	3.954410307
7560	3.952615992
7561	3.958498024
7562	3.951771654
7563	3.957383548
7564	3.948667325
7565	3.954590326
7566	3.952615992
7567	3.938795656
7568	3.936633663
7569	3.942403178
7570	3.932739862
7571	3.930966469
7572	3.935770751
7573	3.929841897
7574	3.932938856
7575	3.940535183
7576	3.945436508
7577	3.946428571
7578	3.943508424
7579	3.944389275
7580	3.945436508
7581	3.947316103
7582	3.951292247
7583	3.954274354
7584	3.957298908
7585	3.96111665
7586	3.958250497
7587	3.950445986
7588	3.948258706
7589	3.949404762
7590	3.957042957
7591	3.957171315
7592	3.956262425
7593	3.959122632
7594	3.95920398
7595	3.957085828
7596	3.946534653
7597	3.947524752
7598	3.95256917
7599	3.954319762
7600	3.959244533
7601	3.96314741
7602	3.96039604
7603	3.96222664
7604	3.954410307
7605	3.950445986
7606	3.956349206
7607	3.960356789
7608	3.954545455
7609	3.961462451
7610	3.967294351
7611	3.976095618
7612	3.969246032
7613	3.96735905
7614	3.972277228
7615	3.971315529
7616	3.977227723
7617	3.973214286
7618	3.969215492
7619	3.97020854
7620	3.97415507
7621	3.972249752
7622	3.976190476
7623	3.979207921
7624	3.975198413
7625	3.972249752
7626	3.974231913
7627	3.972222222
7628	3.973187686
7629	3.977159881
7630	3.977159881
7631	3.971287129
7632	3.969397828
7633	3.971343874
7634	3.979187314
7635	3.976261128
7636	3.975320829
7637	3.979249012
7638	3.976284585
7639	3.974257426
7640	3.96834817
7641	3.971287129
7642	3.972277228
7643	3.96933729
7644	3.973267327
7645	3.972304649
7646	3.970238095
7647	3.969306931
7648	3.968316832
7649	3.970326409
7650	3.97029703
7651	3.967261905
7652	3.96834817
7653	3.975222993
7654	3.966336634
7655	3.973267327
7656	3.972304649
7657	3.973267327
7658	3.972277228
7659	3.967391304
7660	3.972222222
7661	3.974206349
7662	3.971258672
7663	3.971230159
7664	3.97029703
7665	3.968379447
7666	3.965449161
7667	3.968285431
7668	3.968316832
7669	3.960552268
7670	3.963402572
7671	3.966336634
7672	3.966336634
7673	3.965346535
7674	3.971258672
7675	3.967423495
7676	3.969428008
7677	3.967423495
7678	3.962598425
7679	3.960629921
7680	3.966436328
7681	3.962413452
7682	3.964426877
7683	3.96248766
7684	3.965380811
7685	3.971315529
7686	3.970326409
7687	3.971343874
7688	3.965483235
7689	3.957551826
7690	3.958333333
7691	3.950445986
7692	3.942574257
7693	3.949304175
7694	3.947472745
7695	3.951340616
7696	3.95114656
7697	3.958125623
7698	3.957128614
7699	3.955
7700	3.955
7701	3.944944945
7702	3.949849549
7703	3.949
7704	3.94994995
7705	3.950248756
7706	3.952047952
7707	3.936318408
7708	3.940940941
7709	3.94005994
7710	3.945891784
7711	3.949849549
7712	3.9437751
7713	3.95
7714	3.948
7715	3.951097804
7716	3.942115768
7717	3.938185444
7718	3.947158524
7719	3.939303483
7720	3.955044955
7721	3.953093812
7722	3.955044955
7723	3.947211155
7724	3.946161515
7725	3.953953954
7726	3.956
7727	3.954045954
7728	3.953187251
7729	3.957171315
7730	3.948412698
7731	3.958167331
7732	3.952286282
7733	3.95526839
7734	3.954274354
7735	3.95991984
7736	3.957042957
7737	3.958083832
7738	3.963891675
7739	3.954183267
7740	3.958041958
7741	3.953280318
7742	3.958041958
7743	3.956956957
7744	3.957042957
7745	3.951388889
7746	3.959365709
7747	3.964143426
7748	3.95920398
7749	3.962113659
7750	3.960159363
7751	3.966101695
7752	3.963110668
7753	3.95526839
7754	3.95734127
7755	3.958291956
7756	3.960199005
7757	3.958250497
7758	3.957425743
7759	3.9632572
7760	3.96222664
7761	3.962189055
7762	3.963293651
7763	3.969154229
7764	3.969246032
7765	3.967391304
7766	3.966369931
7767	3.96432111
7768	3.966269841
7769	3.963366337
7770	3.965346535
7771	3.964391691
7772	3.964391691
7773	3.966236346
7774	3.96222664
7775	3.959244533
7776	3.96119403
7777	3.960159363
7778	3.964143426
7779	3.964179104
7780	3.956305859
7781	3.96318408
7782	3.962338949
7783	3.955577493
7784	3.955577493
7785	3.960356789
7786	3.955445545
7787	3.967196819
7788	3.972166998
7789	3.96039604
7790	3.962264151
7791	3.96531219
7792	3.973187686
7793	3.967164179
7794	3.96039604
7795	3.960435213
7796	3.961424332
7797	3.961271102
7798	3.959285005
7799	3.96222664
7800	3.953419227
7801	3.952522255
7802	3.959285005
7803	3.95734127
7804	3.948667325
7805	3.952428147
7806	3.954455446
7807	3.963220676
7808	3.954455446
7809	3.956435644
7810	3.959446093
7811	3.958374628
7812	3.96039604
7813	3.96432111
7814	3.965277778
7815	3.959446093
7816	3.953603159
7817	3.951533136
7818	3.946745562
7819	3.94076999
7820	3.945490585
7821	3.947628458
7822	3.952475248
7823	3.964285714
7824	3.962376238
7825	3.963438735
7826	3.968253968
7827	3.966336634
7828	3.96531219
7829	3.961347869
7830	3.957425743
7831	3.959446093
7832	3.957593688
7833	3.969215492
7834	3.961386139
7835	3.959365709
7836	3.958415842
7837	3.96432111
7838	3.96039604
7839	3.948667325
7840	3.953557312
7841	3.957425743
7842	3.955533597
7843	3.956392468
7844	3.957509881
7845	3.961424332
7846	3.961386139
7847	3.965346535
7848	3.966336634
7849	3.96248766
7850	3.965449161
7851	3.971372162
7852	3.966436328
7853	3.964426877
7854	3.964426877
7855	3.961576355
7856	3.963474827
7857	3.959605911
7858	3.962524655
7859	3.960552268
7860	3.95952616
7861	3.958579882
7862	3.957593688
7863	3.95862069
7864	3.959566075
7865	3.963474827
7866	3.96531219
7867	3.966336634
7868	3.956607495
7869	3.955665025
7870	3.954545455
7871	3.945866142
7872	3.95256917
7873	3.942913386
7874	3.940019666
7875	3.944827586
7876	3.949604743
7877	3.947731755
7878	3.948565776
7879	3.951581028
7880	3.952428147
7881	3.950445986
7882	3.954137587
7883	3.959040959
7884	3.96007984
7885	3.960119641
7886	3.951340616
7887	3.951388889
7888	3.951437066
7889	3.957383548
7890	3.957425743
7891	3.951581028
7892	3.960435213
7893	3.964426877
7894	3.961500494
7895	3.967423495
7896	3.965380811
7897	3.958579882
7898	3.967326733
7899	3.956521739
7900	3.959405941
7901	3.95734127
7902	3.958374628
7903	3.956564659
7904	3.958456973
7905	3.959486166
7906	3.959446093
7907	3.965380811
7908	3.959486166
7909	3.958415842
7910	3.966269841
7911	3.958374628
7912	3.953603159
7913	3.954679803
7914	3.956607495
7915	3.967294351
7916	3.963366337
7917	3.955752212
7918	3.960513327
7919	3.96834817
7920	3.968410661
7921	3.963510848
7922	3.960513327
7923	3.961538462
7924	3.964426877
7925	3.960591133
7926	3.958661417
7927	3.956692913
7928	3.958661417
7929	3.962524655
7930	3.963510848
7931	3.964497041
7932	3.962524655
7933	3.96453202
7934	3.963546798
7935	3.95952616
7936	3.95862069
7937	3.953831041
7938	3.956478734
7939	3.959405941
7940	3.952662722
7941	3.951724138
7942	3.945812808
7943	3.943842365
7944	3.947731755
7945	3.955533597
7946	3.957467854
7947	3.949753695
7948	3.949654492
7949	3.957551826
7950	3.960435213
7951	3.96248766
7952	3.956650246
7953	3.957425743
7954	3.960513327
7955	3.966303271
7956	3.966336634
7957	3.963438735
7958	3.960591133
7959	3.956650246
7960	3.958498024
7961	3.955708661
7962	3.955708661
7963	3.958579882
7964	3.952662722
7965	3.958579882
7966	3.957551826
7967	3.958579882
7968	3.960552268
7969	3.961614173
7970	3.962635202
7971	3.966469428
7972	3.966469428
7973	3.962598425
7974	3.955708661
7975	3.956478734
7976	3.953603159
7977	3.954590326
7978	3.953603159
7979	3.961347869
7980	3.957509881
7981	3.953694581
7982	3.955665025
7983	3.956607495
7984	3.960513327
7985	3.963546798
7986	3.964461994
7987	3.96248766
7988	3.961538462
7989	3.967423495
7990	3.967391304
7991	3.96541502
7992	3.966403162
7993	3.971343874
7994	3.970384995
7995	3.976284585
7996	3.974333662
7997	3.979249012
7998	3.982178218
7999	3.979269497
8000	3.984158416
8001	3.983184965
8002	3.982213439
8003	3.980256663
8004	3.982213439
8005	3.984158416
8006	3.981225296
8007	3.981225296
8008	3.983184965
8009	3.984158416
8010	3.981206726
8011	3.986083499
8012	3.983118173
8013	3.978217822
8014	3.976214073
8015	3.969276511
8016	3.960435213
8017	3.964285714
8018	3.957509881
8019	3.955621302
8020	3.955533597
8021	3.957425743
8022	3.954545455
8023	3.961347869
8024	3.957425743
8025	3.957551826
8026	3.961462451
8027	3.962450593
8028	3.959486166
8029	3.95952616
8030	3.961462451
8031	3.965380811
8032	3.95862069
8033	3.960552268
8034	3.961500494
8035	3.957551826
8036	3.954679803
8037	3.960513327
8038	3.95952616
8039	3.956650246
8040	3.957677165
8041	3.960552268
8042	3.962598425
8043	3.966502463
8044	3.963510848
8045	3.963546798
8046	3.965483235
8047	3.960591133
8048	3.959724951
8049	3.963618486
8050	3.960784314
8051	3.964566929
8052	3.958742633
8053	3.959645669
8054	3.957677165
8055	3.95280236
8056	3.956650246
8057	3.954679803
8058	3.953740157
8059	3.957593688
8060	3.950738916
8061	3.949654492
8062	3.942744324
8063	3.938976378
8064	3.94488189
8065	3.948717949
8066	3.954590326
8067	3.95270936
8068	3.946902655
8069	3.951771654
8070	3.949852507
8071	3.947885939
8072	3.947783251
8073	3.952615992
8074	3.951628825
8075	3.942913386
8076	3.943842365
8077	3.937069813
8078	3.941757157
8079	3.946692991
8080	3.950641658
8081	3.947834646
8082	3.955533597
8083	3.947834646
8084	3.94891945
8085	3.946902655
8086	3.948869223
8087	3.949901768
8088	3.947988224
8089	3.95
8090	3.951913641
8091	3.949901768
8092	3.951819076
8093	3.957677165
8094	3.958661417
8095	3.960668633
8096	3.959685349
8097	3.957801766
8098	3.956777996
8099	3.95481336
8100	3.954768928
8101	3.959645669
8102	3.961576355
8103	3.951819076
8104	3.955665025
8105	3.951676529
8106	3.954679803
8107	3.956650246
8108	3.950884086
8109	3.95256917
8110	3.958579882
8111	3.956521739
8112	3.956650246
8113	3.959605911
8114	3.961538462
8115	3.961538462
8116	3.966436328
8117	3.961500494
8118	3.961424332
8119	3.95952616
8120	3.956564659
8121	3.951724138
8122	3.956478734
8123	3.953603159
8124	3.959486166
8125	3.952662722
8126	3.952615992
8127	3.951676529
8128	3.956607495
8129	3.954635108
8130	3.950592885
8131	3.957509881
8132	3.953557312
8133	3.957383548
8134	3.960238569
8135	3.962264151
8136	3.963293651
8137	3.95734127
8138	3.959365709
8139	3.960356789
8140	3.954455446
8141	3.959325397
8142	3.961232604
8143	3.954365079
8144	3.956349206
8145	3.961232604
8146	3.95256917
8147	3.961347869
8148	3.95952616
8149	3.961424332
8150	3.959365709
8151	3.951676529
8152	3.95256917
8153	3.952475248
8154	3.949604743
8155	3.949604743
8156	3.951485149
8157	3.953603159
8158	3.959446093
8159	3.96031746
8160	3.950544016
8161	3.951581028
8162	3.952475248
8163	3.948463826
8164	3.94950495
8165	3.940828402
8166	3.943675889
8167	3.946587537
8168	3.958374628
8169	3.961232604
8170	3.954500495
8171	3.959446093
8172	3.957593688
8173	3.957509881
8174	3.955401388
8175	3.954365079
8176	3.962301587
8177	3.94950495
8178	3.952522255
8179	3.957383548
8180	3.955401388
8181	3.949454906
8182	3.94836147
8183	3.946322068
8184	3.952238806
8185	3.953419227
8186	3.958167331
8187	3.96314741
8188	3.963220676
8189	3.964179104
8190	3.959285005
8191	3.951485149
8192	3.958250497
8193	3.959446093
8194	3.961309524
8195	3.963293651
8196	3.958374628
8197	3.962301587
8198	3.962338949
8199	3.963220676
8200	3.960238569
8201	3.955401388
8202	3.948667325
8203	3.96222664
8204	3.959446093
8205	3.96039604
8206	3.964143426
8207	3.966202783
8208	3.970238095
8209	3.966303271
8210	3.968285431
8211	3.963366337
8212	3.965277778
8213	3.971172962
8214	3.964285714
8215	3.965208748
8216	3.967131474
8217	3.95721393
8218	3.956262425
8219	3.957298908
8220	3.958208955
8221	3.953233831
8222	3.954274354
8223	3.945436508
8224	3.951243781
8225	3.95531281
8226	3.951533136
8227	3.958208955
8228	3.958250497
8229	3.959285005
8230	3.962151394
8231	3.96119403
8232	3.964143426
8233	3.957383548
8234	3.960356789
8235	3.963293651
8236	3.959365709
8237	3.956305859
8238	3.959285005
8239	3.959325397
8240	3.959285005
8241	3.96119403
8242	3.964285714
8243	3.957425743
8244	3.958333333
8245	3.956392468
8246	3.957298908
8247	3.963220676
8248	3.967164179
8249	3.969123506
8250	3.966135458
8251	3.959325397
8252	3.965174129
8253	3.966202783
8254	3.963220676
8255	3.959325397
8256	3.96119403
8257	3.948514851
8258	3.943396226
8259	3.938613861
8260	3.938735178
8261	3.943396226
8262	3.943564356
8263	3.946322068
8264	3.942631058
8265	3.949554896
8266	3.952522255
8267	3.953603159
8268	3.952662722
8269	3.954455446
8270	3.948616601
8271	3.955223881
8272	3.957298908
8273	3.954455446
8274	3.951628825
8275	3.939842209
8276	3.946534653
8277	3.951292247
8278	3.942631058
8279	3.941757157
8280	3.942744324
8281	3.949404762
8282	3.947628458
8283	3.946692991
8284	3.948565776
8285	3.948565776
8286	3.956349206
8287	3.954500495
8288	3.962301587
8289	3.963402572
8290	3.95862069
8291	3.961386139
8292	3.956478734
8293	3.959365709
8294	3.957256461
8295	3.952380952
8296	3.945544554
8297	3.946587537
8298	3.944718657
8299	3.954410307
8300	3.956349206
8301	3.952522255
8302	3.952475248
8303	3.95734127
8304	3.953511375
8305	3.954545455
8306	3.960278054
8307	3.951628825
8308	3.955445545
8309	3.955445545
8310	3.955489614
8311	3.965277778
8312	3.957509881
8313	3.966303271
8314	3.961462451
8315	3.962376238
8316	3.950544016
8317	3.957171315
8318	3.957298908
8319	3.957298908
8320	3.952380952
8321	3.949354518
8322	3.949404762
8323	3.951437066
8324	3.950445986
8325	3.947628458
8326	3.953511375
8327	3.948667325
8328	3.949554896
8329	3.949654492
8330	3.95256917
8331	3.949554896
8332	3.946692991
8333	3.942631058
8334	3.946428571
8335	3.938856016
8336	3.942744324
8337	3.937992126
8338	3.938856016
8339	3.945544554
8340	3.949454906
8341	3.958167331
8342	3.943620178
8343	3.937747036
8344	3.93960396
8345	3.953233831
8346	3.955357143
8347	3.951485149
8348	3.96222664
8349	3.959285005
8350	3.949604743
8351	3.945490585
8352	3.942631058
8353	3.941584158
8354	3.943731491
8355	3.935166994
8356	3.935834156
8357	3.938430983
8358	3.929772502
8359	3.943283582
8360	3.942574257
8361	3.940535183
8362	3.946375372
8363	3.939842209
8364	3.943731491
8365	3.946640316
8366	3.945812808
8367	3.942800789
8368	3.942631058
8369	3.947576657
8370	3.942517344
8371	3.941526264
8372	3.941699605
8373	3.944499504
8374	3.943620178
8375	3.951437066
8376	3.953373016
8377	3.956262425
8378	3.957256461
8379	3.957383548
8380	3.952380952
8381	3.954455446
8382	3.961232604
8383	3.957425743
8384	3.964391691
8385	3.96531219
8386	3.961347869
8387	3.966369931
8388	3.967391304
8389	3.965380811
8390	3.960552268
8391	3.954679803
8392	3.956564659
8393	3.95270936
8394	3.96432111
8395	3.964426877
8396	3.96735905
8397	3.965380811
8398	3.965449161
8399	3.966403162
8400	3.965449161
8401	3.954635108
8402	3.957467854
8403	3.959244533
8404	3.957298908
8405	3.950347567
8406	3.954228856
8407	3.949354518
8408	3.952333664
8409	3.949554896
8410	3.945490585
8411	3.939663699
8412	3.950396825
8413	3.955223881
8414	3.956175299
8415	3.952191235
8416	3.947368421
8417	3.944554455
8418	3.939484127
8419	3.942460317
8420	3.944278607
8421	3.943396226
8422	3.939544103
8423	3.937375746
8424	3.940357853
8425	3.932606541
8426	3.925595238
8427	3.939303483
8428	3.942403178
8429	3.943283582
8430	3.94333996
8431	3.942403178
8432	3.935579782
8433	3.939544103
8434	3.942517344
8435	3.939842209
8436	3.942687747
8437	3.944499504
8438	3.938735178
8439	3.941641939
8440	3.944444444
8441	3.952286282
8442	3.949304175
8443	3.950347567
8444	3.942744324
8445	3.944773176
8446	3.949654492
8447	3.954545455
8448	3.94488189
8449	3.947628458
8450	3.953419227
8451	3.950445986
8452	3.953419227
8453	3.944773176
8454	3.948565776
8455	3.945652174
8456	3.951388889
8457	3.948412698
8458	3.949454906
8459	3.947576657
8460	3.950641658
8461	3.947628458
8462	3.947576657
8463	3.93960396
8464	3.939663699
8465	3.93780849
8466	3.933859822
8467	3.935897436
8468	3.936945813
8469	3.933990148
8470	3.938795656
8471	3.945544554
8472	3.952475248
8473	3.954500495
8474	3.958415842
8475	3.954545455
8476	3.946692991
8477	3.947628458
8478	3.950248756
8479	3.944499504
8480	3.943564356
8481	3.952333664
8482	3.953326713
8483	3.947524752
8484	3.947420635
8485	3.950445986
8486	3.943508424
8487	3.942631058
8488	3.943620178
8489	3.946640316
8490	3.945759369
8491	3.94488189
8492	3.942744324
8493	3.945652174
8494	3.952475248
8495	3.947731755
8496	3.947783251
8497	3.946902655
8498	3.950738916
8499	3.94980315
8500	3.946902655
8501	3.947680158
8502	3.947680158
8503	3.943897638
8504	3.948717949
8505	3.949704142
8506	3.944827586
8507	3.94488189
8508	3.943897638
8509	3.947576657
8510	3.951533136
8511	3.945812808
8512	3.946587537
8513	3.942631058
8514	3.943675889
8515	3.947524752
8516	3.952191235
8517	3.943564356
8518	3.945436508
8519	3.942631058
8520	3.945652174
8521	3.943564356
8522	3.939842209
8523	3.93996063
8524	3.936149312
8525	3.938053097
8526	3.937007874
8527	3.937069813
8528	3.94100295
8529	3.940944882
8530	3.9408867
8531	3.947731755
8532	3.948667325
8533	3.955489614
8534	3.950690335
8535	3.93996063
8536	3.936883629
8537	3.936883629
8538	3.944718657
8539	3.943842365
8540	3.940078585
8541	3.943897638
8542	3.946745562
8543	3.947834646
8544	3.953648915
8545	3.954635108
8546	3.953694581
8547	3.960552268
8548	3.95862069
8549	3.957677165
8550	3.954679803
8551	3.956564659
8552	3.954590326
8553	3.954635108
8554	3.953694581
8555	3.94891945
8556	3.951866405
8557	3.954857704
8558	3.956777996
8559	3.95
8560	3.956692913
8561	3.956692913
8562	3.958579882
8563	3.956777996
8564	3.954857704
8565	3.959724951
8566	3.959724951
8567	3.962598425
8568	3.961651917
8569	3.952894995
8570	3.951913641
8571	3.957718781
8572	3.960629921
8573	3.955839058
8574	3.959685349
8575	3.963618486
8576	3.963654224
8577	3.965585054
8578	3.963618486
8579	3.958783121
8580	3.953921569
8581	3.951913641
8582	3.947988224
8583	3.948969578
8584	3.951913641
8585	3.953831041
8586	3.956735497
8587	3.948969578
8588	3.950884086
8589	3.949852507
8590	3.94679803
8591	3.950787402
8592	3.954768928
8593	3.960591133
8594	3.956692913
8595	3.95862069
8596	3.956692913
8597	3.957593688
8598	3.957635468
8599	3.962561576
8600	3.962598425
8601	3.963510848
8602	3.963582677
8603	3.965551181
8604	3.963618486
8605	3.968503937
8606	3.971456693
8607	3.968503937
8608	3.967551622
8609	3.962635202
8610	3.958661417
8611	3.958579882
8612	3.958456973
8613	3.957509881
8614	3.959566075
8615	3.953694581
8616	3.961538462
8617	3.961614173
8618	3.95862069
8619	3.955621302
8620	3.953694581
8621	3.959486166
8622	3.95952616
8623	3.96248766
8624	3.966369931
8625	3.961500494
8626	3.963366337
8627	3.961232604
8628	3.96531219
8629	3.964356436
8630	3.96248766
8631	3.96735905
8632	3.971287129
8633	3.97029703
8634	3.960474308
8635	3.959325397
8636	3.952522255
8637	3.954500495
8638	3.950690335
8639	3.958374628
8640	3.962376238
8641	3.955665025
8642	3.958456973
8643	3.953557312
8644	3.953557312
8645	3.958415842
8646	3.956607495
8647	3.951676529
8648	3.958415842
8649	3.954590326
8650	3.956478734
8651	3.954590326
8652	3.952522255
8653	3.956435644
8654	3.952428147
8655	3.956435644
8656	3.947628458
8657	3.951388889
8658	3.954274354
8659	3.956218905
8660	3.951243781
8661	3.952191235
8662	3.949354518
8663	3.946268657
8664	3.947316103
8665	3.949152542
8666	3.949304175
8667	3.943564356
8668	3.952143569
8669	3.953233831
8670	3.961155378
8671	3.960278054
8672	3.959365709
8673	3.952428147
8674	3.951388889
8675	3.947576657
8676	3.95049505
8677	3.953557312
8678	3.950544016
8679	3.949554896
8680	3.954455446
8681	3.95256917
8682	3.952428147
8683	3.953326713
8684	3.952475248
8685	3.956435644
8686	3.955533597
8687	3.948717949
8688	3.946745562
8689	3.954319762
8690	3.952333664
8691	3.947524752
8692	3.952333664
8693	3.956305859
8694	3.956218905
8695	3.947420635
8696	3.950445986
8697	3.950544016
8698	3.950445986
8699	3.946587537
8700	3.943620178
8701	3.945544554
8702	3.939782823
8703	3.945436508
8704	3.937747036
8705	3.939303483
8706	3.937437934
8707	3.944333996
8708	3.94333996
8709	3.936633663
8710	3.942403178
8711	3.941410129
8712	3.946375372
8713	3.947368421
8714	3.948310139
8715	3.9500998
8716	3.953
8717	3.948310139
8718	3.950298211
8719	3.949253731
8720	3.943564356
8721	3.944444444
8722	3.933004926
8723	3.936883629
8724	3.939782823
8725	3.947368421
8726	3.940535183
8727	3.932806324
8728	3.932739862
8729	3.934588702
8730	3.947316103
8731	3.949253731
8732	3.952286282
8733	3.951388889
8734	3.949454906
8735	3.95526839
8736	3.953465347
8737	3.95526839
8738	3.951437066
8739	3.947472745
8740	3.947524752
8741	3.942574257
8742	3.948310139
8743	3.946268657
8744	3.944223108
8745	3.945219124
8746	3.94333996
8747	3.936507937
8748	3.944389275
8749	3.942403178
8750	3.946375372
8751	3.939243028
8752	3.939182453
8753	3.942057942
8754	3.947
8755	3.937250996
8756	3.944111776
8757	3.931479643
8758	3.933531746
8759	3.938308458
8760	3.943227092
8761	3.943396226
8762	3.945219124
8763	3.943227092
8764	3.940357853
8765	3.936570862
8766	3.94333996
8767	3.946215139
8768	3.952191235
8769	3.951292247
8770	3.949454906
8771	3.957171315
8772	3.956087824
8773	3.951388889
8774	3.94836147
8775	3.953280318
8776	3.950396825
8777	3.945652174
8778	3.946692991
8779	3.945598417
8780	3.953419227
8781	3.964250248
8782	3.96432111
8783	3.958374628
8784	3.958333333
8785	3.957383548
8786	3.952475248
8787	3.954410307
8788	3.950592885
8789	3.94950495
8790	3.951485149
8791	3.955489614
8792	3.958374628
8793	3.962376238
8794	3.959446093
8795	3.958498024
8796	3.957383548
8797	3.967229394
8798	3.962376238
8799	3.962376238
8800	3.954590326
8801	3.956564659
8802	3.959486166
8803	3.95952616
8804	3.962450593
8805	3.958456973
8806	3.958538993
8807	3.956521739
8808	3.954500495
8809	3.957509881
8810	3.95270936
8811	3.954590326
8812	3.948717949
8813	3.94679803
8814	3.949604743
8815	3.950445986
8816	3.951485149
8817	3.949554896
8818	3.951533136
8819	3.947680158
8820	3.949604743
8821	3.946745562
8822	3.954410307
8823	3.949704142
8824	3.940944882
8825	3.944499504
8826	3.954365079
8827	3.948565776
8828	3.946640316
8829	3.942744324
8830	3.948463826
8831	3.950298211
8832	3.948463826
8833	3.950347567
8834	3.948412698
8835	3.953326713
8836	3.960238569
8837	3.959285005
8838	3.958415842
8839	3.954455446
8840	3.952522255
8841	3.954590326
8842	3.953557312
8843	3.955533597
8844	3.961424332
8845	3.960435213
8846	3.956564659
8847	3.954590326
8848	3.959446093
8849	3.963366337
8850	3.972194638
8851	3.969276511
8852	3.963438735
8853	3.968316832
8854	3.964426877
8855	3.960435213
8856	3.959405941
8857	3.961271102
8858	3.963293651
8859	3.964285714
8860	3.970149254
8861	3.971115538
8862	3.961309524
8863	3.961347869
8864	3.958333333
8865	3.953419227
8866	3.956175299
8867	3.951340616
8868	3.952428147
8869	3.953326713
8870	3.953280318
8871	3.953233831
8872	3.96119403
8873	3.958250497
8874	3.949554896
8875	3.946534653
8876	3.956043956
8877	3.958041958
8878	3.959081836
8879	3.9632572
8880	3.964179104
8881	3.966067864
8882	3.971028971
8883	3.968190855
8884	3.966336634
8885	3.965346535
8886	3.968222443
8887	3.968253968
8888	3.969184891
8889	3.966236346
8890	3.969123506
8891	3.964250248
8892	3.963293651
8893	3.958333333
8894	3.954365079
8895	3.956262425
8896	3.953280318
8897	3.957128614
8898	3.955445545
8899	3.951292247
8900	3.959163347
8901	3.948565776
8902	3.953326713
8903	3.948412698
8904	3.958208955
8905	3.96119403
8906	3.958333333
8907	3.958250497
8908	3.964143426
8909	3.96318408
8910	3.957298908
8911	3.955401388
8912	3.958374628
8913	3.952615992
8914	3.945812808
8915	3.942631058
8916	3.937869822
8917	3.940711462
8918	3.942744324
8919	3.93972332
8920	3.939842209
8921	3.947524752
8922	3.95049505
8923	3.956349206
8924	3.957425743
8925	3.956607495
8926	3.95952616
8927	3.955621302
8928	3.951866405
8929	3.948869223
8930	3.951819076
8931	3.95270936
8932	3.951628825
8933	3.958538993
8934	3.958456973
8935	3.955445545
8936	3.954545455
8937	3.948717949
8938	3.952662722
8939	3.956564659
8940	3.959486166
8941	3.964391691
8942	3.961462451
8943	3.972222222
8944	3.969306931
8945	3.967326733
8946	3.96541502
8947	3.965346535
8948	3.952522255
8949	3.946692991
8950	3.945598417
8951	3.953419227
8952	3.950641658
8953	3.95256917
8954	3.945759369
8955	3.946587537
8956	3.945544554
8957	3.946587537
8958	3.951581028
8959	3.948717949
8960	3.955401388
8961	3.955489614
8962	3.955401388
8963	3.953373016
8964	3.952428147
8965	3.951485149
8966	3.948565776
8967	3.957298908
8968	3.95049505
8969	3.949554896
8970	3.94950495
8971	3.947628458
8972	3.952380952
8973	3.951388889
8974	3.950445986
8975	3.941757157
8976	3.945328032
8977	3.951388889
8978	3.950445986
8979	3.947576657
8980	3.946428571
8981	3.947576657
8982	3.954365079
8983	3.954228856
8984	3.953373016
8985	3.946640316
8986	3.956349206
8987	3.950544016
8988	3.956305859
8989	3.956349206
8990	3.960356789
8991	3.961309524
8992	3.959285005
8993	3.95531281
8994	3.956175299
8995	3.957256461
8996	3.955357143
8997	3.948514851
8998	3.952380952
8999	3.957298908
9000	3.953326713
9001	3.940711462
9002	3.951340616
9003	3.955357143
9004	3.947472745
9005	3.942687747
9006	3.940652819
9007	3.942744324
9008	3.936883629
9009	3.943620178
9010	3.936945813
9011	3.943620178
9012	3.943897638
9013	3.941757157
9014	3.942687747
9015	3.949554896
9016	3.95049505
9017	3.945652174
9018	3.95049505
9019	3.952428147
9020	3.957425743
9021	3.957425743
9022	3.959446093
9023	3.960435213
9024	3.962413452
9025	3.958579882
9026	3.958579882
9027	3.959486166
9028	3.961386139
9029	3.96248766
9030	3.967391304
9031	3.95952616
9032	3.962450593
9033	3.967294351
9034	3.959446093
9035	3.962376238
9036	3.966336634
9037	3.959486166
9038	3.95862069
9039	3.963438735
9040	3.965449161
9041	3.962413452
9042	3.966336634
9043	3.963402572
9044	3.96933729
9045	3.972332016
9046	3.973267327
9047	3.974257426
9048	3.971315529
9049	3.970326409
9050	3.973293769
9051	3.974257426
9052	3.971372162
9053	3.967455621
9054	3.966469428
9055	3.966469428
9056	3.962598425
9057	3.959645669
9058	3.95952616
9059	3.959566075
9060	3.955665025
9061	3.957509881
9062	3.963293651
9063	3.962413452
9064	3.967229394
9065	3.966269841
9066	3.962413452
9067	3.962376238
9068	3.970238095
9069	3.96735905
9070	3.963546798
9071	3.964461994
9072	3.962450593
9073	3.95862069
9074	3.967326733
9075	3.966403162
9076	3.965277778
9077	3.960435213
9078	3.956521739
9079	3.954455446
9080	3.950592885
9081	3.95256917
9082	3.951628825
9083	3.95256917
9084	3.951581028
9085	3.953557312
9086	3.953511375
9087	3.947731755
9088	3.944827586
9089	3.945652174
9090	3.956435644
9091	3.951533136
9092	3.944773176
9093	3.950738916
9094	3.943786982
9095	3.939901478
9096	3.931170108
9097	3.925270403
9098	3.932806324
9099	3.934911243
9100	3.938735178
9101	3.937747036
9102	3.930624381
9103	3.938492063
9104	3.938795656
9105	3.942574257
9106	3.943675889
9107	3.948310139
9108	3.948616601
9109	3.948565776
9110	3.947472745
9111	3.947680158
9112	3.952428147
9113	3.953465347
9114	3.946534653
9115	3.941293532
9116	3.945219124
9117	3.944333996
9118	3.941584158
9119	3.936821323
9120	3.944499504
9121	3.947472745
9122	3.948310139
9123	3.94047619
9124	3.940357853
9125	3.93669634
9126	3.944389275
9127	3.947524752
9128	3.946640316
9129	3.952428147
9130	3.947680158
9131	3.945705824
9132	3.945598417
9133	3.938856016
9134	3.937931034
9135	3.935166994
9136	3.938113949
9137	3.946692991
9138	3.945866142
9139	3.947680158
9140	3.955445545
9141	3.950641658
9142	3.959244533
9143	3.950641658
9144	3.941929134
9145	3.951340616
9146	3.949354518
9147	3.948514851
9148	3.947576657
9149	3.943508424
9150	3.94076999
9151	3.93669634
9152	3.937561943
9153	3.938492063
9154	3.939424032
9155	3.934782609
9156	3.930693069
9157	3.927794263
9158	3.932472691
9159	3.94047619
9160	3.944167498
9161	3.934846989
9162	3.94047619
9163	3.941641939
9164	3.944499504
9165	3.944554455
9166	3.946428571
9167	3.93960396
9168	3.939303483
9169	3.935643564
9170	3.94333996
9171	3.950248756
9172	3.947368421
9173	3.945436508
9174	3.950298211
9175	3.950199203
9176	3.950149551
9177	3.943564356
9178	3.947420635
9179	3.94041708
9180	3.935515873
9181	3.936318408
9182	3.941176471
9183	3.946322068
9184	3.942345924
9185	3.93669634
9186	3.941468254
9187	3.939663699
9188	3.92970297
9189	3.932606541
9190	3.937375746
9191	3.940535183
9192	3.927722772
9193	3.936507937
9194	3.942345924
9195	3.938613861
9196	3.93669634
9197	3.934718101
9198	3.930898322
9199	3.929980276
9200	3.935770751
9201	3.942631058
9202	3.946587537
9203	3.937007874
9204	3.937069813
9205	3.939096267
9206	3.944990177
9207	3.947937132
9208	3.954679803
9209	3.950884086
9210	3.952755906
9211	3.95256917
9212	3.949654492
9213	3.950641658
9214	3.953648915
9215	3.955665025
9216	3.951819076
9217	3.951866405
9218	3.952941176
9219	3.955795678
9220	3.953740157
9221	3.947937132
9222	3.951866405
9223	3.956650246
9224	3.950738916
9225	3.949753695
9226	3.957635468
9227	3.948818898
9228	3.946745562
9229	3.942969518
9230	3.941929134
9231	3.951485149
9232	3.954365079
9233	3.951437066
9234	3.945544554
9235	3.95531281
9236	3.949404762
9237	3.957256461
9238	3.954500495
9239	3.951533136
9240	3.949604743
9241	3.950641658
9242	3.948616601
9243	3.951581028
9244	3.950641658
9245	3.94679803
9246	3.956478734
9247	3.956521739
9248	3.956392468
9249	3.955489614
9250	3.954590326
9251	3.950544016
9252	3.949654492
9253	3.950592885
9254	3.955489614
9255	3.959405941
9256	3.960435213
9257	3.96333003
9258	3.96333003
9259	3.960435213
9260	3.957509881
9261	3.962413452
9262	3.954590326
9263	3.958538993
9264	3.954545455
9265	3.961386139
9266	3.957593688
9267	3.960591133
9268	3.961538462
9269	3.963510848
9270	3.961538462
9271	3.958661417
9272	3.955708661
9273	3.958579882
9274	3.957593688
9275	3.95280236
9276	3.955577493
9277	3.958538993
9278	3.950787402
9279	3.950787402
9280	3.949753695
9281	3.948869223
9282	3.951771654
9283	3.951771654
9284	3.948969578
9285	3.955577493
9286	3.95862069
9287	3.957635468
9288	3.957635468
9289	3.952662722
9290	3.949704142
9291	3.950690335
9292	3.955445545
9293	3.950641658
9294	3.951581028
9295	3.947628458
9296	3.953557312
9297	3.962376238
9298	3.954590326
9299	3.953603159
9300	3.954545455
9301	3.956564659
9302	3.95952616
9303	3.952662722
9304	3.951724138
9305	3.954635108
9306	3.952615992
9307	3.953648915
9308	3.958579882
9309	3.953740157
9310	3.957509881
9311	3.961462451
9312	3.955621302
9313	3.958538993
9314	3.96453202
9315	3.96453202
9316	3.959645669
9317	3.960629921
9318	3.955795678
9319	3.957677165
9320	3.957760314
9321	3.961500494
9322	3.961538462
9323	3.959724951
9324	3.960591133
9325	3.96453202
9326	3.968410661
9327	3.963438735
9328	3.959685349
9329	3.961614173
9330	3.961500494
9331	3.960552268
9332	3.957635468
9333	3.954635108
9334	3.960435213
9335	3.947834646
9336	3.951628825
9337	3.947783251
9338	3.953511375
9339	3.953557312
9340	3.96039604
9341	3.958456973
9342	3.960513327
9343	3.961347869
9344	3.953694581
9345	3.961462451
9346	3.960552268
9347	3.962450593
9348	3.957635468
9349	3.962450593
9350	3.972194638
9351	3.970238095
9352	3.971258672
9353	3.973267327
9354	3.968379447
9355	3.962450593
9356	3.96541502
9357	3.96735905
9358	3.966403162
9359	3.966369931
9360	3.963510848
9361	3.964391691
9362	3.963366337
9363	3.969276511
9364	3.962413452
9365	3.957635468
9366	3.962450593
9367	3.960552268
9368	3.955665025
9369	3.956607495
9370	3.96248766
9371	3.958579882
9372	3.95952616
9373	3.954635108
9374	3.960552268
9375	3.963474827
9376	3.956564659
9377	3.960474308
9378	3.960513327
9379	3.95952616
9380	3.958579882
9381	3.95862069
9382	3.961462451
9383	3.960474308
9384	3.967294351
9385	3.97029703
9386	3.964461994
9387	3.96248766
9388	3.959566075
9389	3.960552268
9390	3.962376238
9391	3.958498024
9392	3.961424332
9393	3.959446093
9394	3.960435213
9395	3.952615992
9396	3.968285431
9397	3.962413452
9398	3.961424332
9399	3.963402572
9400	3.963402572
9401	3.966336634
9402	3.966236346
9403	3.960435213
9404	3.961309524
9405	3.973134328
9406	3.97020854
9407	3.964426877
9408	3.965346535
9409	3.961386139
9410	3.959486166
9411	3.95862069
9412	3.966336634
9413	3.965346535
9414	3.960435213
9415	3.963402572
9416	3.967326733
9417	3.964391691
9418	3.964426877
9419	3.962450593
9420	3.955445545
9421	3.962189055
9422	3.963220676
9423	3.955357143
9424	3.959365709
9425	3.959405941
9426	3.963293651
9427	3.966303271
9428	3.957467854
9429	3.956564659
9430	3.957593688
9431	3.962450593
9432	3.965380811
9433	3.966303271
9434	3.967326733
9435	3.972277228
9436	3.969367589
9437	3.972304649
9438	3.963582677
9439	3.97029703
9440	3.969276511
9441	3.971258672
9442	3.969276511
9443	3.972249752
9444	3.973214286
9445	3.971201589
9446	3.972166998
9447	3.969215492
9448	3.958498024
9449	3.957383548
9450	3.961309524
9451	3.955533597
9452	3.957551826
9453	3.959486166
9454	3.964356436
9455	3.960474308
9456	3.961538462
9457	3.969306931
9458	3.974206349
9459	3.972277228
9460	3.972249752
9461	3.966436328
9462	3.968410661
9463	3.973320158
9464	3.96453202
9465	3.960668633
9466	3.958661417
9467	3.961500494
9468	3.953694581
9469	3.949753695
9470	3.954545455
9471	3.956349206
9472	3.952286282
9473	3.951388889
9474	3.941526264
9475	3.937561943
9476	3.950248756
9477	3.952286282
9478	3.953373016
9479	3.965034965
9480	3.964071856
9481	3.95526839
9482	3.943508424
9483	3.939663699
9484	3.952191235
9485	3.955134596
9486	3.947368421
9487	3.952095808
9488	3.946268657
9489	3.950149551
9490	3.954183267
9491	3.954183267
9492	3.953093812
9493	3.952238806
9494	3.949404762
9495	3.957171315
9496	3.957128614
9497	3.956262425
9498	3.95526839
9499	3.95531281
9500	3.955445545
9501	3.957425743
9502	3.958250497
9503	3.966135458
9504	3.958333333
9505	3.954455446
9506	3.957256461
9507	3.964214712
9508	3.965174129
9509	3.96812749
9510	3.971144279
9511	3.962301587
9512	3.96318408
9513	3.961271102
9514	3.967098704
9515	3.951437066
9516	3.956392468
9517	3.960238569
9518	3.96812749
9519	3.9632572
9520	3.960278054
9521	3.961309524
9522	3.959446093
9523	3.966202783
9524	3.961386139
9525	3.965277778
9526	3.969215492
9527	3.962338949
9528	3.966303271
9529	3.966303271
9530	3.96531219
9531	3.960435213
9532	3.950690335
9533	3.96031746
9534	3.956607495
9535	3.962376238
9536	3.969276511
9537	3.97020854
9538	3.960435213
9539	3.961309524
9540	3.959325397
9541	3.95920398
9542	3.953373016
9543	3.941814596
9544	3.941410129
9545	3.943508424
9546	3.946375372
9547	3.937561943
9548	3.932606541
9549	3.933597621
9550	3.927865613
9551	3.943396226
9552	3.944444444
9553	3.93867458
9554	3.938553023
9555	3.93768546
9556	3.935707221
9557	3.942345924
9558	3.934653465
9559	3.936633663
9560	3.941526264
9561	3.934588702
9562	3.931750742
9563	3.938430983
9564	3.944389275
9565	3.948207171
9566	3.946375372
9567	3.946534653
9568	3.951292247
9569	3.95721393
9570	3.950592885
9571	3.950544016
9572	3.945598417
9573	3.953373016
9574	3.944554455
9575	3.95531281
9576	3.96506986
9577	3.952428147
9578	3.950298211
9579	3.946375372
9580	3.947263682
9581	3.943452381
9582	3.943396226
9583	3.945490585
9584	3.946428571
9585	3.936507937
9586	3.932539683
9587	3.93452381
9588	3.933794466
9589	3.935960591
9590	3.940652819
9591	3.942517344
9592	3.939782823
9593	3.945436508
9594	3.949554896
9595	3.942800789
9596	3.947368421
9597	3.947105788
9598	3.94510978
9599	3.942231076
9600	3.945436508
9601	3.949454906
9602	3.942687747
9603	3.942687747
9604	3.952428147
9605	3.95531281
9606	3.945598417
9607	3.952475248
9608	3.95531281
9609	3.956305859
9610	3.95531281
9611	3.951581028
9612	3.949454906
9613	3.953093812
9614	3.951292247
9615	3.950298211
9616	3.951340616
9617	3.969030969
9618	3.969061876
9619	3.953093812
9620	3.953373016
9621	3.954274354
9622	3.952286282
9623	3.953233831
9624	3.951292247
9625	3.949304175
9626	3.948207171
9627	3.947105788
9628	3.940239044
9629	3.93993994
9630	3.934328358
9631	3.931206381
9632	3.933200399
9633	3.936873747
9634	3.93006993
9635	3.936191426
9636	3.943887776
9637	3.941941942
9638	3.940179462
9639	3.942345924
9640	3.937437934
9641	3.937437934
9642	3.937313433
9643	3.939303483
9644	3.946946947
9645	3.94
9646	3.944
9647	3.94123506
9648	3.95004995
9649	3.947211155
9650	3.949101796
9651	3.943170489
9652	3.944055944
9653	3.95004995
9654	3.948207171
9655	3.952333664
9656	3.953233831
9657	3.947316103
9658	3.943508424
9659	3.942345924
9660	3.939363817
9661	3.94510978
9662	3.94333996
9663	3.938492063
9664	3.936883629
9665	3.944554455
9666	3.945544554
9667	3.943731491
9668	3.949454906
9669	3.947420635
9670	3.94950495
9671	3.952475248
9672	3.952522255
9673	3.957383548
9674	3.948565776
9675	3.94836147
9676	3.945328032
9677	3.948258706
9678	3.951195219
9679	3.944609298
9680	3.944718657
9681	3.94076999
9682	3.943786982
9683	3.938735178
9684	3.937623762
9685	3.942631058
9686	3.952428147
9687	3.952522255
9688	3.955445545
9689	3.958374628
9690	3.951676529
9691	3.957383548
9692	3.947731755
9693	3.953465347
9694	3.949554896
9695	3.955357143
9696	3.950445986
9697	3.955445545
9698	3.953419227
9699	3.957256461
9700	3.959285005
9701	3.963220676
9702	3.974077767
9703	3.966202783
9704	3.952475248
9705	3.963220676
9706	3.96318408
9707	3.961232604
9708	3.962264151
9709	3.961309524
9710	3.959365709
9711	3.964356436
9712	3.956564659
9713	3.957383548
9714	3.953557312
9715	3.956435644
9716	3.961271102
9717	3.96531219
9718	3.965449161
9719	3.96735905
9720	3.955577493
9721	3.954500495
9722	3.946692991
9723	3.943786982
9724	3.947576657
9725	3.942631058
9726	3.935515873
9727	3.945328032
9728	3.945382324
9729	3.943508424
9730	3.948514851
9731	3.948616601
9732	3.947420635
9733	3.944609298
9734	3.944499504
9735	3.947316103
9736	3.945382324
9737	3.943508424
9738	3.953280318
9739	3.958208955
9740	3.950445986
9741	3.950445986
9742	3.955401388
9743	3.950347567
9744	3.950396825
9745	3.95920398
9746	3.95734127
9747	3.956305859
9748	3.952428147
9749	3.951340616
9750	3.955357143
9751	3.95531281
9752	3.948463826
9753	3.949404762
9754	3.947576657
9755	3.942460317
9756	3.948412698
9757	3.952428147
9758	3.956218905
9759	3.95920398
9760	3.95721393
9761	3.953419227
9762	3.951533136
9763	3.951533136
9764	3.954410307
9765	3.949604743
9766	3.953603159
9767	3.956392468
9768	3.962338949
9769	3.961462451
9770	3.959486166
9771	3.964391691
9772	3.961424332
9773	3.95862069
9774	3.956650246
9775	3.956650246
9776	3.954679803
9777	3.956692913
9778	3.954635108
9779	3.953694581
9780	3.953603159
9781	3.957551826
9782	3.957593688
9783	3.961500494
9784	3.956607495
9785	3.947628458
9786	3.946322068
9787	3.944499504
9788	3.942460317
9789	3.941176471
9790	3.94041708
9791	3.939544103
9792	3.943283582
9793	3.946481665
9794	3.956305859
9795	3.959285005
9796	3.957298908
9797	3.952333664
9798	3.958333333
9799	3.969184891
9800	3.966303271
9801	3.964356436
9802	3.958415842
9803	3.961386139
9804	3.962301587
9805	3.9632572
9806	3.960278054
9807	3.967229394
9808	3.973134328
9809	3.965380811
9810	3.972166998
9811	3.971172962
9812	3.966269841
9813	3.959405941
9814	3.958456973
9815	3.954635108
9816	3.958498024
9817	3.961347869
9818	3.962413452
9819	3.957593688
9820	3.963366337
9821	3.960435213
9822	3.96039604
9823	3.955533597
9824	3.958498024
9825	3.960435213
9826	3.956521739
9827	3.961386139
9828	3.957551826
9829	3.958498024
9830	3.955489614
9831	3.956392468
9832	3.962376238
9833	3.96039604
9834	3.957551826
9835	3.960435213
9836	3.961462451
9837	3.953648915
9838	3.948616601
9839	3.953603159
9840	3.951628825
9841	3.945759369
9842	3.950592885
9843	3.960435213
9844	3.955489614
9845	3.959244533
9846	3.961232604
9847	3.969123506
9848	3.968222443
9849	3.964179104
9850	3.96531219
9851	3.967294351
9852	3.972194638
9853	3.972194638
9854	3.971172962
9855	3.965380811
9856	3.960474308
9857	3.96039604
9858	3.960356789
9859	3.961347869
9860	3.960356789
9861	3.96222664
9862	3.956392468
9863	3.957383548
9864	3.959325397
9865	3.953511375
9866	3.953557312
9867	3.955533597
9868	3.957551826
9869	3.957425743
9870	3.959486166
9871	3.960435213
9872	3.961424332
9873	3.963366337
9874	3.961424332
9875	3.964426877
9876	3.959446093
9877	3.962413452
9878	3.963366337
9879	3.964426877
9880	3.965449161
9881	3.968316832
9882	3.968410661
9883	3.969367589
9884	3.967391304
9885	3.969367589
9886	3.966403162
9887	3.965449161
9888	3.967455621
9889	3.972332016
9890	3.966403162
9891	3.96248766
9892	3.968410661
9893	3.967391304
9894	3.961614173
9895	3.962561576
9896	3.973240833
9897	3.972249752
9898	3.972304649
9899	3.968472906
9900	3.97044335
9901	3.97044335
9902	3.966568338
9903	3.970472441
9904	3.974384236
9905	3.971428571
9906	3.972413793
9907	3.972413793
9908	3.96453202
9909	3.953831041
9910	3.956735497
9911	3.955665025
9912	3.959566075
9913	3.961576355
9914	3.965551181
9915	3.964566929
9916	3.960668633
9917	3.958661417
9918	3.955708661
9919	3.955752212
9920	3.961576355
9921	3.951724138
9922	3.960435213
9923	3.955577493
9924	3.954724409
9925	3.954679803
9926	3.94679803
9927	3.945866142
9928	3.9408867
9929	3.943786982
9930	3.94100295
9931	3.933990148
9932	3.928923988
9933	3.928853755
9934	3.929841897
9935	3.928220256
9936	3.934055118
9937	3.932086614
9938	3.934911243
9939	3.929064039
9940	3.931237721
9941	3.930392157
9942	3.94013739
9943	3.940019666
9944	3.938113949
9945	3.941060904
9946	3.932352941
9947	3.93627451
9948	3.937377691
9949	3.944007859
9950	3.944062807
9951	3.946902655
9952	3.950884086
9953	3.948869223
9954	3.947783251
9955	3.94679803
9956	3.949753695
9957	3.949604743
9958	3.948717949
9959	3.94488189
9960	3.938235294
9961	3.948768473
9962	3.94100295
9963	3.947680158
9964	3.952522255
9965	3.952662722
9966	3.954635108
9967	3.961462451
9968	3.957551826
9969	3.957509881
9970	3.957593688
9971	3.953557312
9972	3.962301587
9973	3.956521739
9974	3.96039604
9975	3.965346535
9976	3.971201589
9977	3.962376238
9978	3.962413452
9979	3.967294351
9980	3.972222222
9981	3.971287129
9982	3.969306931
9983	3.969306931
9984	3.962338949
9985	3.971144279
9986	3.973214286
9987	3.963402572
9988	3.962450593
9989	3.960435213
9990	3.964391691
9991	3.962450593
9992	3.967326733
9993	3.966436328
9994	3.966369931
9995	3.962450593
9996	3.960474308
9997	3.962413452
9998	3.955577493
9999	3.958415842
10000	3.958456973
10001	3.957551826
10002	3.961386139
10003	3.964356436
10004	3.963402572
10005	3.963366337
10006	3.959446093
10007	3.961462451
10008	3.96333003
10009	3.964285714
10010	3.952522255
10011	3.958333333
10012	3.957383548
10013	3.954500495
10014	3.962151394
10015	3.958333333
10016	3.960435213
10017	3.961424332
10018	3.959446093
10019	3.954545455
10020	3.957467854
10021	3.959486166
10022	3.963474827
10023	3.96531219
10024	3.96432111
10025	3.958498024
10026	3.958498024
10027	3.963474827
10028	3.963438735
10029	3.960435213
10030	3.953603159
10031	3.953373016
10032	3.953511375
10033	3.952615992
10034	3.956478734
10035	3.956478734
10036	3.956521739
10037	3.951581028
10038	3.955489614
10039	3.95256917
10040	3.953511375
10041	3.954545455
10042	3.953648915
10043	3.949704142
10044	3.951676529
10045	3.950738916
10046	3.956607495
10047	3.954679803
10048	3.956607495
10049	3.953648915
10050	3.94980315
10051	3.943952802
10052	3.953603159
10053	3.954545455
10054	3.953603159
10055	3.954545455
10056	3.949654492
10057	3.952522255
10058	3.953511375
10059	3.952615992
10060	3.956521739
10061	3.951676529
10062	3.952522255
10063	3.946745562
10064	3.946692991
10065	3.941871921
10066	3.946587537
10067	3.945598417
10068	3.946640316
10069	3.944773176
10070	3.942913386
10071	3.941176471
10072	3.944936087
10073	3.954679803
10074	3.949753695
10075	3.959446093
10076	3.958456973
10077	3.961386139
10078	3.959486166
10079	3.967229394
10080	3.959285005
10081	3.966169154
10082	3.965243297
10083	3.966236346
10084	3.974180735
10085	3.965277778
10086	3.962301587
10087	3.958415842
10088	3.961386139
10089	3.958374628
10090	3.954410307
10091	3.954228856
10092	3.958250497
10093	3.963220676
10094	3.959325397
10095	3.964214712
10096	3.969246032
10097	3.966169154
10098	3.95734127
10099	3.948565776
10100	3.956392468
10101	3.953465347
10102	3.94679803
10103	3.940828402
10104	3.943731491
10105	3.943620178
10106	3.93780849
10107	3.93780849
10108	3.941699605
10109	3.942574257
10110	3.946587537
10111	3.942913386
10112	3.942800789
10113	3.938916256
10114	3.93867458
10115	3.930049261
10116	3.925962488
10117	3.936570862
10118	3.938553023
10119	3.939424032
10120	3.947316103
10121	3.937561943
10122	3.935707221
10123	3.929064039
10124	3.932806324
10125	3.930693069
10126	3.935579782
10127	3.938430983
10128	3.931615461
10129	3.9312749
10130	3.935194417
10131	3.929563492
10132	3.930348259
10133	3.928571429
10134	3.934458788
10135	3.938430983
10136	3.938553023
10137	3.940535183
10138	3.937623762
10139	3.943508424
10140	3.938553023
10141	3.931750742
10142	3.946053946
10143	3.940179462
10144	3.93346574
10145	3.929493545
10146	3.937062937
10147	3.93346574
10148	3.936444886
10149	3.940357853
10150	3.939424032
10151	3.950199203
10152	3.954274354
10153	3.946215139
10154	3.939363817
10155	3.939121756
10156	3.938369781
10157	3.94047619
10158	3.934718101
10159	3.928783383
10160	3.936507937
10161	3.947263682
10162	3.941584158
10163	3.948258706
10164	3.946587537
10165	3.950347567
10166	3.93867458
10167	3.941468254
10168	3.946322068
10169	3.9375
10170	3.932606541
10171	3.943227092
10172	3.945273632
10173	3.944499504
10174	3.94950495
10175	3.946692991
10176	3.949554896
10177	3.948616601
10178	3.953465347
10179	3.950592885
10180	3.948667325
10181	3.947731755
10182	3.952522255
10183	3.952428147
10184	3.953465347
10185	3.951533136
10186	3.953465347
10187	3.946640316
10188	3.955357143
10189	3.948717949
10190	3.956478734
10191	3.947680158
10192	3.945812808
10193	3.946745562
10194	3.942913386
10195	3.936211973
10196	3.932220039
10197	3.937007874
10198	3.940019666
10199	3.940019666
10200	3.948768473
10201	3.944936087
10202	3.939096267
10203	3.934313725
10204	3.937931034
10205	3.946692991
10206	3.943675889
10207	3.941699605
10208	3.945544554
10209	3.93960396
10210	3.935770751
10211	3.933859822
10212	3.93503937
10213	3.938795656
10214	3.940828402
10215	3.945705824
10216	3.941757157
10217	3.948565776
10218	3.946692991
10219	3.934119961
10220	3.938856016
10221	3.940944882
10222	3.943731491
10223	3.943731491
10224	3.950298211
10225	3.943508424
10226	3.938553023
10227	3.938553023
10228	3.940535183
10229	3.946322068
10230	3.942403178
10231	3.942345924
10232	3.938369781
10233	3.937437934
10234	3.938553023
10235	3.935579782
10236	3.937437934
10237	3.928923988
10238	3.929911155
10239	3.929841897
10240	3.934782609
10241	3.940652819
10242	3.936883629
10243	3.940944882
10244	3.948717949
10245	3.937069813
10246	3.93780849
10247	3.941814596
10248	3.94076999
10249	3.936023622
10250	3.937747036
10251	3.938795656
10252	3.933794466
10253	3.946481665
10254	3.947680158
10255	3.949554896
10256	3.951437066
10257	3.949604743
10258	3.947783251
10259	3.94302554
10260	3.951676529
10261	3.938976378
10262	3.938053097
10263	3.938053097
10264	3.941814596
10265	3.947731755
10266	3.946587537
10267	3.942631058
10268	3.951340616
10269	3.958083832
10270	3.957
10271	3.956087824
10272	3.951340616
10273	3.959040959
10274	3.956087824
10275	3.954228856
10276	3.952191235
10277	3.942288557
10278	3.944223108
10279	3.946053946
10280	3.947
10281	3.935451837
10282	3.9375
10283	3.94123506
10284	3.939424032
10285	3.947052947
10286	3.946215139
10287	3.940179462
10288	3.930624381
10289	3.935579782
10290	3.937375746
10291	3.93346574
10292	3.941293532
10293	3.944389275
10294	3.953187251
10295	3.954274354
10296	3.957256461
10297	3.955357143
10298	3.960238569
10299	3.955357143
10300	3.953233831
10301	3.950347567
10302	3.962113659
10303	3.960199005
10304	3.956305859
10305	3.95920398
10306	3.966067864
10307	3.961155378
10308	3.96031746
10309	3.963220676
10310	3.954500495
10311	3.944773176
10312	3.944554455
10313	3.951437066
10314	3.94836147
10315	3.943564356
10316	3.948310139
10317	3.951388889
10318	3.94950495
10319	3.950396825
10320	3.956435644
10321	3.952475248
10322	3.943508424
10323	3.949354518
10324	3.951388889
10325	3.953373016
10326	3.954274354
10327	3.95531281
10328	3.955357143
10329	3.950396825
10330	3.949203187
10331	3.947368421
10332	3.944389275
10333	3.950248756
10334	3.946481665
10335	3.956349206
10336	3.948514851
10337	3.939782823
10338	3.939901478
10339	3.940828402
10340	3.935834156
10341	3.936758893
10342	3.93972332
10343	3.932019704
10344	3.928149606
10345	3.93669634
10346	3.940594059
10347	3.942574257
10348	3.938735178
10349	3.945652174
10350	3.951533136
10351	3.947628458
10352	3.9408867
10353	3.953419227
10354	3.956392468
10355	3.951388889
10356	3.951533136
10357	3.949604743
10358	3.952615992
10359	3.947885939
10360	3.949654492
10361	3.947680158
10362	3.946692991
10363	3.942687747
10364	3.944554455
10365	3.943620178
10366	3.937931034
10367	3.937747036
10368	3.938735178
10369	3.935834156
10370	3.935770751
10371	3.93780849
10372	3.938976378
10373	3.935897436
10374	3.935960591
10375	3.938916256
10376	3.935103245
10377	3.933202358
10378	3.938856016
10379	3.935834156
10380	3.934119961
10381	3.93503937
10382	3.945598417
10383	3.937007874
10384	3.94076999
10385	3.93972332
10386	3.943620178
10387	3.938916256
10388	3.935960591
10389	3.931034483
10390	3.921182266
10391	3.924975321
10392	3.933597621
10393	3.943620178
10394	3.942687747
10395	3.943620178
10396	3.943508424
10397	3.945490585
10398	3.949404762
10399	3.95531281
10400	3.947524752
10401	3.948514851
10402	3.950592885
10403	3.952475248
10404	3.955401388
10405	3.948565776
10406	3.95734127
10407	3.952380952
10408	3.945328032
10409	3.948514851
10410	3.945652174
10411	3.941584158
10412	3.947680158
10413	3.947628458
10414	3.947472745
10415	3.953465347
10416	3.951533136
10417	3.946640316
10418	3.944718657
10419	3.947731755
10420	3.947680158
10421	3.951724138
10422	3.95280236
10423	3.95270936
10424	3.95280236
10425	3.94980315
10426	3.954635108
10427	3.951724138
10428	3.955621302
10429	3.957509881
10430	3.956478734
10431	3.956521739
10432	3.959446093
10433	3.955489614
10434	3.958374628
10435	3.950544016
10436	3.949554896
10437	3.943620178
10438	3.954274354
10439	3.954365079
10440	3.958250497
10441	3.955357143
10442	3.955489614
10443	3.95952616
10444	3.959486166
10445	3.962376238
10446	3.96333003
10447	3.96432111
10448	3.96531219
10449	3.962338949
10450	3.963293651
10451	3.963293651
10452	3.964356436
10453	3.959405941
10454	3.954590326
10455	3.958456973
10456	3.950690335
10457	3.953511375
10458	3.953603159
10459	3.955533597
10460	3.959325397
10461	3.957425743
10462	3.953465347
10463	3.958374628
10464	3.954455446
10465	3.954410307
10466	3.953465347
10467	3.942857143
10468	3.950544016
10469	3.955401388
10470	3.959405941
10471	3.953511375
10472	3.947628458
10473	3.947472745
10474	3.950641658
10475	3.950396825
10476	3.94836147
10477	3.948412698
10478	3.958250497
10479	3.95734127
10480	3.957383548
10481	3.953465347
10482	3.948514851
10483	3.94950495
10484	3.953373016
10485	3.952428147
10486	3.956392468
10487	3.964214712
10488	3.962301587
10489	3.967196819
10490	3.963220676
10491	3.954455446
10492	3.95734127
10493	3.959365709
10494	3.94679803
10495	3.953419227
10496	3.961347869
10497	3.961347869
10498	3.955621302
10499	3.957551826
10500	3.956607495
10501	3.960474308
10502	3.963474827
10503	3.966436328
10504	3.965380811
10505	3.966303271
10506	3.968316832
10507	3.966403162
10508	3.964497041
10509	3.965483235
10510	3.961538462
10511	3.961576355
10512	3.961614173
10513	3.956735497
10514	3.959645669
10515	3.957635468
10516	3.956607495
10517	3.962450593
10518	3.959685349
10519	3.957593688
10520	3.957677165
10521	3.960513327
10522	3.95952616
10523	3.955621302
10524	3.955621302
10525	3.950738916
10526	3.94980315
10527	3.952615992
10528	3.952475248
10529	3.942800789
10530	3.941814596
10531	3.945759369
10532	3.954545455
10533	3.95270936
10534	3.948818898
10535	3.952615992
10536	3.956650246
10537	3.95270936
10538	3.94679803
10539	3.950738916
10540	3.944936087
10541	3.951628825
10542	3.950592885
10543	3.947524752
10544	3.954410307
10545	3.957467854
10546	3.958498024
10547	3.953557312
10548	3.955533597
10549	3.953603159
10550	3.955489614
10551	3.950544016
10552	3.941526264
10553	3.945328032
10554	3.954183267
10555	3.947368421
10556	3.946375372
10557	3.943452381
10558	3.939782823
10559	3.942744324
10560	3.942744324
10561	3.939901478
10562	3.943786982
10563	3.952522255
10564	3.949554896
10565	3.948717949
10566	3.950544016
10567	3.954455446
10568	3.949604743
10569	3.95049505
10570	3.952522255
10571	3.952522255
10572	3.953557312
10573	3.951581028
10574	3.957467854
10575	3.959365709
10576	3.96432111
10577	3.962376238
10578	3.962413452
10579	3.957551826
10580	3.954679803
10581	3.952755906
10582	3.953603159
10583	3.957467854
10584	3.949753695
10585	3.95280236
10586	3.954679803
10587	3.954635108
10588	3.950690335
10589	3.951676529
10590	3.950787402
10591	3.954679803
10592	3.950884086
10593	3.948869223
10594	3.94302554
10595	3.951676529
10596	3.955621302
10597	3.954500495
10598	3.947731755
10599	3.952333664
10600	3.957425743
10601	3.952615992
10602	3.943731491
10603	3.942631058
10604	3.93768546
10605	3.936633663
10606	3.935770751
10607	3.924287119
10608	3.925889328
10609	3.921182266
10610	3.923000987
10611	3.930898322
10612	3.939363817
10613	3.941293532
10614	3.941351889
10615	3.940594059
10616	3.940652819
10617	3.932019704
10618	3.942403178
10619	3.952238806
10620	3.954183267
10621	3.95721393
10622	3.949304175
10623	3.947316103
10624	3.946322068
10625	3.949253731
10626	3.952191235
10627	3.957171315
10628	3.951292247
10629	3.949404762
10630	3.955357143
10631	3.956305859
10632	3.958374628
10633	3.959405941
10634	3.957467854
10635	3.961309524
10636	3.954545455
10637	3.953557312
10638	3.957509881
10639	3.962301587
10640	3.959405941
10641	3.955489614
10642	3.960356789
10643	3.955401388
10644	3.952333664
10645	3.956262425
10646	3.957171315
10647	3.962151394
10648	3.963220676
10649	3.960356789
10650	3.961347869
10651	3.962264151
10652	3.967131474
10653	3.964143426
10654	3.966169154
10655	3.964179104
10656	3.964143426
10657	3.964214712
10658	3.966169154
10659	3.96333003
10660	3.965346535
10661	3.965346535
10662	3.960513327
10663	3.964356436
10664	3.962413452
10665	3.968222443
10666	3.96333003
10667	3.957551826
10668	3.960513327
10669	3.960474308
10670	3.964391691
10671	3.95952616
10672	3.958538993
10673	3.96432111
10674	3.948717949
10675	3.949654492
10676	3.950592885
10677	3.940944882
10678	3.947368421
10679	3.942744324
10680	3.93972332
10681	3.946534653
10682	3.94679803
10683	3.945652174
10684	3.945759369
10685	3.941814596
10686	3.942800789
10687	3.946640316
10688	3.945652174
10689	3.947628458
10690	3.949704142
10691	3.944718657
10692	3.942687747
10693	3.939663699
10694	3.941584158
10695	3.932806324
10696	3.932872655
10697	3.938053097
10698	3.943620178
10699	3.931305201
10700	3.938856016
10701	3.942744324
10702	3.943564356
10703	3.938976378
10704	3.945598417
10705	3.941757157
10706	3.936883629
10707	3.937869822
10708	3.941757157
10709	3.946587537
10710	3.948565776
10711	3.936945813
10712	3.938976378
10713	3.935294118
10714	3.945759369
10715	3.94679803
10716	3.957467854
10717	3.958538993
10718	3.963402572
10719	3.96541502
10720	3.970355731
10721	3.973320158
10722	3.975247525
10723	3.971343874
10724	3.971343874
10725	3.970384995
10726	3.969428008
10727	3.971372162
10728	3.970384995
10729	3.974333662
10730	3.972386588
10731	3.973346496
10732	3.969428008
10733	3.97044335
10734	3.968472906
10735	3.965517241
10736	3.966535433
10737	3.971428571
10738	3.968472906
10739	3.968472906
10740	3.971343874
10741	3.970384995
10742	3.966469428
10743	3.965483235
10744	3.964566929
10745	3.968441815
10746	3.965449161
10747	3.960591133
10748	3.964461994
10749	3.96735905
10750	3.972277228
10751	3.96834817
10752	3.971315529
10753	3.973293769
10754	3.971315529
10755	3.977227723
10756	3.979166667
10757	3.972332016
10758	3.972359329
10759	3.972413793
10760	3.970355731
10761	3.971315529
10762	3.971315529
10763	3.971315529
10764	3.969397828
10765	3.968316832
10766	3.96333003
10767	3.958415842
10768	3.962264151
10769	3.961386139
10770	3.959285005
10771	3.954455446
10772	3.956305859
10773	3.962189055
10774	3.956349206
10775	3.955134596
10776	3.949354518
10777	3.953465347
10778	3.957298908
10779	3.950347567
10780	3.960119641
10781	3.959122632
10782	3.960238569
10783	3.960278054
10784	3.958167331
10785	3.95526839
10786	3.951485149
10787	3.952333664
10788	3.936570862
10789	3.936507937
10790	3.939424032
10791	3.946215139
10792	3.944167498
10793	3.949
10794	3.945219124
10795	3.94123506
10796	3.927579365
10797	3.934328358
10798	3.949849549
10799	3.948
10800	3.947052947
10801	3.958041958
10802	3.946375372
10803	3.94333996
10804	3.95004995
10805	3.950149551
10806	3.961961962
10807	3.957128614
10808	3.963
10809	3.963073852
10810	3.962962963
10811	3.96506986
10812	3.96222664
10813	3.960159363
10814	3.953140578
10815	3.96003996
10816	3.964894684
10817	3.971859296
10818	3.967967968
10819	3.958125623
10820	3.959040959
10821	3.951340616
10822	3.942574257
10823	3.947105788
10824	3.947052947
10825	3.943170489
10826	3.947052947
10827	3.949354518
10828	3.949404762
10829	3.942403178
10830	3.958125623
10831	3.961155378
10832	3.957171315
10833	3.958333333
10834	3.959163347
10835	3.956218905
10836	3.952333664
10837	3.954228856
10838	3.963036963
10839	3.966033966
10840	3.971
10841	3.96314741
10842	3.972972973
10843	3.973026973
10844	3.966101695
10845	3.9750499
10846	3.975074776
10847	3.965208748
10848	3.96314741
10849	3.958291956
10850	3.949604743
10851	3.956435644
10852	3.959285005
10853	3.966169154
10854	3.966169154
10855	3.961155378
10856	3.967229394
10857	3.972139303
10858	3.962301587
10859	3.958291956
10860	3.961232604
10861	3.95920398
10862	3.952380952
10863	3.957298908
10864	3.962075848
10865	3.961038961
10866	3.959163347
10867	3.957171315
10868	3.95734127
10869	3.953419227
10870	3.953280318
10871	3.953465347
10872	3.958374628
10873	3.955489614
10874	3.963220676
10875	3.966336634
10876	3.972222222
10877	3.96248766
10878	3.970238095
10879	3.970326409
10880	3.974257426
10881	3.971343874
10882	3.972359329
10883	3.974257426
10884	3.969367589
10885	3.96735905
10886	3.97029703
10887	3.969276511
10888	3.963402572
10889	3.976095618
10890	3.97415507
10891	3.973134328
10892	3.965243297
10893	3.96222664
10894	3.951533136
10895	3.953511375
10896	3.957593688
10897	3.953785644
10898	3.954679803
10899	3.950592885
10900	3.952428147
10901	3.954410307
10902	3.96222664
10903	3.964285714
10904	3.961309524
10905	3.964250248
10906	3.967229394
10907	3.962264151
10908	3.968222443
10909	3.963366337
10910	3.962450593
10911	3.967196819
10912	3.972166998
10913	3.967294351
10914	3.968285431
10915	3.968285431
10916	3.968253968
10917	3.971144279
10918	3.969215492
10919	3.968159204
10920	3.96432111
10921	3.95531281
10922	3.950347567
10923	3.95526839
10924	3.945598417
10925	3.950544016
10926	3.946745562
10927	3.948717949
10928	3.955577493
10929	3.957551826
10930	3.955621302
10931	3.959486166
10932	3.950884086
10933	3.953785644
10934	3.94891945
10935	3.952848723
10936	3.951819076
10937	3.953785644
10938	3.953785644
10939	3.95270936
10940	3.953694581
10941	3.948869223
10942	3.955577493
10943	3.955621302
10944	3.955665025
10945	3.953603159
10946	3.95256917
10947	3.951724138
10948	3.959486166
10949	3.963438735
10950	3.964426877
10951	3.962561576
10952	3.965483235
10953	3.957718781
10954	3.957718781
10955	3.957593688
10956	3.961576355
10957	3.962524655
10958	3.962561576
10959	3.966469428
10960	3.965551181
10961	3.959605911
10962	3.961538462
10963	3.959566075
10964	3.95952616
10965	3.963546798
10966	3.963510848
10967	3.962598425
10968	3.964497041
10969	3.965483235
10970	3.965517241
10971	3.961651917
10972	3.959605911
10973	3.962524655
10974	3.965483235
10975	3.966436328
10976	3.964497041
10977	3.968410661
10978	3.960591133
10979	3.961538462
10980	3.955708661
10981	3.95481336
10982	3.951866405
10983	3.952894995
10984	3.953831041
10985	3.960552268
10986	3.956607495
10987	3.956692913
10988	3.956692913
10989	3.951676529
10990	3.954635108
10991	3.949901768
10992	3.954679803
10993	3.950884086
10994	3.954857704
10995	3.955839058
10996	3.955839058
10997	3.952941176
10998	3.952987267
10999	3.953876349
11000	3.955795678
11001	3.953921569
11002	3.957843137
11003	3.958823529
11004	3.963689892
11005	3.965652601
11006	3.964671246
11007	3.965585054
11008	3.969488189
11009	3.963689892
11010	3.963618486
11011	3.958783121
11012	3.961651917
11013	3.96460177
11014	3.967551622
11015	3.967551622
11016	3.970472441
11017	3.966568338
11018	3.965517241
11019	3.967551622
11020	3.959724951
11021	3.960707269
11022	3.958702065
11023	3.956735497
11024	3.956692913
11025	3.953831041
11026	3.954768928
11027	3.957635468
11028	3.955708661
11029	3.955752212
11030	3.960707269
11031	3.960707269
11032	3.960707269
11033	3.959764475
11034	3.959764475
11035	3.959764475
11036	3.955839058
11037	3.95280236
11038	3.955795678
11039	3.956777996
11040	3.960668633
11041	3.958702065
11042	3.962561576
11043	3.961614173
11044	3.958783121
11045	3.961614173
11046	3.961614173
11047	3.968534907
11048	3.961689587
11049	3.958742633
11050	3.958702065
11051	3.963618486
11052	3.966535433
11053	3.969428008
11054	3.969488189
11055	3.969488189
11056	3.969488189
11057	3.972413793
11058	3.968503937
11059	3.966568338
11060	3.970472441
11061	3.969488189
11062	3.972413793
11063	3.972413793
11064	3.965517241
11065	3.968410661
11066	3.970326409
11067	3.975222993
11068	3.971315529
11069	3.96735905
11070	3.970326409
11071	3.972332016
11072	3.967423495
11073	3.967326733
11074	3.973240833
11075	3.976214073
11076	3.976261128
11077	3.975272008
11078	3.970355731
11079	3.971230159
11080	3.971315529
11081	3.974206349
11082	3.973240833
11083	3.970326409
11084	3.96933729
11085	3.968316832
11086	3.973240833
11087	3.96834817
11088	3.966303271
11089	3.96531219
11090	3.963366337
11091	3.96432111
11092	3.956564659
11093	3.965277778
11094	3.966303271
11095	3.958498024
11096	3.9632572
11097	3.956262425
11098	3.96318408
11099	3.964214712
11100	3.96222664
11101	3.965243297
11102	3.962264151
11103	3.96222664
11104	3.964179104
11105	3.962264151
11106	3.965243297
11107	3.973134328
11108	3.967164179
11109	3.95531281
11110	3.953093812
11111	3.946215139
11112	3.952952953
11113	3.9500998
11114	3.955
11115	3.958041958
11116	3.957085828
11117	3.956
11118	3.956
11119	3.958
11120	3.955044955
11121	3.953046953
11122	3.952143569
11123	3.954183267
11124	3.951388889
11125	3.945544554
11126	3.949253731
11127	3.943396226
11128	3.949253731
11129	3.943452381
11130	3.944333996
11131	3.948207171
11132	3.957042957
11133	3.946268657
11134	3.950248756
11135	3.963073852
11136	3.969061876
11137	3.961155378
11138	3.96119403
11139	3.948463826
11140	3.947420635
11141	3.948310139
11142	3.956175299
11143	3.947263682
11144	3.939303483
11145	3.948155533
11146	3.944389275
11147	3.940179462
11148	3.936318408
11149	3.941058941
11150	3.938308458
11151	3.928853755
11152	3.942115768
11153	3.943113772
11154	3.937250996
11155	3.9375
11156	3.939544103
11157	3.940357853
11158	3.941293532
11159	3.941410129
11160	3.946375372
11161	3.954091816
11162	3.94836147
11163	3.949253731
11164	3.944389275
11165	3.941410129
11166	3.94123506
11167	3.943283582
11168	3.935515873
11169	3.9375
11170	3.936444886
11171	3.943283582
11172	3.930898322
11173	3.932739862
11174	3.9375
11175	3.94047619
11176	3.952143569
11177	3.943396226
11178	3.944499504
11179	3.943508424
11180	3.944609298
11181	3.94950495
11182	3.950396825
11183	3.958291956
11184	3.958374628
11185	3.962450593
11186	3.954679803
11187	3.955577493
11188	3.954590326
11189	3.950738916
11190	3.943952802
11191	3.94302554
11192	3.941118744
11193	3.944990177
11194	3.948869223
11195	3.957551826
11196	3.960513327
11197	3.963438735
11198	3.966369931
11199	3.958498024
11200	3.956607495
11201	3.957551826
11202	3.960474308
11203	3.962413452
11204	3.958538993
11205	3.948667325
11206	3.941814596
11207	3.941584158
11208	3.937007874
11209	3.936945813
11210	3.936821323
11211	3.942687747
11212	3.948310139
11213	3.949253731
11214	3.946428571
11215	3.943452381
11216	3.943731491
11217	3.952428147
11218	3.947524752
11219	3.943675889
11220	3.958208955
11221	3.951292247
11222	3.952286282
11223	3.94950495
11224	3.956305859
11225	3.951388889
11226	3.945490585
11227	3.937747036
11228	3.937561943
11229	3.928149606
11230	3.935834156
11231	3.93867458
11232	3.936570862
11233	3.937561943
11234	3.942231076
11235	3.941293532
11236	3.943227092
11237	3.95508982
11238	3.955223881
11239	3.954091816
11240	3.956087824
11241	3.952380952
11242	3.951485149
11243	3.960159363
11244	3.959285005
11245	3.953233831
11246	3.956218905
11247	3.957171315
11248	3.953280318
11249	3.951097804
11250	3.955223881
11251	3.956262425
11252	3.960119641
11253	3.958250497
11254	3.958167331
11255	3.958250497
11256	3.953140578
11257	3.959081836
11258	3.961155378
11259	3.962151394
11260	3.969123506
11261	3.962264151
11262	3.964179104
11263	3.959285005
11264	3.959285005
11265	3.960278054
11266	3.951388889
11267	3.955223881
11268	3.955223881
11269	3.956043956
11270	3.949304175
11271	3.946428571
11272	3.958167331
11273	3.952191235
11274	3.949304175
11275	3.951340616
11276	3.958167331
11277	3.958208955
11278	3.953326713
11279	3.958083832
11280	3.96007984
11281	3.96007984
11282	3.955223881
11283	3.96003996
11284	3.966
11285	3.954274354
11286	3.949454906
11287	3.951195219
11288	3.952143569
11289	3.949152542
11290	3.954137587
11291	3.939484127
11292	3.941526264
11293	3.946053946
11294	3.947316103
11295	3.946428571
11296	3.959081836
11297	3.948258706
11298	3.951048951
11299	3.95526839
11300	3.951437066
11301	3.962113659
11302	3.964107677
11303	3.957256461
11304	3.954228856
11305	3.951388889
11306	3.952380952
11307	3.947524752
11308	3.952238806
11309	3.948258706
11310	3.951292247
11311	3.947316103
11312	3.943452381
11313	3.944389275
11314	3.948463826
11315	3.949454906
11316	3.952333664
11317	3.950396825
11318	3.955223881
11319	3.950347567
11320	3.947472745
11321	3.95734127
11322	3.959325397
11323	3.960435213
11324	3.955708661
11325	3.963438735
11326	3.965277778
11327	3.957509881
11328	3.964356436
11329	3.971230159
11330	3.969276511
11331	3.968316832
11332	3.964426877
11333	3.970267592
11334	3.966369931
11335	3.963402572
11336	3.96531219
11337	3.968316832
11338	3.959566075
11339	3.958498024
11340	3.966303271
11341	3.964426877
11342	3.961462451
11343	3.965346535
11344	3.962376238
11345	3.968190855
11346	3.965380811
11347	3.959566075
11348	3.959405941
11349	3.960435213
11350	3.963366337
11351	3.962338949
11352	3.966303271
11353	3.960474308
11354	3.957425743
11355	3.951485149
11356	3.949554896
11357	3.947576657
11358	3.947628458
11359	3.948768473
11360	3.948717949
11361	3.944827586
11362	3.941871921
11363	3.93972332
11364	3.938856016
11365	3.941584158
11366	3.933794466
11367	3.941410129
11368	3.933663366
11369	3.936633663
11370	3.942403178
11371	3.948310139
11372	3.954183267
11373	3.951292247
11374	3.953373016
11375	3.959244533
11376	3.959285005
11377	3.952380952
11378	3.95526839
11379	3.959163347
11380	3.956262425
11381	3.950298211
11382	3.950298211
11383	3.953187251
11384	3.948412698
11385	3.954183267
11386	3.955179283
11387	3.951340616
11388	3.94950495
11389	3.954410307
11390	3.960278054
11391	3.955533597
11392	3.953511375
11393	3.958374628
11394	3.962301587
11395	3.960356789
11396	3.955489614
11397	3.953557312
11398	3.961271102
11399	3.956435644
11400	3.956305859
11401	3.955357143
11402	3.951388889
11403	3.954365079
11404	3.952475248
11405	3.958333333
11406	3.948667325
11407	3.949704142
11408	3.953511375
11409	3.944664032
11410	3.935960591
11411	3.941757157
11412	3.93867458
11413	3.939663699
11414	3.946481665
11415	3.942631058
11416	3.944554455
11417	3.941699605
11418	3.951243781
11419	3.945490585
11420	3.941468254
11421	3.946481665
11422	3.946428571
11423	3.934782609
11424	3.937561943
11425	3.932872655
11426	3.93669634
11427	3.944444444
11428	3.949454906
11429	3.951388889
11430	3.952191235
11431	3.956218905
11432	3.947472745
11433	3.94041708
11434	3.946375372
11435	3.949304175
11436	3.947524752
11437	3.943675889
11438	3.950396825
11439	3.943620178
11440	3.941699605
11441	3.938735178
11442	3.947420635
11443	3.947524752
11444	3.94076999
11445	3.942744324
11446	3.935960591
11447	3.935897436
11448	3.941929134
11449	3.941929134
11450	3.93780849
11451	3.9408867
11452	3.944827586
11453	3.945705824
11454	3.946692991
11455	3.945759369
11456	3.949604743
11457	3.941871921
11458	3.937992126
11459	3.944718657
11460	3.945812808
11461	3.942800789
11462	3.943786982
11463	3.947576657
11464	3.946587537
11465	3.944609298
11466	3.954319762
11467	3.951388889
11468	3.956262425
11469	3.952475248
11470	3.942857143
11471	3.942631058
11472	3.941757157
11473	3.947420635
11474	3.951340616
11475	3.945382324
11476	3.951292247
11477	3.954137587
11478	3.947368421
11479	3.954183267
11480	3.947420635
11481	3.953093812
11482	3.945382324
11483	3.946375372
11484	3.962037962
11485	3.943564356
11486	3.947211155
11487	3.952143569
11488	3.947263682
11489	3.949354518
11490	3.944444444
11491	3.940535183
11492	3.94047619
11493	3.940711462
11494	3.946481665
11495	3.944499504
11496	3.942288557
11497	3.941468254
11498	3.931683168
11499	3.932472691
11500	3.93625498
11501	3.936063936
11502	3.929423459
11503	3.924528302
11504	3.929353234
11505	3.935323383
11506	3.93346574
11507	3.941058941
11508	3.938247012
11509	3.942057942
11510	3.935
11511	3.928500497
11512	3.934131737
11513	3.927435388
11514	3.924603175
11515	3.931068931
11516	3.929423459
11517	3.932270916
11518	3.93625498
11519	3.940298507
11520	3.941293532
11521	3.942403178
11522	3.935579782
11523	3.92970297
11524	3.93346574
11525	3.934393638
11526	3.942231076
11527	3.943283582
11528	3.945273632
11529	3.940535183
11530	3.938735178
11531	3.940594059
11532	3.943508424
11533	3.948310139
11534	3.948463826
11535	3.946692991
11536	3.945652174
11537	3.939842209
11538	3.942631058
11539	3.946587537
11540	3.945544554
11541	3.949404762
11542	3.941526264
11543	3.93972332
11544	3.943564356
11545	3.940652819
11546	3.942631058
11547	3.946640316
11548	3.948667325
11549	3.942744324
11550	3.948616601
11551	3.954455446
11552	3.956392468
11553	3.946745562
11554	3.942687747
11555	3.93780849
11556	3.945490585
11557	3.944664032
11558	3.947524752
11559	3.947472745
11560	3.941699605
11561	3.946481665
11562	3.944554455
11563	3.94076999
11564	3.937931034
11565	3.946640316
11566	3.941757157
11567	3.949604743
11568	3.954679803
11569	3.950738916
11570	3.948717949
11571	3.949654492
11572	3.947731755
11573	3.954500495
11574	3.953557312
11575	3.95256917
11576	3.954545455
11577	3.954679803
11578	3.959566075
11579	3.962450593
11580	3.957509881
11581	3.962450593
11582	3.967391304
11583	3.964461994
11584	3.959605911
11585	3.96541502
11586	3.968379447
11587	3.958702065
11588	3.959685349
11589	3.961576355
11590	3.965517241
11591	3.965483235
11592	3.965449161
11593	3.963510848
11594	3.96834817
11595	3.964461994
11596	3.96834817
11597	3.967294351
11598	3.966403162
11599	3.966369931
11600	3.965346535
11601	3.961614173
11602	3.964497041
11603	3.962524655
11604	3.962561576
11605	3.963510848
11606	3.959605911
11607	3.958579882
11608	3.960513327
11609	3.962450593
11610	3.957677165
11611	3.958579882
11612	3.96248766
11613	3.959486166
11614	3.955577493
11615	3.953511375
11616	3.959365709
11617	3.96039604
11618	3.96039604
11619	3.954635108
11620	3.95952616
11621	3.959405941
11622	3.965277778
11623	3.959486166
11624	3.955621302
11625	3.955621302
11626	3.963438735
11627	3.961500494
11628	3.960513327
11629	3.962413452
11630	3.957509881
11631	3.96039604
11632	3.955489614
11633	3.958456973
11634	3.957551826
11635	3.963474827
11636	3.956607495
11637	3.95952616
11638	3.953740157
11639	3.955621302
11640	3.954679803
11641	3.955577493
11642	3.954590326
11643	3.948818898
11644	3.957593688
11645	3.95862069
11646	3.959566075
11647	3.959566075
11648	3.960552268
11649	3.960552268
11650	3.960552268
11651	3.957635468
11652	3.963474827
11653	3.959566075
11654	3.963438735
11655	3.961500494
11656	3.956650246
11657	3.960552268
11658	3.964497041
11659	3.964426877
11660	3.960552268
11661	3.964461994
11662	3.955665025
11663	3.962524655
11664	3.961462451
11665	3.957593688
11666	3.950835792
11667	3.956607495
11668	3.961462451
11669	3.955708661
11670	3.957551826
11671	3.956607495
11672	3.951628825
11673	3.957551826
11674	3.956607495
11675	3.961462451
11676	3.955665025
11677	3.961462451
11678	3.965380811
11679	3.963402572
11680	3.967423495
11681	3.967423495
11682	3.967423495
11683	3.967455621
11684	3.965483235
11685	3.963582677
11686	3.961651917
11687	3.965551181
11688	3.960668633
11689	3.960591133
11690	3.963546798
11691	3.953785644
11692	3.950787402
11693	3.961500494
11694	3.959605911
11695	3.957635468
11696	3.961576355
11697	3.960552268
11698	3.957551826
11699	3.955577493
11700	3.955577493
11701	3.957509881
11702	3.964391691
11703	3.956521739
11704	3.958415842
11705	3.962338949
11706	3.96333003
11707	3.958498024
11708	3.96039604
11709	3.961386139
11710	3.961309524
11711	3.968222443
11712	3.969154229
11713	3.966202783
11714	3.969092722
11715	3.968222443
11716	3.966202783
11717	3.964250248
11718	3.965243297
11719	3.964250248
11720	3.96531219
11721	3.96432111
11722	3.956478734
11723	3.949554896
11724	3.944499504
11725	3.948514851
11726	3.949354518
11727	3.942574257
11728	3.939544103
11729	3.944444444
11730	3.947472745
11731	3.948412698
11732	3.944664032
11733	3.947628458
11734	3.938735178
11735	3.945490585
11736	3.947472745
11737	3.943508424
11738	3.941526264
11739	3.941526264
11740	3.94836147
11741	3.954319762
11742	3.958333333
11743	3.954410307
11744	3.95734127
11745	3.957298908
11746	3.958374628
11747	3.96031746
11748	3.96119403
11749	3.949554896
11750	3.947628458
11751	3.941641939
11752	3.943564356
11753	3.944554455
11754	3.948463826
11755	3.95531281
11756	3.950396825
11757	3.946481665
11758	3.943508424
11759	3.944444444
11760	3.948258706
11761	3.940357853
11762	3.935515873
11763	3.938553023
11764	3.942517344
11765	3.942517344
11766	3.944444444
11767	3.951097804
11768	3.946268657
11769	3.944444444
11770	3.947420635
11771	3.952286282
11772	3.942574257
11773	3.943396226
11774	3.947368421
11775	3.946322068
11776	3.940535183
11777	3.937623762
11778	3.942460317
11779	3.948310139
11780	3.945490585
11781	3.949354518
11782	3.954319762
11783	3.954410307
11784	3.955401388
11785	3.952475248
11786	3.955401388
11787	3.95049505
11788	3.947680158
11789	3.942913386
11790	3.938053097
11791	3.953511375
11792	3.960356789
11793	3.959405941
11794	3.953465347
11795	3.946534653
11796	3.953465347
11797	3.953465347
11798	3.959405941
11799	3.954500495
11800	3.955533597
11801	3.957509881
11802	3.949753695
11803	3.947834646
11804	3.957593688
11805	3.954679803
11806	3.960552268
11807	3.957593688
11808	3.965380811
11809	3.964497041
11810	3.968410661
11811	3.968410661
11812	3.967455621
11813	3.967487685
11814	3.966502463
11815	3.967455621
11816	3.966502463
11817	3.968410661
11818	3.971372162
11819	3.967487685
11820	3.970414201
11821	3.968503937
11822	3.969458128
11823	3.967487685
11824	3.968410661
11825	3.963546798
11826	3.967487685
11827	3.967455621
11828	3.969428008
11829	3.965551181
11830	3.965449161
11831	3.953694581
11832	3.950787402
11833	3.950690335
11834	3.950690335
11835	3.945866142
11836	3.955708661
11837	3.955621302
11838	3.95256917
11839	3.953603159
11840	3.957509881
11841	3.950592885
11842	3.957467854
11843	3.962338949
11844	3.962413452
11845	3.960435213
11846	3.955621302
11847	3.956564659
11848	3.950738916
11849	3.951581028
11850	3.947576657
11851	3.948717949
11852	3.944827586
11853	3.942913386
11854	3.947731755
11855	3.951437066
11856	3.95049505
11857	3.946587537
11858	3.945812808
11859	3.950641658
11860	3.945705824
11861	3.952380952
11862	3.957467854
11863	3.96039604
11864	3.955533597
11865	3.957467854
11866	3.954545455
11867	3.956478734
11868	3.959486166
11869	3.954545455
11870	3.953603159
11871	3.954590326
11872	3.958498024
11873	3.957467854
11874	3.959486166
11875	3.954545455
11876	3.955489614
11877	3.95256917
11878	3.952475248
11879	3.954319762
11880	3.95734127
11881	3.96031746
11882	3.956349206
11883	3.951628825
11884	3.949604743
11885	3.959325397
11886	3.961271102
11887	3.96333003
11888	3.959446093
11889	3.957467854
11890	3.953557312
11891	3.959446093
11892	3.961462451
11893	3.963438735
11894	3.957551826
11895	3.958579882
11896	3.958456973
11897	3.954545455
11898	3.956521739
11899	3.957467854
11900	3.954545455
11901	3.960513327
11902	3.95862069
11903	3.959605911
11904	3.957635468
11905	3.954724409
11906	3.956735497
11907	3.960591133
11908	3.95862069
11909	3.956735497
11910	3.96453202
11911	3.966469428
11912	3.968441815
11913	3.958579882
11914	3.960591133
11915	3.957509881
11916	3.956564659
11917	3.957425743
11918	3.946745562
11919	3.941929134
11920	3.949604743
11921	3.951485149
11922	3.950592885
11923	3.944664032
11924	3.942574257
11925	3.948565776
11926	3.945652174
11927	3.944664032
11928	3.941871921
11929	3.943897638
11930	3.941060904
11931	3.940944882
11932	3.936023622
11933	3.936758893
11934	3.938735178
11935	3.942631058
11936	3.944554455
11937	3.944609298
11938	3.945598417
11939	3.935834156
11940	3.938735178
11941	3.937869822
11942	3.937437934
11943	3.937437934
11944	3.931683168
11945	3.934458788
11946	3.933663366
11947	3.928783383
11948	3.931750742
11949	3.94041708
11950	3.930624381
11951	3.937437934
11952	3.935451837
11953	3.934653465
11954	3.937623762
11955	3.941468254
11956	3.93669634
11957	3.936444886
11958	3.938430983
11959	3.937375746
11960	3.938369781
11961	3.948258706
11962	3.950248756
11963	3.946268657
11964	3.951195219
11965	3.952143569
11966	3.956043956
11967	3.949304175
11968	3.952238806
11969	3.954319762
11970	3.956435644
11971	3.958291956
11972	3.958291956
11973	3.959365709
11974	3.962264151
11975	3.961386139
11976	3.962338949
11977	3.959365709
11978	3.961232604
11979	3.963073852
11980	3.962151394
11981	3.953326713
11982	3.958125623
11983	3.953233831
11984	3.948565776
11985	3.93960396
11986	3.94123506
11987	3.948948949
11988	3.945219124
11989	3.931547619
11990	3.942655936
11991	3.94
11992	3.945945946
11993	3.946840522
11994	3.947947948
11995	3.944055944
11996	3.945891784
11997	3.947895792
11998	3.948692153
11999	3.9437751
12000	3.942885772
12001	3.943718593
12002	3.940703518
12003	3.928286853
12004	3.934869739
12005	3.952811245
12006	3.938123752
12007	3.938061938
12008	3.944167498
12009	3.935323383
12010	3.938877756
12011	3.942885772
12012	3.950901804
12013	3.952952953
12014	3.950852558
12015	3.946053946
12016	3.951855567
12017	3.939
12018	3.947895792
12019	3.947738693
12020	3.944779116
12021	3.952716298
12022	3.952668681
12023	3.947791165
12024	3.953768844
12025	3.951758794
12026	3.947843531
12027	3.951807229
12028	3.946893788
12029	3.946946947
12030	3.950901804
12031	3.956870612
12032	3.955
12033	3.950803213
12034	3.947895792
12035	3.954773869
12036	3.954637097
12037	3.953768844
12038	3.952
12039	3.955645161
12040	3.948
12041	3.949050949
12042	3.949101796
12043	3.95004995
12044	3.946161515
12045	3.94011976
12046	3.943227092
12047	3.936318408
12048	3.946946947
12049	3.941058941
12050	3.940239044
12051	3.939243028
12052	3.943887776
12053	3.943943944
12054	3.946
12055	3.937250996
12056	3.939060939
12057	3.950950951
12058	3.951951952
12059	3.950753769
12060	3.9498998
12061	3.951097804
12062	3.952143569
12063	3.946161515
12064	3.948155533
12065	3.947263682
12066	3.948207171
12067	3.95508982
12068	3.949203187
12069	3.956043956
12070	3.958167331
12071	3.958208955
12072	3.955179283
12073	3.965965966
12074	3.964107677
12075	3.964143426
12076	3.960199005
12077	3.962113659
12078	3.959122632
12079	3.957042957
12080	3.956956957
12081	3.96080402
12082	3.960921844
12083	3.952905812
12084	3.941117764
12085	3.934328358
12086	3.94217348
12087	3.947052947
12088	3.944944945
12089	3.938185444
12090	3.937437934
12091	3.94041708
12092	3.939303483
12093	3.951903808
12094	3.958958959
12095	3.952
12096	3.951758794
12097	3.944111776
12098	3.944167498
12099	3.950199203
12100	3.949203187
12101	3.951
12102	3.949101796
12103	3.948207171
12104	3.94123506
12105	3.943227092
12106	3.944167498
12107	3.945219124
12108	3.949
12109	3.943170489
12110	3.945273632
12111	3.944223108
12112	3.933399602
12113	3.938123752
12114	3.943831494
12115	3.944
12116	3.94994995
12117	3.946161515
12118	3.9500998
12119	3.955134596
12120	3.955
12121	3.957
12122	3.951048951
12123	3.955955956
12124	3.956
12125	3.960921844
12126	3.953046953
12127	3.959879639
12128	3.958041958
12129	3.958041958
12130	3.96111665
12131	3.949354518
12132	3.953233831
12133	3.955179283
12134	3.962075848
12135	3.957128614
12136	3.961961962
12137	3.96978852
12138	3.965
12139	3.964964965
12140	3.95991984
12141	3.956087824
12142	3.955134596
12143	3.954183267
12144	3.956131605
12145	3.953326713
12146	3.951243781
12147	3.950248756
12148	3.946268657
12149	3.949203187
12150	3.955044955
12151	3.955223881
12152	3.960159363
12153	3.96314741
12154	3.960238569
12155	3.96119403
12156	3.955223881
12157	3.955179283
12158	3.965965966
12159	3.96890672
12160	3.963110668
12161	3.952286282
12162	3.958083832
12163	3.955223881
12164	3.956175299
12165	3.957128614
12166	3.955179283
12167	3.952238806
12168	3.960119641
12169	3.957383548
12170	3.952475248
12171	3.950396825
12172	3.956305859
12173	3.962189055
12174	3.954228856
12175	3.95526839
12176	3.958208955
12177	3.956305859
12178	3.954500495
12179	3.944499504
12180	3.949454906
12181	3.958167331
12182	3.954410307
12183	3.949354518
12184	3.95734127
12185	3.95256917
12186	3.953419227
12187	3.961271102
12188	3.959365709
12189	3.961386139
12190	3.945812808
12191	3.951485149
12192	3.951485149
12193	3.947368421
12194	3.945273632
12195	3.946322068
12196	3.94333996
12197	3.939484127
12198	3.942403178
12199	3.94333996
12200	3.94047619
12201	3.931615461
12202	3.935643564
12203	3.942631058
12204	3.941641939
12205	3.928078818
12206	3.930966469
12207	3.941468254
12208	3.943564356
12209	3.948258706
12210	3.931615461
12211	3.92765114
12212	3.92864222
12213	3.930486594
12214	3.931683168
12215	3.935515873
12216	3.922695738
12217	3.923535253
12218	3.918892186
12219	3.925521351
12220	3.925447316
12221	3.921549156
12222	3.925373134
12223	3.921549156
12224	3.924302789
12225	3.927363184
12226	3.927579365
12227	3.926660059
12228	3.928500497
12229	3.935387674
12230	3.93638171
12231	3.941410129
12232	3.94047619
12233	3.936570862
12234	3.93960396
12235	3.937747036
12236	3.940594059
12237	3.943564356
12238	3.93960396
12239	3.93011811
12240	3.937869822
12241	3.933990148
12242	3.933794466
12243	3.935834156
12244	3.935834156
12245	3.934911243
12246	3.937992126
12247	3.93972332
12248	3.940944882
12249	3.949604743
12250	3.946745562
12251	3.95256917
12252	3.949454906
12253	3.947576657
12254	3.947576657
12255	3.953465347
12256	3.947524752
12257	3.951485149
12258	3.942744324
12259	3.950592885
12260	3.945598417
12261	3.944718657
12262	3.946692991
12263	3.943731491
12264	3.955401388
12265	3.943842365
12266	3.935834156
12267	3.943508424
12268	3.932739862
12269	3.924826904
12270	3.920948617
12271	3.92864222
12272	3.926805143
12273	3.930417495
12274	3.931479643
12275	3.9296333
12276	3.925962488
12277	3.937437934
12278	3.938369781
12279	3.940357853
12280	3.937561943
12281	3.941351889
12282	3.945328032
12283	3.948310139
12284	3.948155533
12285	3.949253731
12286	3.936570862
12287	3.937561943
12288	3.946481665
12289	3.94836147
12290	3.950396825
12291	3.948463826
12292	3.944554455
12293	3.948463826
12294	3.947472745
12295	3.943508424
12296	3.952428147
12297	3.957298908
12298	3.953419227
12299	3.962151394
12300	3.946534653
12301	3.94836147
12302	3.937747036
12303	3.947105788
12304	3.937437934
12305	3.937125749
12306	3.935323383
12307	3.939060939
12308	3.946893788
12309	3.94123506
12310	3.930693069
12311	3.936507937
12312	3.944389275
12313	3.944389275
12314	3.941468254
12315	3.944389275
12316	3.942631058
12317	3.944609298
12318	3.95049505
12319	3.954365079
12320	3.948258706
12321	3.948412698
12322	3.951388889
12323	3.953326713
12324	3.950396825
12325	3.953373016
12326	3.955401388
12327	3.955357143
12328	3.954365079
12329	3.95734127
12330	3.950445986
12331	3.946428571
12332	3.952428147
12333	3.95049505
12334	3.944718657
12335	3.948412698
12336	3.949654492
12337	3.945598417
12338	3.951437066
12339	3.952522255
12340	3.95049505
12341	3.939782823
12342	3.944389275
12343	3.944444444
12344	3.943508424
12345	3.950396825
12346	3.947472745
12347	3.942574257
12348	3.949454906
12349	3.948463826
12350	3.953419227
12351	3.949404762
12352	3.950544016
12353	3.953326713
12354	3.954365079
12355	3.947576657
12356	3.94076999
12357	3.939782823
12358	3.937747036
12359	3.939842209
12360	3.93780849
12361	3.940298507
12362	3.943170489
12363	3.946268657
12364	3.956087824
12365	3.959081836
12366	3.950298211
12367	3.954319762
12368	3.959244533
12369	3.949404762
12370	3.957171315
12371	3.959163347
12372	3.954228856
12373	3.950347567
12374	3.961232604
12375	3.957425743
12376	3.955533597
12377	3.963293651
12378	3.950641658
12379	3.95256917
12380	3.949604743
12381	3.959446093
12382	3.955665025
12383	3.950641658
12384	3.954590326
12385	3.956564659
12386	3.95256917
12387	3.96039604
12388	3.954500495
12389	3.950544016
12390	3.948667325
12391	3.954500495
12392	3.946692991
12393	3.947628458
12394	3.957298908
12395	3.948412698
12396	3.942800789
12397	3.953465347
12398	3.953557312
12399	3.958456973
12400	3.948667325
12401	3.951676529
12402	3.958498024
12403	3.961500494
12404	3.95952616
12405	3.955621302
12406	3.954545455
12407	3.954590326
12408	3.95256917
12409	3.949304175
12410	3.943620178
12411	3.942403178
12412	3.93669634
12413	3.941699605
12414	3.946428571
12415	3.93960396
12416	3.931750742
12417	3.935451837
12418	3.932539683
12419	3.945273632
12420	3.940535183
12421	3.94333996
12422	3.937561943
12423	3.936758893
12424	3.944444444
12425	3.938613861
12426	3.930898322
12427	3.935770751
12428	3.923152709
12429	3.932673267
12430	3.93669634
12431	3.943508424
12432	3.940652819
12433	3.93346574
12434	3.94041708
12435	3.938430983
12436	3.939663699
12437	3.936758893
12438	3.940535183
12439	3.931818182
12440	3.927865613
12441	3.924901186
12442	3.920197044
12443	3.928712871
12444	3.922848665
12445	3.933266932
12446	3.925742574
12447	3.925742574
12448	3.926805143
12449	3.925742574
12450	3.920039487
12451	3.920870425
12452	3.919881306
12453	3.907480315
12454	3.920118343
12455	3.92687747
12456	3.922772277
12457	3.921104536
12458	3.92800789
12459	3.927936821
12460	3.933663366
12461	3.942631058
12462	3.949604743
12463	3.949554896
12464	3.954455446
12465	3.947628458
12466	3.95270936
12467	3.954500495
12468	3.954455446
12469	3.958456973
12470	3.954455446
12471	3.957425743
12472	3.961386139
12473	3.954455446
12474	3.941871921
12475	3.94950495
12476	3.949554896
12477	3.954410307
12478	3.945705824
12479	3.948616601
12480	3.945544554
12481	3.943452381
12482	3.945382324
12483	3.942631058
12484	3.954228856
12485	3.947628458
12486	3.946428571
12487	3.95734127
12488	3.965174129
12489	3.96222664
12490	3.959163347
12491	3.96222664
12492	3.962189055
12493	3.962113659
12494	3.969030969
12495	3.961232604
12496	3.966101695
12497	3.971057884
12498	3.965174129
12499	3.971
12500	3.961309524
12501	3.968031968
12502	3.968159204
12503	3.967229394
12504	3.961347869
12505	3.969092722
12506	3.961232604
12507	3.95920398
12508	3.960278054
12509	3.95920398
12510	3.950396825
12511	3.945382324
12512	3.948103792
12513	3.946268657
12514	3.953187251
12515	3.945490585
12516	3.945598417
12517	3.946428571
12518	3.932872655
12519	3.933597621
12520	3.937623762
12521	3.939544103
12522	3.94333996
12523	3.93960396
12524	3.943170489
12525	3.943396226
12526	3.938613861
12527	3.938735178
12528	3.939663699
12529	3.94836147
12530	3.948103792
12531	3.950950951
12532	3.947947948
12533	3.943170489
12534	3.943227092
12535	3.940239044
12536	3.937188435
12537	3.938185444
12538	3.938553023
12539	3.942460317
12540	3.950199203
12541	3.949354518
12542	3.952238806
12543	3.958083832
12544	3.96111665
12545	3.952333664
12546	3.95531281
12547	3.954319762
12548	3.952333664
12549	3.953373016
12550	3.95721393
12551	3.948463826
12552	3.950445986
12553	3.94950495
12554	3.953280318
12555	3.946534653
12556	3.939842209
12557	3.951485149
12558	3.951388889
12559	3.958250497
12560	3.951485149
12561	3.955401388
12562	3.959285005
12563	3.957383548
12564	3.965208748
12565	3.966269841
12566	3.958333333
12567	3.961424332
12568	3.96333003
12569	3.959446093
12570	3.956521739
12571	3.953511375
12572	3.954455446
12573	3.958374628
12574	3.957256461
12575	3.955489614
12576	3.954455446
12577	3.956435644
12578	3.960278054
12579	3.965208748
12580	3.969154229
12581	3.966236346
12582	3.964250248
12583	3.966236346
12584	3.97310757
12585	3.969215492
12586	3.968190855
12587	3.961347869
12588	3.962301587
12589	3.965243297
12590	3.963293651
12591	3.962338949
12592	3.965208748
12593	3.961309524
12594	3.956349206
12595	3.963293651
12596	3.963366337
12597	3.965346535
12598	3.957551826
12599	3.959405941
12600	3.956478734
12601	3.959446093
12602	3.961309524
12603	3.959365709
12604	3.957425743
12605	3.952522255
12606	3.958415842
12607	3.959405941
12608	3.954679803
12609	3.953557312
12610	3.950690335
12611	3.955577493
12612	3.956564659
12613	3.955665025
12614	3.958538993
12615	3.957593688
12616	3.95270936
12617	3.955665025
12618	3.955665025
12619	3.959566075
12620	3.952894995
12621	3.957593688
12622	3.957677165
12623	3.958702065
12624	3.956735497
12625	3.960668633
12626	3.959685349
12627	3.957677165
12628	3.952848723
12629	3.944936087
12630	3.948768473
12631	3.947885939
12632	3.952615992
12633	3.943897638
12634	3.938053097
12635	3.930460333
12636	3.941986234
12637	3.939096267
12638	3.941929134
12639	3.945812808
12640	3.947628458
12641	3.948667325
12642	3.953694581
12643	3.955577493
12644	3.953648915
12645	3.950690335
12646	3.94100295
12647	3.939096267
12648	3.947731755
12649	3.949704142
12650	3.954679803
12651	3.956650246
12652	3.957635468
12653	3.958579882
12654	3.954635108
12655	3.956607495
12656	3.951771654
12657	3.947937132
12658	3.95270936
12659	3.951771654
12660	3.95270936
12661	3.951676529
12662	3.950641658
12663	3.95256917
12664	3.938976378
12665	3.942687747
12666	3.944773176
12667	3.947628458
12668	3.947576657
12669	3.943731491
12670	3.94076999
12671	3.937007874
12672	3.939096267
12673	3.942969518
12674	3.947885939
12675	3.944990177
12676	3.946745562
12677	3.94488189
12678	3.943952802
12679	3.94679803
12680	3.942744324
12681	3.93780849
12682	3.93960396
12683	3.931750742
12684	3.930761622
12685	3.934911243
12686	3.943508424
12687	3.951485149
12688	3.945598417
12689	3.947420635
12690	3.948514851
12691	3.946534653
12692	3.944664032
12693	3.945866142
12694	3.952522255
12695	3.950690335
12696	3.957467854
12697	3.950641658
12698	3.953557312
12699	3.953603159
12700	3.954635108
12701	3.960435213
12702	3.961462451
12703	3.968379447
12704	3.965483235
12705	3.967326733
12706	3.960356789
12707	3.955533597
12708	3.958415842
12709	3.954590326
12710	3.959486166
12711	3.953785644
12712	3.958702065
12713	3.959605911
12714	3.958661417
12715	3.957635468
12716	3.959645669
12717	3.957677165
12718	3.955795678
12719	3.956777996
12720	3.963582677
12721	3.962561576
12722	3.966469428
12723	3.959605911
12724	3.96453202
12725	3.962524655
12726	3.960552268
12727	3.961576355
12728	3.966436328
12729	3.960591133
12730	3.960591133
12731	3.95256917
12732	3.951724138
12733	3.943842365
12734	3.94100295
12735	3.946534653
12736	3.950544016
12737	3.947680158
12738	3.948667325
12739	3.95049505
12740	3.949654492
12741	3.958538993
12742	3.955577493
12743	3.946640316
12744	3.946692991
12745	3.955445545
12746	3.947524752
12747	3.938856016
12748	3.949304175
12749	3.946268657
12750	3.947105788
12751	3.939363817
12752	3.949253731
12753	3.953326713
12754	3.941526264
12755	3.936633663
12756	3.943452381
12757	3.934588702
12758	3.934588702
12759	3.920948617
12760	3.915841584
12761	3.918489066
12762	3.915841584
12763	3.912957468
12764	3.921314741
12765	3.925373134
12766	3.926441352
12767	3.923535253
12768	3.923153693
12769	3.924924925
12770	3.916083916
12771	3.919
12772	3.924075924
12773	3.924075924
12774	3.91857001
12775	3.91980198
12776	3.921782178
12777	3.92445328
12778	3.915674603
12779	3.926441352
12780	3.9222333
12781	3.932932933
12782	3.939
12783	3.93993994
12784	3.935064935
12785	3.932135729
12786	3.927
12787	3.937
12788	3.939060939
12789	3.937062937
12790	3.94005994
12791	3.938369781
12792	3.952047952
12793	3.946107784
12794	3.949050949
12795	3.940179462
12796	3.945219124
12797	3.938553023
12798	3.93669634
12799	3.94217348
12800	3.952143569
12801	3.942460317
12802	3.945382324
12803	3.949404762
12804	3.947576657
12805	3.945598417
12806	3.93972332
12807	3.938856016
12808	3.941584158
12809	3.947420635
12810	3.951292247
12811	3.949304175
12812	3.943564356
12813	3.943396226
12814	3.952143569
12815	3.944499504
12816	3.93768546
12817	3.93780849
12818	3.935897436
12819	3.946587537
12820	3.941699605
12821	3.944609298
12822	3.95256917
12823	3.949654492
12824	3.955533597
12825	3.954500495
12826	3.962376238
12827	3.957509881
12828	3.957467854
12829	3.954545455
12830	3.958456973
12831	3.955533597
12832	3.950690335
12833	3.947834646
12834	3.949753695
