0.000571755	1	0.999428571
0.001143511	0.999613443	0.998857469
0.001715266	0.997428063	0.998286694
0.002287021	0.996891073	0.997716244
0.002858776	0.996652539	0.997146121
0.003430532	0.990466455	0.996576323
0.004002287	0.989654523	0.996006851
0.004574042	0.987765039	0.995437704
0.005145798	0.98730318	0.994868882
0.005717553	0.984991091	0.994300386
0.006289308	0.984798803	0.993732214
0.006861063	0.983241287	0.993164367
0.007432819	0.981956155	0.992596845
0.008004574	0.981789186	0.992029646
0.008576329	0.980929124	0.991462772
0.009148085	0.980083027	0.990896222
0.00971984	0.977050293	0.990329996
0.010291595	0.975159669	0.989764093
0.01086335	0.974882194	0.989198513
0.011435106	0.973802797	0.988633257
0.012006861	0.971918311	0.988068324
0.012578616	0.971849895	0.987503713
0.013150372	0.971440827	0.986939426
0.013722127	0.97032747	0.98637546
0.014293882	0.969748555	0.985811817
0.014865638	0.966012101	0.985248496
0.015437393	0.963241811	0.984685497
0.016009148	0.959681017	0.984122819
0.016580903	0.957439286	0.983560464
0.017152659	0.957086419	0.982998429
0.017724414	0.956900983	0.982436716
0.018296169	0.943502124	0.981875323
0.018867925	0.941285705	0.981314252
0.01943968	0.937612559	0.980753501
0.020011435	0.931575554	0.98019307
0.02058319	0.929221642	0.97963296
0.021154946	0.928779233	0.979073169
0.021726701	0.92851633	0.978513699
0.022298456	0.926082578	0.977954548
0.022870212	0.924535391	0.977395717
0.023441967	0.921805202	0.976837205
0.024013722	0.920372105	0.976279013
0.024585477	0.920120401	0.975721139
0.025157233	0.919673263	0.975163584
0.025728988	0.919039334	0.974606348
0.026300743	0.918961351	0.97404943
0.026872499	0.918797949	0.97349283
0.027444254	0.918583322	0.972936549
0.028016009	0.918526393	0.972380585
0.028587764	0.915521825	0.971824939
0.02915952	0.913812016	0.97126961
0.029731275	0.913678597	0.970714599
0.03030303	0.913213514	0.970159905
0.030874786	0.913035687	0.969605528
0.031446541	0.912493357	0.969051468
0.032018296	0.904075702	0.968497724
0.032590051	0.896900291	0.967944297
0.033161807	0.893006118	0.967391186
0.033733562	0.890689772	0.966838391
0.034305317	0.890210154	0.966285911
0.034877073	0.890008147	0.965733748
0.035448828	0.889439132	0.9651819
0.036020583	0.887458547	0.964630368
0.036592338	0.885905893	0.96407915
0.037164094	0.88499686	0.963528248
0.037735849	0.88479808	0.96297766
0.038307604	0.883597017	0.962427387
0.03887936	0.882672689	0.961877429
0.039451115	0.881785185	0.961327785
0.04002287	0.880035509	0.960778455
0.040594626	0.878699978	0.960229438
0.041166381	0.872651984	0.959680736
0.041738136	0.862956659	0.959132347
0.042309891	0.862490106	0.958584271
0.042881647	0.861597032	0.958036509
0.043453402	0.861038802	0.957489059
0.044025157	0.860464603	0.956941923
0.044596913	0.856176413	0.956395099
0.045168668	0.854157607	0.955848587
0.045740423	0.853189361	0.955302388
0.046312178	0.853106095	0.954756501
0.046883934	0.851758374	0.954210926
0.047455689	0.850764523	0.953665662
0.048027444	0.84831653	0.953120711
0.0485992	0.848072893	0.95257607
0.049170955	0.845807871	0.952031741
0.04974271	0.845353699	0.951487723
0.050314465	0.8442096	0.950944016
0.050886221	0.843309275	0.950400619
0.051457976	0.843262513	0.949857533
0.052029731	0.84148134	0.949314757
0.052601487	0.840799862	0.948772292
0.053173242	0.836091435	0.948230136
0.053744997	0.834926984	0.94768829
0.054316752	0.830906695	0.947146754
0.054888508	0.828323564	0.946605527
0.055460263	0.820857407	0.94606461
0.056032018	0.820267842	0.945524002
0.056603774	0.820236351	0.944983702
0.057175529	0.815147744	0.944443712
0.057747284	0.811820983	0.943904029
0.058319039	0.811726574	0.943364656
0.058890795	0.811261853	0.94282559
0.05946255	0.808543244	0.942286833
0.060034305	0.807882748	0.941748383
0.060606061	0.806888585	0.941210241
0.061177816	0.805215061	0.940672407
0.061749571	0.804578192	0.94013488
0.062321326	0.802745221	0.93959766
0.062893082	0.798170442	0.939060747
0.063464837	0.795475959	0.938524141
0.064036592	0.79471156	0.937987841
0.064608348	0.787962175	0.937451848
0.065180103	0.78584814	0.936916161
0.065751858	0.785824089	0.936380781
0.066323613	0.785545349	0.935845706
0.066895369	0.77765412	0.935310937
0.067467124	0.776257434	0.934776473
0.068038879	0.76845942	0.934242315
0.068610635	0.768172988	0.933708463
0.06918239	0.768069528	0.933174915
0.069754145	0.768026647	0.932641672
0.070325901	0.767047655	0.932108734
0.070897656	0.766560713	0.931576101
0.071469411	0.758257521	0.931043771
0.072041166	0.758064004	0.930511746
0.072612922	0.757320894	0.929980025
0.073184677	0.755277472	0.929448608
0.073756432	0.754924373	0.928917495
0.074328188	0.752383955	0.928386685
0.074899943	0.751948877	0.927856178
0.075471698	0.745909533	0.927325975
0.076043453	0.744384114	0.926796074
0.076615209	0.743170382	0.926266476
0.077186964	0.740610425	0.925737181
0.077758719	0.740497485	0.925208188
0.078330475	0.739613713	0.924679498
0.07890223	0.737608328	0.92415111
0.079473985	0.735745065	0.923623023
0.08004574	0.73216965	0.923095239
0.080617496	0.732165207	0.922567756
0.081189251	0.729648928	0.922040574
0.081761006	0.728495086	0.921513694
0.082332762	0.71950736	0.920987115
0.082904517	0.718761288	0.920460836
0.083476272	0.718541339	0.919934859
0.084048027	0.713986495	0.919409182
0.084619783	0.713984355	0.918883805
0.085191538	0.712554634	0.918358728
0.085763293	0.712497376	0.917833952
0.086335049	0.70514179	0.917309476
0.086906804	0.700307405	0.916785299
0.087478559	0.700274335	0.916261421
0.088050314	0.699429148	0.915737843
0.08862207	0.698486045	0.915214565
0.089193825	0.697537667	0.914691585
0.08976558	0.697049683	0.914168904
0.090337336	0.694399804	0.913646522
0.090909091	0.693319293	0.913124438
0.091480846	0.691641681	0.912602653
0.092052601	0.691394957	0.912081165
0.092624357	0.69068876	0.911559976
0.093196112	0.685288116	0.911039085
0.093767867	0.685221238	0.910518491
0.094339623	0.684595848	0.909998195
0.094911378	0.682119335	0.909478196
0.095483133	0.680238847	0.908958494
0.096054889	0.679140706	0.908439089
0.096626644	0.677794399	0.907919981
0.097198399	0.672794071	0.90740117
0.097770154	0.672233522	0.906882655
0.09834191	0.670119508	0.906364436
0.098913665	0.667204124	0.905846513
0.09948542	0.667170719	0.905328887
0.100057176	0.666983602	0.904811556
0.100628931	0.663347882	0.904294521
0.101200686	0.663099097	0.903777781
0.101772441	0.662837724	0.903261337
0.102344197	0.661926339	0.902745187
0.102915952	0.66136409	0.902229333
0.103487707	0.661359314	0.901713773
0.104059463	0.655621642	0.901198508
0.104631218	0.652531874	0.900683538
0.105202973	0.65110028	0.900168861
0.105774728	0.651068186	0.899654479
0.106346484	0.650250953	0.899140391
0.106918239	0.649732071	0.898626596
0.107489994	0.648688681	0.898113096
0.10806175	0.644417386	0.897599888
0.108633505	0.644069346	0.897086974
0.10920526	0.641039423	0.896574353
0.109777015	0.639167666	0.896062025
0.110348771	0.638691901	0.895549989
0.110920526	0.638617697	0.895038246
0.111492281	0.638032998	0.894526796
0.112064037	0.636617028	0.894015638
0.112635792	0.636534096	0.893504772
0.113207547	0.635005611	0.892994197
0.113779302	0.634831658	0.892483915
0.114351058	0.634556759	0.891973924
0.114922813	0.633833232	0.891464225
0.115494568	0.630109023	0.890954817
0.116066324	0.623753709	0.8904457
0.116638079	0.62158317	0.889936874
0.117209834	0.618818997	0.889428338
0.117781589	0.61858166	0.888920093
0.118353345	0.617718891	0.888412139
0.1189251	0.615093014	0.887904475
0.119496855	0.614676942	0.887397101
0.120068611	0.614358398	0.886890017
0.120640366	0.614199944	0.886383223
0.121212121	0.611618028	0.885876718
0.121783877	0.611583229	0.885370503
0.122355632	0.610833145	0.884864577
0.122927387	0.609226438	0.88435894
0.123499142	0.608823667	0.883853592
0.124070898	0.608369274	0.883348533
0.124642653	0.606403965	0.882843762
0.125214408	0.599509558	0.88233928
0.125786164	0.599391189	0.881835086
0.126357919	0.598410543	0.88133118
0.126929674	0.595652235	0.880827562
0.127501429	0.595622447	0.880324232
0.128073185	0.595095472	0.87982119
0.12864494	0.593034061	0.879318435
0.129216695	0.591917062	0.878815967
0.129788451	0.590651375	0.878313787
0.130360206	0.588302977	0.877811893
0.130931961	0.585730491	0.877310286
0.131503716	0.585040339	0.876808966
0.132075472	0.581457072	0.876307933
0.132647227	0.580911006	0.875807185
0.133218982	0.579979894	0.875306724
0.133790738	0.579067605	0.874806549
0.134362493	0.57820304	0.874306659
0.134934248	0.571915459	0.873807055
0.135506003	0.571774882	0.873307737
0.136077759	0.566480707	0.872808704
0.136649514	0.56622279	0.872309956
0.137221269	0.565575857	0.871811493
0.137793025	0.565271486	0.871313315
0.13836478	0.564805771	0.870815422
0.138936535	0.564260908	0.870317813
0.13950829	0.563356175	0.869820489
0.140080046	0.56311934	0.869323449
0.140651801	0.561971821	0.868826692
0.141223556	0.560620847	0.86833022
0.141795312	0.560241856	0.867834031
0.142367067	0.559421469	0.867338126
0.142938822	0.559404577	0.866842504
0.143510577	0.559245662	0.866347166
0.144082333	0.559112233	0.86585211
0.144654088	0.55895213	0.865357337
0.145225843	0.551641293	0.864862848
0.145797599	0.551377783	0.86436864
0.146369354	0.550722255	0.863874715
0.146941109	0.544823051	0.863381073
0.147512864	0.544034465	0.862887712
0.14808462	0.542586954	0.862394633
0.148656375	0.542453505	0.861901836
0.14922813	0.542315893	0.861409321
0.149799886	0.541597504	0.860917087
0.150371641	0.539062957	0.860425135
0.150943396	0.538305133	0.859933463
0.151515152	0.536081768	0.859442072
0.152086907	0.532051138	0.858950963
0.152658662	0.53196084	0.858460134
0.153230417	0.531058058	0.857969585
0.153802173	0.529819731	0.857479317
0.154373928	0.526727276	0.856989328
0.154945683	0.52584922	0.85649962
0.155517439	0.525399675	0.856010192
0.156089194	0.525256282	0.855521043
0.156660949	0.525128768	0.855032174
0.157232704	0.52441766	0.854543584
0.15780446	0.521868818	0.854055274
0.158376215	0.518846437	0.853567242
0.15894797	0.514138861	0.853079489
0.159519726	0.51150838	0.852592015
0.160091481	0.508385683	0.85210482
0.160663236	0.507201033	0.851617903
0.161234991	0.50688145	0.851131264
0.161806747	0.506826377	0.850644903
0.162378502	0.506431772	0.850158821
0.162950257	0.504499815	0.849673015
0.163522013	0.503473897	0.849187488
0.164093768	0.503399463	0.848702238
0.164665523	0.502737381	0.848217265
0.165237278	0.50198301	0.84773257
0.165809034	0.500763445	0.847248151
0.166380789	0.499720751	0.846764009
0.166952544	0.499262104	0.846280144
0.1675243	0.499200826	0.845796556
0.168096055	0.497488203	0.845313243
0.16866781	0.490979612	0.844830207
0.169239565	0.486982414	0.844347447
0.169811321	0.485855946	0.843864963
0.170383076	0.48515641	0.843382754
0.170954831	0.484918281	0.842900821
0.171526587	0.483247344	0.842419164
0.172098342	0.481369201	0.841937781
0.172670097	0.48119814	0.841456674
0.173241852	0.480954424	0.840975841
0.173813608	0.479420178	0.840495284
0.174385363	0.479287631	0.840015001
0.174957118	0.478024854	0.839534992
0.175528874	0.477477885	0.839055258
0.176100629	0.477335147	0.838575798
0.176672384	0.477270635	0.838096612
0.17724414	0.476156729	0.837617699
0.177815895	0.473611566	0.837139061
0.17838765	0.472876303	0.836660695
0.178959405	0.469222589	0.836182604
0.179531161	0.46899029	0.835704785
0.180102916	0.467128708	0.835227239
0.180674671	0.467100725	0.834749967
0.181246427	0.466060464	0.834272967
0.181818182	0.465532198	0.833796239
0.182389937	0.464577952	0.833319784
0.182961692	0.462380175	0.832843602
0.183533448	0.461655458	0.832367691
0.184105203	0.461599754	0.831892052
0.184676958	0.458257114	0.831416685
0.185248714	0.457150369	0.83094159
0.185820469	0.456355006	0.830466766
0.186392224	0.45324851	0.829992214
0.186963979	0.452806764	0.829517933
0.187535735	0.451240008	0.829043922
0.18810749	0.449200554	0.828570183
0.188679245	0.449045866	0.828096714
0.189251001	0.448927782	0.827623516
0.189822756	0.448734359	0.827150588
0.190394511	0.448332077	0.826677931
0.190966266	0.44825306	0.826205544
0.191538022	0.448244272	0.825733426
0.192109777	0.445520404	0.825261579
0.192681532	0.44216166	0.82479
0.193253288	0.441492779	0.824318692
0.193825043	0.438883845	0.823847653
0.194396798	0.438804443	0.823376883
0.194968553	0.438529564	0.822906381
0.195540309	0.437784835	0.822436149
0.196112064	0.436999376	0.821966186
0.196683819	0.436985493	0.821496491
0.197255575	0.436165835	0.821027064
0.19782733	0.434804717	0.820557906
0.198399085	0.434669855	0.820089016
0.19897084	0.434533764	0.819620393
0.199542596	0.434253032	0.819152039
0.200114351	0.433313273	0.818683952
0.200686106	0.432951906	0.818216133
0.201257862	0.430898923	0.81774858
0.201829617	0.43009018	0.817281296
0.202401372	0.429486014	0.816814278
0.202973128	0.428472146	0.816347527
0.203544883	0.425917675	0.815881042
0.204116638	0.419654491	0.815414825
0.204688393	0.418612832	0.814948873
0.205260149	0.418131923	0.814483188
0.205831904	0.417217748	0.814017769
0.206403659	0.416079694	0.813552616
0.206975415	0.412386338	0.813087729
0.20754717	0.409060529	0.812623108
0.208118925	0.408954659	0.812158751
0.20869068	0.408470707	0.811694661
0.209262436	0.406797012	0.811230835
0.209834191	0.406601178	0.810767275
0.210405946	0.406567698	0.810303979
0.210977702	0.406222012	0.809840948
0.211549457	0.404180882	0.809378182
0.212121212	0.404002944	0.80891568
0.212692967	0.403180301	0.808453443
0.213264723	0.402090118	0.807991469
0.213836478	0.401099181	0.80752976
0.214408233	0.400601893	0.807068314
0.214979989	0.399999729	0.806607132
0.215551744	0.398693371	0.806146214
0.216123499	0.398621835	0.805685559
0.216695254	0.397859903	0.805225167
0.21726701	0.396913095	0.804765039
0.217838765	0.395986076	0.804305173
0.21841052	0.395957256	0.80384557
0.218982276	0.394837359	0.80338623
0.219554031	0.394801126	0.802927152
0.220125786	0.393397271	0.802468336
0.220697541	0.393032698	0.802009783
0.221269297	0.392386857	0.801551492
0.221841052	0.391859451	0.801093462
0.222412807	0.391202079	0.800635695
0.222984563	0.390307018	0.800178188
0.223556318	0.39008513	0.799720944
0.224128073	0.389476613	0.79926396
0.224699828	0.388804378	0.798807238
0.225271584	0.38879691	0.798350777
0.225843339	0.386136116	0.797894576
0.226415094	0.385879099	0.797438637
0.22698685	0.385239168	0.796982957
0.227558605	0.384841683	0.796527539
0.22813036	0.382855755	0.79607238
0.228702115	0.381394498	0.795617481
0.229273871	0.381327485	0.795162843
0.229845626	0.378426606	0.794708464
0.230417381	0.378242476	0.794254345
0.230989137	0.377687235	0.793800485
0.231560892	0.377636902	0.793346885
0.232132647	0.377625961	0.792893544
0.232704403	0.377389476	0.792440462
0.233276158	0.376282158	0.791987639
0.233847913	0.35963209	0.791535075
0.234419668	0.35946863	0.791082769
0.234991424	0.358921061	0.790630721
0.235563179	0.358739046	0.790178932
0.236134934	0.35835712	0.789727402
0.23670669	0.35770968	0.789276129
0.237278445	0.357675493	0.788825114
0.2378502	0.356428327	0.788374357
0.238421955	0.352286502	0.787923857
0.238993711	0.349258208	0.787473615
0.239565466	0.347668037	0.78702363
0.240137221	0.347529474	0.786573902
0.240708977	0.346345877	0.786124431
0.241280732	0.344395426	0.785675217
0.241852487	0.343873542	0.78522626
0.242424242	0.343125387	0.784777559
0.242995998	0.343098743	0.784329115
0.243567753	0.342770454	0.783880927
0.244139508	0.342230379	0.783432995
0.244711264	0.341270908	0.782985319
0.245283019	0.340562148	0.782537899
0.245854774	0.339284376	0.782090734
0.246426529	0.337593912	0.781643825
0.246998285	0.336527643	0.781197172
0.24757004	0.336152779	0.780750773
0.248141795	0.332856301	0.78030463
0.248713551	0.332805915	0.779858742
0.249285306	0.332734018	0.779413108
0.249857061	0.332452477	0.778967729
0.250428816	0.332176366	0.778522605
0.251000572	0.332070445	0.778077735
0.251572327	0.32994547	0.777633119
0.252144082	0.329513763	0.777188757
0.252715838	0.327623126	0.776744649
0.253287593	0.327585681	0.776300795
0.253859348	0.327538342	0.775857195
0.254431103	0.327356078	0.775413848
0.255002859	0.32702759	0.774970754
0.255574614	0.326715895	0.774527914
0.256146369	0.326658087	0.774085326
0.256718125	0.326470613	0.773642992
0.25728988	0.326392154	0.77320091
0.257861635	0.324843901	0.772759081
0.258433391	0.324539744	0.772317504
0.259005146	0.323653269	0.77187618
0.259576901	0.323597587	0.771435108
0.260148656	0.320826291	0.770994288
0.260720412	0.320320412	0.77055372
0.261292167	0.319376567	0.770113403
0.261863922	0.317519525	0.769673339
0.262435678	0.317501365	0.769233525
0.263007433	0.317306805	0.768793963
0.263579188	0.313653867	0.768354652
0.264150943	0.313388517	0.767915593
0.264722699	0.312592192	0.767476784
0.265294454	0.312482616	0.767038226
0.265866209	0.309811806	0.766599918
0.266437965	0.309470775	0.766161861
0.26700972	0.309346512	0.765724054
0.267581475	0.307775672	0.765286498
0.26815323	0.307695408	0.764849191
0.268724986	0.306613572	0.764412134
0.269296741	0.30551123	0.763975327
0.269868496	0.303764454	0.76353877
0.270440252	0.294121857	0.763102462
0.271012007	0.291381364	0.762666404
0.271583762	0.291069978	0.762230594
0.272155517	0.290889357	0.761795034
0.272727273	0.290551886	0.761359722
0.273299028	0.290528706	0.76092466
0.273870783	0.289105268	0.760489846
0.274442539	0.287120013	0.76005528
0.275014294	0.2862937	0.759620963
0.275586049	0.284033171	0.759186894
0.276157804	0.280652966	0.758753072
0.27672956	0.278212275	0.758319499
0.277301315	0.277367152	0.757886174
0.27787307	0.277159466	0.757453096
0.278444826	0.276877818	0.757020266
0.279016581	0.276711117	0.756587683
0.279588336	0.275182014	0.756155347
0.280160091	0.273037109	0.755723258
0.280731847	0.272591793	0.755291416
0.281303602	0.272199466	0.754859821
0.281875357	0.271571553	0.754428473
0.282447113	0.271174435	0.753997371
0.283018868	0.271058163	0.753566515
0.283590623	0.270239157	0.753135906
0.284162379	0.269442667	0.752705542
0.284734134	0.267728682	0.752275425
0.285305889	0.267426673	0.751845553
0.285877644	0.266775042	0.751415927
0.2864494	0.26579931	0.750986547
0.287021155	0.265509414	0.750557411
0.28759291	0.263696854	0.750128521
0.288164666	0.26323883	0.749699877
0.288736421	0.26172794	0.749271477
0.289308176	0.261313054	0.748843322
0.289879931	0.260759039	0.748415411
0.290451687	0.26048055	0.747987745
0.291023442	0.259876214	0.747560324
0.291595197	0.259391519	0.747133146
0.292166953	0.258041211	0.746706213
0.292738708	0.258018865	0.746279524
0.293310463	0.257703528	0.745853078
0.293882218	0.257283153	0.745426877
0.294453974	0.256976359	0.745000918
0.295025729	0.256423115	0.744575204
0.295597484	0.256347298	0.744149732
0.29616924	0.255457903	0.743724504
0.296740995	0.25388033	0.743299518
0.29731275	0.252906385	0.742874776
0.297884505	0.250220546	0.742450276
0.298456261	0.250195376	0.742026018
0.299028016	0.250158684	0.741602003
0.299599771	0.249080067	0.741178231
0.300171527	0.248745441	0.740754701
0.300743282	0.247836123	0.740331412
0.301315037	0.246909765	0.739908366
0.301886792	0.246467628	0.739485561
0.302458548	0.244219152	0.739062998
0.303030303	0.243978281	0.738640676
0.303602058	0.243818616	0.738218596
0.304173814	0.243016312	0.737796756
0.304745569	0.243012952	0.737375158
0.305317324	0.242209163	0.736953801
0.305889079	0.241993801	0.736532684
0.306460835	0.241842012	0.736111809
0.30703259	0.241116458	0.735691173
0.307604345	0.240780496	0.735270778
0.308176101	0.240466504	0.734850624
0.308747856	0.239456216	0.734430709
0.309319611	0.237207735	0.734011034
0.309891366	0.23624879	0.733591599
0.310463122	0.235819045	0.733172404
0.311034877	0.235815461	0.732753449
0.311606632	0.234519771	0.732334732
0.312178388	0.233136139	0.731916255
0.312750143	0.232318987	0.731498017
0.313321898	0.232253746	0.731080019
0.313893654	0.232250258	0.730662259
0.314465409	0.231926578	0.730244737
0.315037164	0.231774148	0.729827455
0.315608919	0.23036351	0.72941041
0.316180675	0.230231713	0.728993604
0.31675243	0.228852534	0.728577037
0.317324185	0.228849901	0.728160707
0.317895941	0.228455183	0.727744615
0.318467696	0.225047825	0.727328761
0.319039451	0.223141446	0.726913145
0.319611206	0.22302338	0.726497766
0.320182962	0.222275584	0.726082624
0.320754717	0.222075011	0.72566772
0.321326472	0.221232053	0.725253052
0.321898228	0.221148138	0.724838622
0.322469983	0.220548545	0.724424429
0.323041738	0.220413108	0.724010472
0.323613493	0.220077923	0.723596752
0.324185249	0.216753865	0.723183268
0.324757004	0.216303856	0.72277002
0.325328759	0.216120048	0.722357009
0.325900515	0.216102074	0.721944233
0.32647227	0.216085236	0.721531694
0.327044025	0.21567532	0.72111939
0.32761578	0.215027866	0.720707322
0.328187536	0.214801029	0.720295489
0.328759291	0.214721542	0.719883891
0.329331046	0.214228157	0.719472529
0.329902802	0.211638834	0.719061402
0.330474557	0.211507806	0.71865051
0.331046312	0.208699254	0.718239852
0.331618067	0.205248526	0.71782943
0.332189823	0.203799259	0.717419241
0.332761578	0.20374734	0.717009287
0.333333333	0.203602386	0.716599568
0.333905089	0.203137738	0.716190082
0.334476844	0.196964027	0.715780831
0.335048599	0.19692293	0.715371813
0.335620354	0.196835713	0.714963029
0.33619211	0.196653485	0.714554479
0.336763865	0.194324714	0.714146162
0.33733562	0.191494524	0.713738079
0.337907376	0.190405688	0.713330228
0.338479131	0.190385972	0.712922611
0.339050886	0.188889468	0.712515227
0.339622642	0.188638128	0.712108075
0.340194397	0.188214025	0.711701156
0.340766152	0.187400783	0.71129447
0.341337907	0.18727563	0.710888016
0.341909663	0.186557543	0.710481794
0.342481418	0.18611109	0.710075805
0.343053173	0.186003736	0.709670047
0.343624929	0.185887825	0.709264521
0.344196684	0.185230474	0.708859227
0.344768439	0.184573859	0.708454165
0.345340194	0.184295697	0.708049334
0.34591195	0.18405891	0.707644734
0.346483705	0.183330458	0.707240366
0.34705546	0.183005392	0.706836229
0.347627216	0.177999632	0.706432322
0.348198971	0.177801865	0.706028647
0.348770726	0.175479354	0.705625202
0.349342481	0.175380278	0.705221987
0.349914237	0.175185679	0.704819003
0.350485992	0.174830236	0.704416249
0.351057747	0.174224236	0.704013726
0.351629503	0.17271174	0.703611432
0.352201258	0.172431559	0.703209369
0.352773013	0.172028291	0.702807535
0.353344768	0.171616607	0.70240593
0.353916524	0.170781475	0.702004556
0.354488279	0.170604893	0.70160341
0.355060034	0.169623841	0.701202494
0.35563179	0.169089313	0.700801807
0.356203545	0.167624843	0.700401349
0.3567753	0.167357351	0.700001119
0.357347055	0.167300341	0.699601119
0.357918811	0.166887557	0.699201347
0.358490566	0.165937535	0.698801803
0.359062321	0.165904624	0.698402488
0.359634077	0.165712363	0.698003401
0.360205832	0.165566222	0.697604541
0.360777587	0.165559648	0.69720591
0.361349342	0.165529419	0.696807507
0.361921098	0.164713047	0.696409331
0.362492853	0.164611817	0.696011383
0.363064608	0.16029627	0.695613662
0.363636364	0.160095975	0.695216169
0.364208119	0.159751326	0.694818902
0.364779874	0.158591387	0.694421863
0.36535163	0.157595051	0.69402505
0.365923385	0.156422233	0.693628465
0.36649514	0.156400252	0.693232106
0.367066895	0.156318808	0.692835973
0.367638651	0.154904085	0.692440067
0.368210406	0.154891813	0.692044387
0.368782161	0.153950231	0.691648933
0.369353917	0.15350728	0.691253705
0.369925672	0.153424746	0.690858703
0.370497427	0.153405899	0.690463926
0.371069182	0.153086978	0.690069375
0.371640938	0.153075743	0.68967505
0.372212693	0.152175786	0.68928095
0.372784448	0.151684334	0.688887075
0.373356204	0.151540425	0.688493425
0.373927959	0.151477163	0.688100001
0.374499714	0.151358027	0.687706801
0.375071469	0.150748631	0.687313825
0.375643225	0.150612555	0.686921075
0.37621498	0.149960496	0.686528548
0.376786735	0.149722892	0.686136246
0.377358491	0.149071181	0.685744168
0.377930246	0.149028737	0.685352314
0.378502001	0.148556855	0.684960685
0.379073756	0.147748417	0.684569278
0.379645512	0.146761881	0.684178096
0.380217267	0.146514704	0.683787137
0.380789022	0.14586124	0.683396402
0.381360778	0.145204608	0.683005889
0.381932533	0.144725121	0.6826156
0.382504288	0.144144048	0.682225534
0.383076043	0.144141263	0.681835691
0.383647799	0.143971275	0.681446071
0.384219554	0.143291898	0.681056673
0.384791309	0.142557227	0.680667498
0.385363065	0.142438625	0.680278545
0.38593482	0.142108704	0.679889814
0.386506575	0.141079201	0.679501306
0.38707833	0.140755623	0.679113019
0.387650086	0.139839347	0.678724955
0.388221841	0.139799825	0.678337112
0.388793596	0.139776113	0.677949491
0.389365352	0.139522475	0.677562091
0.389937107	0.139189112	0.677174913
0.390508862	0.138514674	0.676787956
0.391080617	0.137756207	0.67640122
0.391652373	0.137459986	0.676014705
0.392224128	0.137332897	0.67562841
0.392795883	0.13728347	0.675242337
0.393367639	0.13719535	0.674856484
0.393939394	0.137191946	0.674470852
0.394511149	0.136969631	0.67408544
0.395082905	0.136855331	0.673700248
0.39565466	0.136372708	0.673315277
0.396226415	0.135191117	0.672930525
0.39679817	0.134995392	0.672545994
0.397369926	0.133733056	0.672161682
0.397941681	0.133549618	0.671777589
0.398513436	0.133092824	0.671393716
0.399085192	0.132922475	0.671010063
0.399656947	0.132405307	0.670626628
0.400228702	0.132167453	0.670243413
0.400800457	0.132070459	0.669860417
0.401372213	0.132036321	0.66947764
0.401943968	0.131792233	0.669095081
0.402515723	0.131362369	0.668712741
0.403087479	0.131320867	0.668330619
0.403659234	0.129774959	0.667948716
0.404230989	0.129736167	0.667567031
0.404802744	0.129656762	0.667185564
0.4053745	0.129384675	0.666804315
0.405946255	0.129347756	0.666423284
0.40651801	0.125698291	0.666042471
0.407089766	0.125630642	0.665661875
0.407661521	0.12528432	0.665281497
0.408233276	0.125260156	0.664901336
0.408805031	0.12510106	0.664521393
0.409376787	0.124659267	0.664141666
0.409948542	0.124338252	0.663762157
0.410520297	0.124281567	0.663382864
0.411092053	0.124263672	0.663003788
0.411663808	0.123620089	0.662624929
0.412235563	0.122903352	0.662246286
0.412807318	0.122839452	0.661867859
0.413379074	0.122787113	0.661489649
0.413950829	0.122371359	0.661111655
0.414522584	0.122348415	0.660733877
0.41509434	0.122116341	0.660356315
0.415666095	0.121905906	0.659978968
0.41623785	0.121656376	0.659601838
0.416809605	0.121087382	0.659224922
0.417381361	0.121086347	0.658848222
0.417953116	0.120912199	0.658471738
0.418524871	0.120511383	0.658095468
0.419096627	0.119727892	0.657719413
0.419668382	0.119678733	0.657343574
0.420240137	0.1190555	0.656967949
0.420811893	0.118954671	0.656592539
0.421383648	0.11879482	0.656217343
0.421955403	0.118697662	0.655842362
0.422527158	0.118660889	0.655467594
0.423098914	0.118659408	0.655093042
0.423670669	0.118543269	0.654718703
0.424242424	0.118409663	0.654344578
0.42481418	0.11829694	0.653970667
0.425385935	0.118016387	0.653596969
0.42595769	0.117912903	0.653223485
0.426529445	0.117902582	0.652850214
0.427101201	0.117543394	0.652477157
0.427672956	0.116534694	0.652104313
0.428244711	0.116518435	0.651731682
0.428816467	0.116416439	0.651359264
0.429388222	0.116377915	0.650987059
0.429959977	0.116342708	0.650615066
0.430531732	0.115875901	0.650243286
0.431103488	0.115176772	0.649871718
0.431675243	0.11449049	0.649500363
0.432246998	0.114414036	0.64912922
0.432818754	0.114259785	0.648758289
0.433390509	0.113910631	0.64838757
0.433962264	0.113850427	0.648017063
0.434534019	0.113794693	0.647646767
0.435105775	0.113702285	0.647276684
0.43567753	0.113573611	0.646906811
0.436249285	0.113348941	0.64653715
0.436821041	0.113200495	0.6461677
0.437392796	0.112934256	0.645798462
0.437964551	0.112376578	0.645429434
0.438536306	0.112373394	0.645060617
0.439108062	0.111576735	0.644692011
0.439679817	0.111570381	0.644323616
0.440251572	0.11138229	0.643955431
0.440823328	0.111363341	0.643587456
0.441395083	0.111358423	0.643219692
0.441966838	0.111297478	0.642852138
0.442538593	0.109359138	0.642484794
0.443110349	0.109306344	0.64211766
0.443682104	0.109207153	0.641750735
0.444253859	0.109146516	0.641384021
0.444825615	0.109094916	0.641017515
0.44539737	0.108935579	0.64065122
0.445969125	0.108919175	0.640285133
0.446540881	0.108834779	0.639919256
0.447112636	0.108737181	0.639553588
0.447684391	0.108568341	0.639188129
0.448256146	0.10827037	0.638822878
0.448827902	0.107929315	0.638457837
0.449399657	0.107307621	0.638093004
0.449971412	0.10674421	0.637728379
0.450543168	0.106315936	0.637363963
0.451114923	0.10625734	0.636999755
0.451686678	0.104892232	0.636635755
0.452258433	0.104887685	0.636271963
0.452830189	0.104851824	0.635908379
0.453401944	0.104718258	0.635545003
0.453973699	0.104611516	0.635181834
0.454545455	0.104369664	0.634818873
0.45511721	0.104363397	0.63445612
0.455688965	0.104344251	0.634093573
0.45626072	0.104017436	0.633731234
0.456832476	0.103776427	0.633369102
0.457404231	0.103701802	0.633007177
0.457975986	0.103399541	0.632645458
0.458547742	0.103296219	0.632283947
0.459119497	0.102940064	0.631922642
0.459691252	0.102704372	0.631561543
0.460263007	0.102406565	0.631200651
0.460834763	0.102121171	0.630839965
0.461406518	0.102079629	0.630479485
0.461978273	0.102070891	0.630119211
0.462550029	0.101901957	0.629759142
0.463121784	0.101635469	0.62939928
0.463693539	0.101570249	0.629039623
0.464265294	0.101549912	0.628680172
0.46483705	0.101324874	0.628320926
0.465408805	0.100667508	0.627961886
0.46598056	0.098587885	0.62760305
0.466552316	0.098581654	0.62724442
0.467124071	0.097980604	0.626885995
0.467695826	0.097895571	0.626527774
0.468267581	0.097875598	0.626169758
0.468839337	0.09669985	0.625811947
0.469411092	0.096664187	0.62545434
0.469982847	0.096612829	0.625096938
0.470554603	0.096546383	0.624739739
0.471126358	0.096519067	0.624382745
0.471698113	0.096126936	0.624025955
0.472269868	0.096033019	0.623669369
0.472841624	0.095987948	0.623312986
0.473413379	0.095942108	0.622956808
0.473985134	0.095742708	0.622600832
0.47455689	0.095722483	0.62224506
0.475128645	0.09554784	0.621889492
0.4757004	0.095323465	0.621534126
0.476272156	0.095260259	0.621178964
0.476843911	0.095084495	0.620824005
0.477415666	0.09507764	0.620469248
0.477987421	0.095063508	0.620114694
0.478559177	0.095008961	0.619760343
0.479130932	0.094991797	0.619406194
0.479702687	0.094668201	0.619052248
0.480274443	0.094659344	0.618698504
0.480846198	0.094644237	0.618344962
0.481417953	0.09461305	0.617991622
0.481989708	0.094547048	0.617638484
0.482561464	0.093996643	0.617285547
0.483133219	0.093932082	0.616932813
0.483704974	0.091546581	0.61658028
0.48427673	0.091502193	0.616227948
0.484848485	0.091491041	0.615875818
0.48542024	0.091296429	0.615523889
0.485991995	0.090816452	0.615172161
0.486563751	0.090769805	0.614820634
0.487135506	0.090509245	0.614469308
0.487707261	0.090355358	0.614118182
0.488279017	0.090293574	0.613767258
0.488850772	0.090180293	0.613416534
0.489422527	0.090162673	0.61306601
0.489994282	0.090022649	0.612715686
0.490566038	0.089996871	0.612365563
0.491137793	0.089079841	0.61201564
0.491709548	0.089057354	0.611665917
0.492281304	0.089016202	0.611316393
0.492853059	0.088958726	0.61096707
0.493424814	0.088698217	0.610617946
0.493996569	0.08799041	0.610269021
0.494568325	0.087748305	0.609920296
0.49514008	0.087745693	0.60957177
0.495711835	0.087644987	0.609223443
0.496283591	0.087602667	0.608875316
0.496855346	0.087011247	0.608527387
0.497427101	0.086948889	0.608179657
0.497998856	0.086605923	0.607832126
0.498570612	0.086574512	0.607484793
0.499142367	0.086484444	0.607137659
0.499714122	0.084714109	0.606790723
0.500285878	0.084400202	0.606443986
0.500857633	0.084369971	0.606097446
0.501429388	0.084322937	0.605751105
0.502001144	0.084320119	0.605404961
0.502572899	0.084035694	0.605059016
0.503144654	0.082911507	0.604713268
0.503716409	0.082800683	0.604367717
0.504288165	0.082794415	0.604022364
0.50485992	0.082539794	0.603677209
0.505431675	0.0825305	0.60333225
0.506003431	0.082243071	0.602987489
0.506575186	0.082158318	0.602642925
0.507146941	0.081585617	0.602298557
0.507718696	0.081321009	0.601954387
0.508290452	0.081290209	0.601610413
0.508862207	0.081169264	0.601266635
0.509433962	0.080823919	0.600923054
0.510005718	0.080755262	0.60057967
0.510577473	0.080539038	0.600236481
0.511149228	0.080269778	0.599893489
0.511720983	0.080226781	0.599550693
0.512292739	0.080097297	0.599208092
0.512864494	0.079995309	0.598865688
0.513436249	0.079612588	0.598523479
0.514008005	0.079560095	0.598181465
0.51457976	0.078274318	0.597839647
0.515151515	0.078081923	0.597498025
0.51572327	0.07797412	0.597156597
0.516295026	0.077969896	0.596815365
0.516866781	0.077073061	0.596474328
0.517438536	0.076638605	0.596133485
0.518010292	0.076544531	0.595792837
0.518582047	0.07629533	0.595452384
0.519153802	0.075904927	0.595112126
0.519725557	0.075812684	0.594772062
0.520297313	0.075638728	0.594432192
0.520869068	0.075631113	0.594092517
0.521440823	0.07538331	0.593753035
0.522012579	0.075349394	0.593413748
0.522584334	0.07496647	0.593074654
0.523156089	0.074724984	0.592735754
0.523727844	0.074518726	0.592397048
0.5242996	0.074508488	0.592058536
0.524871355	0.074405747	0.591720216
0.52544311	0.074145584	0.591382091
0.526014866	0.074054928	0.591044158
0.526586621	0.073923035	0.590706418
0.527158376	0.073920048	0.590368872
0.527730132	0.073635714	0.590031518
0.528301887	0.073514345	0.589694357
0.528873642	0.072488914	0.589357389
0.529445397	0.072255461	0.589020614
0.530017153	0.071148419	0.58868403
0.530588908	0.07103422	0.588347639
0.531160663	0.071027101	0.588011441
0.531732419	0.070484169	0.587675434
0.532304174	0.070421591	0.58733962
0.532875929	0.070231776	0.587003997
0.533447684	0.070143271	0.586668566
0.53401944	0.070112488	0.586333327
0.534591195	0.07000829	0.585998279
0.53516295	0.069962184	0.585663423
0.535734706	0.069957416	0.585328758
0.536306461	0.069105903	0.584994285
0.536878216	0.068916538	0.584660002
0.537449971	0.068875726	0.584325911
0.538021727	0.068763368	0.58399201
0.538593482	0.068235905	0.583658301
0.539165237	0.06815517	0.583324782
0.539736993	0.067981098	0.582991453
0.540308748	0.067322594	0.582658315
0.540880503	0.067316421	0.582325368
0.541452258	0.066954263	0.58199261
0.542024014	0.06692017	0.581660043
0.542595769	0.066701997	0.581327666
0.543167524	0.066599189	0.580995479
0.54373928	0.066537819	0.580663481
0.544311035	0.066518129	0.580331674
0.54488279	0.065725581	0.580000056
0.545454545	0.065388575	0.579668627
0.546026301	0.065177444	0.579337388
0.546598056	0.065014509	0.579006338
0.547169811	0.063960587	0.578675477
0.547741567	0.063903779	0.578344805
0.548313322	0.063838001	0.578014323
0.548885077	0.063555799	0.577684029
0.549456832	0.063236039	0.577353924
0.550028588	0.063020321	0.577024007
0.550600343	0.062242121	0.576694279
0.551172098	0.061903062	0.576364739
0.551743854	0.061898182	0.576035388
0.552315609	0.061861377	0.575706225
0.552887364	0.061749914	0.57537725
0.553459119	0.0615109	0.575048463
0.554030875	0.061467608	0.574719864
0.55460263	0.061405127	0.574391453
0.555174385	0.061220713	0.574063229
0.555746141	0.060849528	0.573735193
0.556317896	0.060791198	0.573407344
0.556889651	0.060785582	0.573079683
0.557461407	0.060705201	0.572752209
0.558033162	0.05999604	0.572424922
0.558604917	0.059896665	0.572097822
0.559176672	0.059861271	0.571770909
0.559748428	0.059849345	0.571444182
0.560320183	0.059844056	0.571117643
0.560891938	0.059743425	0.57079129
0.561463694	0.059607445	0.570465123
0.562035449	0.059105731	0.570139143
0.562607204	0.059090798	0.56981335
0.563178959	0.059083614	0.569487742
0.563750715	0.058930136	0.56916232
0.56432247	0.058892819	0.568837085
0.564894225	0.058866239	0.568512035
0.565465981	0.058610025	0.568187171
0.566037736	0.05860239	0.567862493
0.566609491	0.058390805	0.567538
0.567181246	0.058343985	0.567213692
0.567753002	0.05833187	0.56688957
0.568324757	0.058281029	0.566565633
0.568896512	0.057755037	0.566241882
0.569468268	0.057641794	0.565918315
0.570040023	0.057584505	0.565594933
0.570611778	0.057415418	0.565271736
0.571183533	0.057334446	0.564948723
0.571755289	0.05716419	0.564625896
0.572327044	0.056954388	0.564303252
0.572898799	0.05683946	0.563980793
0.573470555	0.056792882	0.563658518
0.57404231	0.056744075	0.563336428
0.574614065	0.056341677	0.563014521
0.57518582	0.056204364	0.562692799
0.575757576	0.056169503	0.56237126
0.576329331	0.056006879	0.562049905
0.576901086	0.055980012	0.561728734
0.577472842	0.0550336	0.561407746
0.578044597	0.054591296	0.561086941
0.578616352	0.054262197	0.56076632
0.579188107	0.054249691	0.560445882
0.579759863	0.054185192	0.560125628
0.580331618	0.054176069	0.559805556
0.580903373	0.054173683	0.559485667
0.581475129	0.053848578	0.559165961
0.582046884	0.053793761	0.558846437
0.582618639	0.053508269	0.558527097
0.583190395	0.053420757	0.558207938
0.58376215	0.053107494	0.557888962
0.584333905	0.05305818	0.557570169
0.58490566	0.052993137	0.557251557
0.585477416	0.052966432	0.556933128
0.586049171	0.052852175	0.55661488
0.586620926	0.052834155	0.556296814
0.587192682	0.052779591	0.555978931
0.587764437	0.052680907	0.555661228
0.588336192	0.052670909	0.555343708
0.588907947	0.052525996	0.555026368
0.589479703	0.052327224	0.55470921
0.590051458	0.052326556	0.554392234
0.590623213	0.052320387	0.554075438
0.591194969	0.052271532	0.553758824
0.591766724	0.052234679	0.55344239
0.592338479	0.051728322	0.553126137
0.592910234	0.051620104	0.552810065
0.59348199	0.051282095	0.552494174
0.594053745	0.051251721	0.552178463
0.5946255	0.050923885	0.551862932
0.595197256	0.050914169	0.551547582
0.595769011	0.050847949	0.551232412
0.596340766	0.050770498	0.550917422
0.596912521	0.050662335	0.550602612
0.597484277	0.050452435	0.550287982
0.598056032	0.050265614	0.549973532
0.598627787	0.05008926	0.549659261
0.599199543	0.050081057	0.54934517
0.599771298	0.050024867	0.549031258
0.600343053	0.049963346	0.548717526
0.600914808	0.049584074	0.548403973
0.601486564	0.049392904	0.5480906
0.602058319	0.048917731	0.547777405
0.602630074	0.048350283	0.547464389
0.60320183	0.048325431	0.547151553
0.603773585	0.048317092	0.546838895
0.60434534	0.048108575	0.546526415
0.604917095	0.048061963	0.546214114
0.605488851	0.048020267	0.545901992
0.606060606	0.04792582	0.545590048
0.606632361	0.047448506	0.545278282
0.607204117	0.047368304	0.544966695
0.607775872	0.047356135	0.544655285
0.608347627	0.047353517	0.544344054
0.608919383	0.047323574	0.544033
0.609491138	0.047289251	0.543722124
0.610062893	0.047283155	0.543411426
0.610634648	0.04707743	0.543100905
0.611206404	0.047068304	0.542790561
0.611778159	0.046942671	0.542480395
0.612349914	0.046902631	0.542170407
0.61292167	0.046828128	0.541860595
0.613493425	0.046481553	0.54155096
0.61406518	0.046315921	0.541241503
0.614636935	0.046268629	0.540932222
0.615208691	0.046011842	0.540623118
0.615780446	0.045676371	0.54031419
0.616352201	0.045522128	0.540005439
0.616923957	0.045457332	0.539696865
0.617495712	0.045406575	0.539388466
0.618067467	0.045227173	0.539080244
0.618639222	0.045011612	0.538772199
0.619210978	0.044913704	0.538464329
0.619782733	0.044733111	0.538156635
0.620354488	0.044693283	0.537849117
0.620926244	0.044683429	0.537541774
0.621497999	0.044639551	0.537234608
0.622069754	0.044439575	0.536927616
0.622641509	0.044414974	0.536620801
0.623213265	0.044329254	0.53631416
0.62378502	0.044305827	0.536007695
0.624356775	0.044031294	0.535701405
0.624928531	0.043992929	0.53539529
0.625500286	0.043748833	0.53508935
0.626072041	0.043694287	0.534783584
0.626643796	0.043676114	0.534477994
0.627215552	0.043558473	0.534172578
0.627787307	0.043517435	0.533867336
0.628359062	0.04323633	0.533562269
0.628930818	0.042980395	0.533257376
0.629502573	0.042961042	0.532952658
0.630074328	0.042636229	0.532648114
0.630646083	0.042433309	0.532343743
0.631217839	0.042404607	0.532039547
0.631789594	0.042236702	0.531735524
0.632361349	0.04216227	0.531431675
0.632933105	0.04213582	0.531128
0.63350486	0.042130591	0.530824498
0.634076615	0.041695787	0.53052117
0.63464837	0.041589637	0.530218015
0.635220126	0.041572555	0.529915033
0.635791881	0.041548764	0.529612225
0.636363636	0.041213723	0.529309589
0.636935392	0.041185278	0.529007127
0.637507147	0.041085422	0.528704837
0.638078902	0.040574933	0.52840272
0.638650658	0.04022993	0.528100775
0.639222413	0.040163615	0.527799003
0.639794168	0.04016101	0.527497404
0.640365923	0.040130928	0.527195977
0.640937679	0.040110372	0.526894722
0.641509434	0.040098739	0.526593639
0.642081189	0.040030028	0.526292729
0.642652945	0.039935324	0.52599199
0.6432247	0.039698102	0.525691423
0.643796455	0.039637973	0.525391028
0.64436821	0.03950048	0.525090805
0.644939966	0.039421867	0.524790753
0.645511721	0.039099729	0.524490872
0.646083476	0.039078021	0.524191163
0.646655232	0.039053613	0.523891625
0.647226987	0.038527901	0.523592259
0.647798742	0.038321206	0.523293063
0.648370497	0.038263958	0.522994039
0.648942253	0.038244537	0.522695185
0.649514008	0.038032346	0.522396502
0.650085763	0.037981508	0.52209799
0.650657519	0.037960031	0.521799648
0.651229274	0.03794095	0.521501477
0.651801029	0.037887826	0.521203476
0.652372784	0.037868677	0.520905645
0.65294454	0.03779396	0.520607985
0.653516295	0.037723268	0.520310495
0.65408805	0.037551292	0.520013174
0.654659806	0.037027224	0.519716024
0.655231561	0.036973327	0.519419043
0.655803316	0.036924227	0.519122233
0.656375071	0.036803117	0.518825591
0.656946827	0.036553673	0.518529119
0.657518582	0.036528836	0.518232817
0.658090337	0.036452348	0.517936684
0.658662093	0.036443248	0.51764072
0.659233848	0.035863817	0.517344926
0.659805603	0.035821712	0.5170493
0.660377358	0.035804819	0.516753843
0.660949114	0.035740975	0.516458555
0.661520869	0.035542718	0.516163436
0.662092624	0.035440557	0.515868486
0.66266438	0.035373207	0.515573704
0.663236135	0.035135749	0.51527909
0.66380789	0.034939822	0.514984645
0.664379646	0.034769125	0.514690368
0.664951401	0.034368935	0.514396259
0.665523156	0.034299598	0.514102318
0.666094911	0.034214755	0.513808546
0.666666667	0.034052558	0.513514941
0.667238422	0.033900235	0.513221504
0.667810177	0.03372004	0.512928234
0.668381933	0.033680718	0.512635132
0.668953688	0.033573477	0.512342198
0.669525443	0.033552143	0.512049431
0.670097198	0.033447856	0.511756831
0.670668954	0.033394067	0.511464399
0.671240709	0.033392302	0.511172133
0.671812464	0.033125689	0.510880035
0.67238422	0.033083554	0.510588104
0.672955975	0.033046647	0.510296339
0.67352773	0.032967629	0.510004741
0.674099485	0.032844771	0.50971331
0.674671241	0.032828276	0.509422045
0.675242996	0.032798031	0.509130947
0.675814751	0.031850887	0.508840015
0.676386507	0.031789777	0.508549249
0.676958262	0.031750797	0.50825865
0.677530017	0.031646819	0.507968216
0.678101772	0.03164031	0.507677948
0.678673528	0.031495545	0.507387847
0.679245283	0.031479237	0.507097911
0.679817038	0.031367027	0.506808141
0.680388794	0.031208303	0.506518536
0.680960549	0.031158801	0.506229097
0.681532304	0.031141445	0.505939823
0.682104059	0.031128232	0.505650715
0.682675815	0.030778085	0.505361771
0.68324757	0.030777325	0.505072993
0.683819325	0.030735984	0.50478438
0.684391081	0.030434127	0.504495932
0.684962836	0.030397451	0.504207648
0.685534591	0.030333191	0.50391953
0.686106346	0.030193523	0.503631576
0.686678102	0.030177922	0.503343786
0.687249857	0.030172893	0.503056161
0.687821612	0.030130512	0.502768701
0.688393368	0.030129722	0.502481404
0.688965123	0.029933215	0.502194272
0.689536878	0.029843366	0.501907304
0.690108634	0.029790896	0.5016205
0.690680389	0.029760635	0.501333859
0.691252144	0.029683641	0.501047383
0.691823899	0.029612167	0.50076107
0.692395655	0.029610622	0.500474921
0.69296741	0.029595496	0.500188935
0.693539165	0.029593228	0.499903113
0.694110921	0.029551838	0.499617454
0.694682676	0.029042021	0.499331958
0.695254431	0.028952709	0.499046626
0.695826186	0.028950557	0.498761456
0.696397942	0.028887079	0.49847645
0.696969697	0.028775322	0.498191606
0.697541452	0.028675336	0.497906925
0.698113208	0.028631505	0.497622407
0.698684963	0.028630935	0.497338051
0.699256718	0.028513182	0.497053858
0.699828473	0.028505767	0.496769827
0.700400229	0.028475283	0.496485959
0.700971984	0.028413986	0.496202253
0.701543739	0.028187145	0.495918708
0.702115495	0.02778062	0.495635326
0.70268725	0.027756884	0.495352106
0.703259005	0.027695215	0.495069048
0.70383076	0.027688476	0.494786151
0.704402516	0.027675229	0.494503416
0.704974271	0.027652025	0.494220843
0.705546026	0.027634877	0.493938431
0.706117782	0.027601567	0.49365618
0.706689537	0.027555292	0.493374091
0.707261292	0.027555006	0.493092163
0.707833047	0.027465112	0.492810396
0.708404803	0.027422705	0.49252879
0.708976558	0.027190426	0.492247345
0.709548313	0.027187939	0.491966061
0.710120069	0.027071644	0.491684938
0.710691824	0.02682298	0.491403975
0.711263579	0.026774607	0.491123172
0.711835334	0.026670275	0.490842531
0.71240709	0.026229893	0.490562049
0.712978845	0.026179226	0.490281728
0.7135506	0.026090296	0.490001567
0.714122356	0.026051627	0.489721566
0.714694111	0.025878069	0.489441725
0.715265866	0.02571539	0.489162044
0.715837621	0.025599922	0.488882523
0.716409377	0.025532863	0.488603162
0.716981132	0.02549754	0.48832396
0.717552887	0.025468356	0.488044918
0.718124643	0.025411406	0.487766035
0.718696398	0.025275242	0.487487311
0.719268153	0.025274234	0.487208747
0.719839909	0.0252442	0.486930342
0.720411664	0.025240139	0.486652096
0.720983419	0.025232001	0.486374009
0.721555174	0.02521859	0.486096081
0.72212693	0.025190607	0.485818312
0.722698685	0.025081312	0.485540702
0.72327044	0.025066737	0.48526325
0.723842196	0.025021908	0.484985957
0.724413951	0.02500882	0.484708822
0.724985706	0.024997915	0.484431845
0.725557461	0.024884933	0.484155027
0.726129217	0.024836089	0.483878367
0.726700972	0.024785302	0.483601865
0.727272727	0.024406429	0.483325521
0.727844483	0.024364368	0.483049335
0.728416238	0.024263386	0.482773307
0.728987993	0.024216979	0.482497436
0.729559748	0.024205643	0.482221724
0.730131504	0.024161187	0.481946168
0.730703259	0.02402332	0.481670771
0.731275014	0.023719073	0.48139553
0.73184677	0.023627865	0.481120447
0.732418525	0.023582219	0.480845521
0.73299028	0.023502512	0.480570752
0.733562035	0.023477901	0.48029614
0.734133791	0.0234494	0.480021685
0.734705546	0.023375008	0.479747387
0.735277301	0.023358475	0.479473246
0.735849057	0.023344276	0.479199261
0.736420812	0.023293439	0.478925433
0.736992567	0.023287631	0.478651761
0.737564322	0.023199668	0.478378246
0.738136078	0.02313583	0.478104887
0.738707833	0.023073093	0.477831684
0.739279588	0.022978908	0.477558638
0.739851344	0.022786736	0.477285747
0.740423099	0.022596546	0.477013012
0.740994854	0.022379068	0.476740433
0.741566609	0.022340724	0.47646801
0.742138365	0.022318241	0.476195743
0.74271012	0.022121216	0.475923631
0.743281875	0.022012282	0.475651675
0.743853631	0.021986839	0.475379874
0.744425386	0.021964234	0.475108228
0.744997141	0.021837154	0.474836738
0.745568897	0.021825029	0.474565402
0.746140652	0.021753001	0.474294222
0.746712407	0.021734033	0.474023197
0.747284162	0.021705485	0.473752326
0.747855918	0.021693629	0.473481611
0.748427673	0.021641105	0.47321105
0.748999428	0.021624078	0.472940644
0.749571184	0.021546711	0.472670392
0.750142939	0.021536391	0.472400294
0.750714694	0.021464486	0.472130351
0.751286449	0.021420902	0.471860563
0.751858205	0.02141719	0.471590928
0.75242996	0.021406276	0.471321447
0.753001715	0.021357118	0.471052121
0.753573471	0.021329474	0.470782948
0.754145226	0.021127575	0.470513929
0.754716981	0.021113782	0.470245064
0.755288736	0.021068934	0.469976353
0.755860492	0.020956341	0.469707795
0.756432247	0.020923425	0.469439391
0.757004002	0.020919428	0.469171139
0.757575758	0.020885298	0.468903042
0.758147513	0.020884281	0.468635097
0.758719268	0.020509245	0.468367306
0.759291023	0.020362585	0.468099667
0.759862779	0.020335014	0.467832182
0.760434534	0.020183957	0.467564849
0.761006289	0.020163043	0.467297669
0.761578045	0.020108267	0.467030642
0.7621498	0.020086725	0.466763767
0.762721555	0.020027452	0.466497045
0.76329331	0.020004956	0.466230475
0.763865066	0.019818292	0.465964058
0.764436821	0.019809005	0.465697793
0.765008576	0.019760422	0.46543168
0.765580332	0.019716468	0.465165719
0.766152087	0.019664526	0.46489991
0.766723842	0.019531959	0.464634253
0.767295597	0.019527359	0.464368747
0.767867353	0.019518823	0.464103394
0.768439108	0.019472673	0.463838192
0.769010863	0.019407633	0.463573141
0.769582619	0.019384307	0.463308242
0.770154374	0.019132881	0.463043495
0.770726129	0.019122866	0.462778899
0.771297885	0.018974498	0.462514454
0.77186964	0.018965873	0.46225016
0.772441395	0.01895334	0.461986017
0.77301315	0.018941647	0.461722025
0.773584906	0.018899071	0.461458183
0.774156661	0.018771768	0.461194493
0.774728416	0.018767226	0.460930953
0.775300172	0.018761804	0.460667564
0.775871927	0.018718881	0.460404326
0.776443682	0.018679091	0.460141237
0.777015437	0.018658972	0.4598783
0.777587193	0.018620368	0.459615512
0.778158948	0.01829443	0.459352875
0.778730703	0.018274961	0.459090387
0.779302459	0.018118912	0.45882805
0.779874214	0.018071187	0.458565862
0.780445969	0.018012802	0.458303825
0.781017724	0.017950395	0.458041937
0.78158948	0.017815155	0.457780199
0.782161235	0.01763405	0.45751861
0.78273299	0.017618704	0.457257171
0.783304746	0.017528216	0.456995881
0.783876501	0.017494647	0.45673474
0.784448256	0.017459589	0.456473749
0.785020011	0.017417286	0.456212907
0.785591767	0.017357908	0.455952214
0.786163522	0.017326567	0.45569167
0.786735277	0.017309019	0.455431274
0.787307033	0.017277018	0.455171028
0.787878788	0.017269286	0.45491093
0.788450543	0.01722526	0.454650981
0.789022298	0.017192195	0.454391181
0.789594054	0.017135495	0.454131529
0.790165809	0.01700364	0.453872025
0.790737564	0.016989572	0.453612669
0.79130932	0.016946819	0.453353462
0.791881075	0.016753929	0.453094403
0.79245283	0.016651699	0.452835492
0.793024585	0.016609994	0.452576729
0.793596341	0.016607077	0.452318114
0.794168096	0.016541815	0.452059646
0.794739851	0.016517863	0.451801326
0.795311607	0.016459558	0.451543154
0.795883362	0.016447115	0.451285129
0.796455117	0.016397004	0.451027252
0.797026872	0.016362741	0.450769522
0.797598628	0.01624193	0.45051194
0.798170383	0.016228506	0.450254504
0.798742138	0.016206605	0.449997216
0.799313894	0.016113769	0.449740075
0.799885649	0.016105962	0.44948308
0.800457404	0.016083035	0.449226233
0.80102916	0.016077036	0.448969532
0.801600915	0.015988185	0.448712978
0.80217267	0.015961467	0.448456571
0.802744425	0.015953432	0.44820031
0.803316181	0.015879315	0.447944195
0.803887936	0.015855124	0.447688227
0.804459691	0.015842553	0.447432406
0.805031447	0.015809184	0.44717673
0.805603202	0.015805933	0.4469212
0.806174957	0.015781628	0.446665817
0.806746712	0.015779626	0.446410579
0.807318468	0.015738084	0.446155487
0.807890223	0.015633345	0.445900541
0.808461978	0.015534213	0.445645741
0.809033734	0.015532045	0.445391086
0.809605489	0.015510964	0.445136577
0.810177244	0.01547464	0.444882213
0.810748999	0.015463472	0.444627995
0.811320755	0.01542782	0.444373922
0.81189251	0.015426332	0.444119994
0.812464265	0.015422407	0.443866211
0.813036021	0.015415796	0.443612573
0.813607776	0.015414247	0.44335908
0.814179531	0.01537441	0.443105732
0.814751286	0.015362089	0.442852529
0.815323042	0.015216314	0.44259947
0.815894797	0.015207058	0.442346556
0.816466552	0.015204761	0.442093787
0.817038308	0.01513388	0.441841162
0.817610063	0.01508422	0.441588681
0.818181818	0.01507397	0.441336345
0.818753573	0.015065432	0.441084153
0.819325329	0.015019661	0.440832105
0.819897084	0.01500385	0.440580201
0.820468839	0.014957133	0.44032844
0.821040595	0.014869121	0.440076824
0.82161235	0.014795538	0.439825352
0.822184105	0.014739123	0.439574023
0.82275586	0.014555715	0.439322838
0.823327616	0.014523775	0.439071796
0.823899371	0.014367033	0.438820898
0.824471126	0.014218298	0.438570143
0.825042882	0.014205567	0.438319532
0.825614637	0.014106208	0.438069063
0.826186392	0.014081227	0.437818738
0.826758148	0.013960552	0.437568556
0.827329903	0.013911427	0.437318517
0.827901658	0.013837144	0.437068621
0.828473413	0.013830953	0.436818867
0.829045169	0.013766349	0.436569256
0.829616924	0.013729618	0.436319788
0.830188679	0.013721668	0.436070463
0.830760435	0.013720222	0.435821279
0.83133219	0.013692513	0.435572239
0.831903945	0.013685566	0.43532334
0.8324757	0.013684328	0.435074584
0.833047456	0.013640513	0.43482597
0.833619211	0.013562743	0.434577498
0.834190966	0.013560182	0.434329168
0.834762722	0.013553008	0.43408098
0.835334477	0.013542926	0.433832934
0.835906232	0.0135362	0.433585029
0.836477987	0.013503279	0.433337266
0.837049743	0.013480173	0.433089645
0.837621498	0.013474907	0.432842165
0.838193253	0.013413376	0.432594827
0.838765009	0.013413044	0.43234763
0.839336764	0.013370636	0.432100574
0.839908519	0.013368067	0.431853659
0.840480274	0.013335621	0.431606886
0.84105203	0.01332396	0.431360253
0.841623785	0.013311646	0.431113762
0.84219554	0.013291293	0.430867411
0.842767296	0.013245641	0.430621201
0.843339051	0.013156913	0.430375132
0.843910806	0.01313839	0.430129203
0.844482561	0.013011225	0.429883415
0.845054317	0.01297367	0.429637767
0.845626072	0.012972444	0.42939226
0.846197827	0.012955565	0.429146893
0.846769583	0.012803056	0.428901666
0.847341338	0.012774337	0.42865658
0.847913093	0.012766588	0.428411633
0.848484848	0.012724178	0.428166826
0.849056604	0.012671629	0.42792216
0.849628359	0.012664181	0.427677633
0.850200114	0.012574458	0.427433245
0.85077187	0.012557925	0.427188998
0.851343625	0.012551734	0.42694489
0.85191538	0.01252037	0.426700921
0.852487136	0.012455984	0.426457092
0.853058891	0.012434213	0.426213403
0.853630646	0.012344304	0.425969852
0.854202401	0.012339021	0.425726441
0.854774157	0.012190494	0.425483168
0.855345912	0.012142468	0.425240035
0.855917667	0.011889701	0.424997041
0.856489423	0.011887381	0.424754185
0.857061178	0.011861662	0.424511469
0.857632933	0.011854203	0.424268891
0.858204688	0.011839021	0.424026451
0.858776444	0.011833923	0.423784151
0.859348199	0.011822905	0.423541988
0.859919954	0.011815319	0.423299964
0.86049171	0.011799325	0.423058079
0.861063465	0.011755817	0.422816331
0.86163522	0.011753835	0.422574722
0.862206975	0.011697212	0.42233325
0.862778731	0.011697107	0.422091917
0.863350486	0.011689864	0.421850722
0.863922241	0.011660905	0.421609664
0.864493997	0.011638064	0.421368744
0.865065752	0.011619514	0.421127962
0.865637507	0.011593577	0.420887318
0.866209262	0.011536415	0.420646811
0.866781018	0.011492568	0.420406441
0.867352773	0.011488672	0.420166209
0.867924528	0.01146269	0.419926114
0.868496284	0.01145934	0.419686156
0.869068039	0.01144141	0.419446335
0.869639794	0.011437955	0.419206652
0.870211549	0.011375709	0.418967105
0.870783305	0.011293014	0.418727695
0.87135506	0.011287245	0.418488422
0.871926815	0.011274983	0.418249286
0.872498571	0.011126	0.418010287
0.873070326	0.011109384	0.417771424
0.873642081	0.011107954	0.417532697
0.874213836	0.011105757	0.417294107
0.874785592	0.011103822	0.417055653
0.875357347	0.011099616	0.416817336
0.875929102	0.011083584	0.416579154
0.876500858	0.011046042	0.416341109
0.877072613	0.010832151	0.4161032
0.877644368	0.010689506	0.415865427
0.878216123	0.010670817	0.415627789
0.878787879	0.010640019	0.415390288
0.879359634	0.010550447	0.415152922
0.879931389	0.010455031	0.414915691
0.880503145	0.010417274	0.414678597
0.8810749	0.010258183	0.414441638
0.881646655	0.010252463	0.414204814
0.882218411	0.010228564	0.413968125
0.882790166	0.010189495	0.413731572
0.883361921	0.010177403	0.413495154
0.883933676	0.010163071	0.413258871
0.884505432	0.010091559	0.413022723
0.885077187	0.010061096	0.41278671
0.885648942	0.010015847	0.412550832
0.886220698	0.010009052	0.412315089
0.886792453	0.009982157	0.41207948
0.887364208	0.009977842	0.411844006
0.887935963	0.009965723	0.411608667
0.888507719	0.009936748	0.411373462
0.889079474	0.009890713	0.411138391
0.889651229	0.00986231	0.410903455
0.890222985	0.00982881	0.410668653
0.89079474	0.009828253	0.410433985
0.891366495	0.009802685	0.410199452
0.89193825	0.0097869	0.409965052
0.892510006	0.009752585	0.409730786
0.893081761	0.009716969	0.409496654
0.893653516	0.00971229	0.409262656
0.894225272	0.009698516	0.409028792
0.894797027	0.009674143	0.408795061
0.895368782	0.009657697	0.408561464
0.895940537	0.009626528	0.408328
0.896512293	0.009615337	0.40809467
0.897084048	0.009605556	0.407861473
0.897655803	0.00959244	0.407628409
0.898227559	0.009570615	0.407395479
0.898799314	0.009518551	0.407162681
0.899371069	0.009511764	0.406930017
0.899942824	0.009496582	0.406697485
0.90051458	0.009441573	0.406465087
0.901086335	0.009436793	0.406232821
0.90165809	0.009293901	0.406000688
0.902229846	0.00921955	0.405768688
0.902801601	0.009205229	0.40553682
0.903373356	0.009203057	0.405305085
0.903945111	0.009198662	0.405073482
0.904516867	0.009190861	0.404842011
0.905088622	0.009189441	0.404610673
0.905660377	0.009154682	0.404379467
0.906232133	0.009151788	0.404148393
0.906803888	0.009149434	0.403917451
0.907375643	0.009144058	0.403686641
0.907947399	0.00913235	0.403455963
0.908519154	0.009127265	0.403225416
0.909090909	0.009114855	0.402995002
0.909662664	0.009088203	0.402764719
0.91023442	0.009085831	0.402534568
0.910806175	0.009076474	0.402304548
0.91137793	0.00904902	0.40207466
0.911949686	0.009046434	0.401844903
0.912521441	0.009042571	0.401615277
0.913093196	0.00899808	0.401385783
0.913664951	0.008947319	0.401156419
0.914236707	0.008941232	0.400927187
0.914808462	0.0089247	0.400698086
0.915380217	0.008895139	0.400469116
0.915951973	0.008884723	0.400240276
0.916523728	0.008853041	0.400011567
0.917095483	0.008727818	0.399782989
0.917667238	0.008723794	0.399554542
0.918238994	0.008683782	0.399326225
0.918810749	0.008682146	0.399098039
0.919382504	0.008681602	0.398869983
0.91995426	0.008653895	0.398642057
0.920526015	0.008645164	0.398414261
0.92109777	0.008632826	0.398186596
0.921669525	0.008606817	0.397959061
0.922241281	0.008593308	0.397731656
0.922813036	0.008574539	0.39750438
0.923384791	0.008549655	0.397277235
0.923956547	0.008505081	0.39705022
0.924528302	0.008459579	0.396823334
0.925100057	0.008359654	0.396596578
0.925671812	0.008359323	0.396369951
0.926243568	0.008332133	0.396143454
0.926815323	0.0083275	0.395917086
0.927387078	0.008195458	0.395690848
0.927958834	0.00819046	0.395464739
0.928530589	0.008173587	0.395238759
0.929102344	0.008169876	0.395012908
0.929674099	0.008114288	0.394787186
0.930245855	0.008106601	0.394561594
0.93081761	0.008098221	0.39433613
0.931389365	0.008093045	0.394110795
0.931961121	0.008052449	0.393885589
0.932532876	0.008041292	0.393660511
0.933104631	0.008012081	0.393435563
0.933676387	0.0079903	0.393210742
0.934248142	0.007980088	0.39298605
0.934819897	0.0078905	0.392761487
0.935391652	0.007849656	0.392537052
0.935963408	0.007841869	0.392312745
0.936535163	0.007760504	0.392088566
0.937106918	0.007752967	0.391864516
0.937678674	0.007716017	0.391640593
0.938250429	0.007704679	0.391416798
0.938822184	0.007692637	0.391193132
0.939393939	0.007675409	0.390969593
0.939965695	0.007673819	0.390746182
0.94053745	0.007670292	0.390522898
0.941109205	0.007610648	0.390299742
0.941680961	0.007560126	0.390076714
0.942252716	0.007521181	0.389853813
0.942824471	0.007499531	0.389631039
0.943396226	0.007472461	0.389408393
0.943967982	0.007443365	0.389185874
0.944539737	0.007434768	0.388963482
0.945111492	0.007433665	0.388741217
0.945683248	0.00740317	0.388519079
0.946255003	0.007360211	0.388297068
0.946826758	0.007357532	0.388075184
0.947398513	0.007348319	0.387853427
0.947970269	0.007342844	0.387631796
0.948542024	0.007334036	0.387410292
0.949113779	0.007272511	0.387188915
0.949685535	0.007270636	0.386967664
0.95025729	0.007252417	0.38674654
0.950829045	0.007216178	0.386525542
0.9514008	0.007213936	0.38630467
0.951972556	0.007212564	0.386083925
0.952544311	0.007189402	0.385863305
0.953116066	0.007176901	0.385642812
0.953687822	0.007157334	0.385422445
0.954259577	0.007031155	0.385202203
0.954831332	0.007023344	0.384982088
0.955403087	0.007008908	0.384762098
0.955974843	0.007007413	0.384542234
0.956546598	0.00699161	0.384322495
0.957118353	0.006990939	0.384102883
0.957690109	0.006970141	0.383883395
0.958261864	0.006941706	0.383664033
0.958833619	0.006928661	0.383444797
0.959405374	0.006921407	0.383225685
0.95997713	0.006920049	0.383006699
0.960548885	0.006889948	0.382787838
0.96112064	0.00688658	0.382569102
0.961692396	0.006880212	0.382350491
0.962264151	0.006845333	0.382132005
0.962835906	0.006821814	0.381913644
0.963407662	0.006777426	0.381695408
0.963979417	0.006757297	0.381477296
0.964551172	0.006751512	0.381259309
0.965122927	0.006743602	0.381041447
0.965694683	0.006741797	0.380823709
0.966266438	0.006687061	0.380606095
0.966838193	0.006681315	0.380388606
0.967409949	0.006681247	0.380171241
0.967981704	0.006631483	0.379954
0.968553459	0.006618961	0.379736884
0.969125214	0.006592105	0.379519891
0.96969697	0.006577357	0.379303023
0.970268725	0.006574268	0.379086278
0.97084048	0.006572569	0.378869658
0.971412236	0.006565395	0.378653161
0.971983991	0.006542224	0.378436787
0.972555746	0.006537368	0.378220538
0.973127501	0.006505908	0.378004412
0.973699257	0.006471732	0.377788409
0.974271012	0.006445768	0.37757253
0.974842767	0.006430144	0.377356774
0.975414523	0.006424488	0.377141142
0.975986278	0.00642338	0.376925633
0.976558033	0.006374444	0.376710247
0.977129788	0.006325449	0.376494984
0.977701544	0.006322067	0.376279844
0.978273299	0.006244212	0.376064827
0.978845054	0.006234325	0.375849932
0.97941681	0.006228901	0.375635161
0.979988565	0.006202062	0.375420512
0.98056032	0.006201511	0.375205986
0.981132075	0.006187977	0.374991583
0.981703831	0.006168174	0.374777302
0.982275586	0.006088915	0.374563144
0.982847341	0.006087446	0.374349108
0.983419097	0.006086315	0.374135194
0.983990852	0.006078604	0.373921402
0.984562607	0.006038529	0.373707733
0.985134362	0.006011007	0.373494186
0.985706118	0.006001308	0.37328076
0.986277873	0.005975811	0.373067457
0.986849628	0.005972986	0.372854276
0.987421384	0.005955846	0.372641216
0.987993139	0.005954064	0.372428278
0.988564894	0.005946714	0.372215462
0.98913665	0.005936016	0.372002768
0.989708405	0.00593355	0.371790194
0.99028016	0.005927626	0.371577743
0.990851915	0.005923166	0.371365413
0.991423671	0.005911027	0.371153204
0.991995426	0.005894882	0.370941116
0.992567181	0.005812654	0.37072915
0.993138937	0.005782374	0.370517305
0.993710692	0.005780893	0.370305581
0.994282447	0.005772718	0.370093978
0.994854202	0.005763246	0.369882495
0.995425958	0.005745649	0.369671134
0.995997713	0.005698963	0.369459893
0.996569468	0.005668126	0.369248773
0.997141224	0.005657299	0.369037774
0.997712979	0.005656096	0.368826895
0.998284734	0.005644529	0.368616137
0.998856489	0.005627462	0.368405499
0.999428245	0.005619278	0.368194982
1	0.00560452	0.367984585
1.000571755	0.005501304	0.367774308
1.001143511	0.005495425	0.367564151
1.001715266	0.005493894	0.367354114
1.002287021	0.005491591	0.367144198
1.002858776	0.005490848	0.366934401
1.003430532	0.005452402	0.366724724
1.004002287	0.005443332	0.366515167
1.004574042	0.005441589	0.36630573
1.005145798	0.005377953	0.366096412
1.005717553	0.005377802	0.365887214
1.006289308	0.005334965	0.365678136
1.006861063	0.005324073	0.365469177
1.007432819	0.005311841	0.365260338
1.008004574	0.005296131	0.365051617
1.008576329	0.005280666	0.364843016
1.009148085	0.005274392	0.364634535
1.00971984	0.005262923	0.364426172
1.010291595	0.005257785	0.364217929
1.01086335	0.005238006	0.364009804
1.011435106	0.005236814	0.363801799
1.012006861	0.005233371	0.363593912
1.012578616	0.005225063	0.363386144
1.013150372	0.005172287	0.363178495
1.013722127	0.005165709	0.362970964
1.014293882	0.00509338	0.362763552
1.014865638	0.005031477	0.362556259
1.015437393	0.00501229	0.362349084
1.016009148	0.005007295	0.362142027
1.016580903	0.00499869	0.361935089
1.017152659	0.004993345	0.361728269
1.017724414	0.004928711	0.361521567
1.018296169	0.004852164	0.361314983
1.018867925	0.004813699	0.361108517
1.01943968	0.004804782	0.36090217
1.020011435	0.004801038	0.36069594
1.02058319	0.004781789	0.360489828
1.021154946	0.004779439	0.360283834
1.021726701	0.004776992	0.360077957
1.022298456	0.004763501	0.359872198
1.022870212	0.004763019	0.359666557
1.023441967	0.00475353	0.359461033
1.024013722	0.004749485	0.359255627
1.024585477	0.004743722	0.359050338
1.025157233	0.004738913	0.358845166
1.025728988	0.004719005	0.358640112
1.026300743	0.004697693	0.358435175
1.026872499	0.004670844	0.358230355
1.027444254	0.004642826	0.358025652
1.028016009	0.004635326	0.357821066
1.028587764	0.00463285	0.357616596
1.02915952	0.00461322	0.357412244
1.029731275	0.004593234	0.357208008
1.03030303	0.004578148	0.35700389
1.030874786	0.004524298	0.356799887
1.031446541	0.004521723	0.356596002
1.032018296	0.004520143	0.356392233
1.032590051	0.004510386	0.35618858
1.033161807	0.004498922	0.355985044
1.033733562	0.004494237	0.355781624
1.034305317	0.004492798	0.35557832
1.034877073	0.004486488	0.355375132
1.035448828	0.004448868	0.355172061
1.036020583	0.004433692	0.354969105
1.036592338	0.004416309	0.354766266
1.037164094	0.004388499	0.354563542
1.037735849	0.004386783	0.354360934
1.038307604	0.004373705	0.354158442
1.03887936	0.004367979	0.353956066
1.039451115	0.004367379	0.353753806
1.04002287	0.004363729	0.353551661
1.040594626	0.004347951	0.353349631
1.041166381	0.004343087	0.353147717
1.041738136	0.004335405	0.352945918
1.042309891	0.004326497	0.352744235
1.042881647	0.00430331	0.352542667
1.043453402	0.004300153	0.352341214
1.044025157	0.004291709	0.352139876
1.044596913	0.004283407	0.351938653
1.045168668	0.004279339	0.351737545
1.045740423	0.004270137	0.351536552
1.046312178	0.004265651	0.351335674
1.046883934	0.004258789	0.351134911
1.047455689	0.004253285	0.350934263
1.048027444	0.004251277	0.350733729
1.0485992	0.004232905	0.35053331
1.049170955	0.004211438	0.350333005
1.04974271	0.004203902	0.350132814
1.050314465	0.004191145	0.349932739
1.050886221	0.004179538	0.349732777
1.051457976	0.004164179	0.34953293
1.052029731	0.004158185	0.349333197
1.052601487	0.00415217	0.349133578
1.053173242	0.004146114	0.348934073
1.053744997	0.004133625	0.348734682
1.054316752	0.004124916	0.348535405
1.054888508	0.004117224	0.348336242
1.055460263	0.004115918	0.348137193
1.056032018	0.004112596	0.347938257
1.056603774	0.004109231	0.347739435
1.057175529	0.004108932	0.347540727
1.057747284	0.00409729	0.347342132
1.058319039	0.004095583	0.347143651
1.058890795	0.004075136	0.346945283
1.05946255	0.004059371	0.346747029
1.060034305	0.004030871	0.346548888
1.060606061	0.004023512	0.34635086
1.061177816	0.004021393	0.346152945
1.061749571	0.004018151	0.345955143
1.062321326	0.004010122	0.345757455
1.062893082	0.003987754	0.345559879
1.063464837	0.003986523	0.345362416
1.064036592	0.003986113	0.345165066
1.064608348	0.003976696	0.344967829
1.065180103	0.003971698	0.344770704
1.065751858	0.003950669	0.344573693
1.066323613	0.003933327	0.344376793
1.066895369	0.0039202	0.344180007
1.067467124	0.003919267	0.343983332
1.068038879	0.003912871	0.34378677
1.068610635	0.003911237	0.343590321
1.06918239	0.003888869	0.343393984
1.069754145	0.003886174	0.343197758
1.070325901	0.003885186	0.343001645
1.070897656	0.003874148	0.342805644
1.071469411	0.003828365	0.342609755
1.072041166	0.003809854	0.342413978
1.072612922	0.003808819	0.342218313
1.073184677	0.003804833	0.34202276
1.073756432	0.003800948	0.341827318
1.074328188	0.003793745	0.341631989
1.074899943	0.003760897	0.34143677
1.075471698	0.00375832	0.341241664
1.076043453	0.003756524	0.341046668
1.076615209	0.003749808	0.340851785
1.077186964	0.003746958	0.340657012
1.077758719	0.003718977	0.340462351
1.078330475	0.003715861	0.340267801
1.07890223	0.003708837	0.340073362
1.079473985	0.003698483	0.339879035
1.08004574	0.003695614	0.339684818
1.080617496	0.003665768	0.339490712
1.081189251	0.003663001	0.339296718
1.081761006	0.003657622	0.339102834
1.082332762	0.003657113	0.338909061
1.082904517	0.003652874	0.338715399
1.083476272	0.003632427	0.338521847
1.084048027	0.003628673	0.338328406
1.084619783	0.003614121	0.338135075
1.085191538	0.003606817	0.337941855
1.085763293	0.003602155	0.337748746
1.086335049	0.003596913	0.337555746
1.086906804	0.003585486	0.337362857
1.087478559	0.003532993	0.337170079
1.088050314	0.003531805	0.33697741
1.08862207	0.003522785	0.336784851
1.089193825	0.003514765	0.336592403
1.08976558	0.003502469	0.336400064
1.090337336	0.003485884	0.336207836
1.090909091	0.003440294	0.336015717
1.091480846	0.003437898	0.335823708
1.092052601	0.00343703	0.335631809
1.092624357	0.003436021	0.335440019
1.093196112	0.003432951	0.335248339
1.093767867	0.003379926	0.335056769
1.094339623	0.003356309	0.334865308
1.094911378	0.003354031	0.334673956
1.095483133	0.003348505	0.334482714
1.096054889	0.003337937	0.334291581
1.096626644	0.003328999	0.334100557
1.097198399	0.00330194	0.333909642
1.097770154	0.003292978	0.333718837
1.09834191	0.003290123	0.33352814
1.098913665	0.003285502	0.333337553
1.09948542	0.003278586	0.333147074
1.100057176	0.003277286	0.332956705
1.100628931	0.003256143	0.332766444
1.101200686	0.00324629	0.332576291
1.101772441	0.003239505	0.332386248
1.102344197	0.003233928	0.332196313
1.102915952	0.00321115	0.332006486
1.103487707	0.003205371	0.331816768
1.104059463	0.003202975	0.331627159
1.104631218	0.003188038	0.331437658
1.105202973	0.003176982	0.331248265
1.105774728	0.003173721	0.33105898
1.106346484	0.003008012	0.330869803
1.106918239	0.003004946	0.330680735
1.107489994	0.003001207	0.330491774
1.10806175	0.003000905	0.330302922
1.108633505	0.002998012	0.330114177
1.10920526	0.002992657	0.329925541
1.109777015	0.002992561	0.329737012
1.110348771	0.002990918	0.329548591
1.110920526	0.002989353	0.329360277
1.111492281	0.002981575	0.329172071
1.112064037	0.002979072	0.328983973
1.112635792	0.002964192	0.328795982
1.113207547	0.002960345	0.328608099
1.113779302	0.002958724	0.328420323
1.114351058	0.002957998	0.328232654
1.114922813	0.002950562	0.328045092
1.115494568	0.002938894	0.327857638
1.116066324	0.002921675	0.327670291
1.116638079	0.002917261	0.327483051
1.117209834	0.002890542	0.327295918
1.117781589	0.002889776	0.327108891
1.118353345	0.002843436	0.326921972
1.1189251	0.002840931	0.326735159
1.119496855	0.002834466	0.326548454
1.120068611	0.002833394	0.326361855
1.120640366	0.002829261	0.326175362
1.121212121	0.002804757	0.325988976
1.121783877	0.002801518	0.325802697
1.122355632	0.002782575	0.325616524
1.122927387	0.002781492	0.325430457
1.123499142	0.002779627	0.325244497
1.124070898	0.002779143	0.325058643
1.124642653	0.002773426	0.324872895
1.125214408	0.002771059	0.324687253
1.125786164	0.002768488	0.324501718
1.126357919	0.002766761	0.324316288
1.126929674	0.002758059	0.324130965
1.127501429	0.002739971	0.323945747
1.128073185	0.002735182	0.323760635
1.12864494	0.002711538	0.323575629
1.129216695	0.002711169	0.323390729
1.129788451	0.002708276	0.323205934
1.130360206	0.002700715	0.323021245
1.130931961	0.002693019	0.322836661
1.131503716	0.002688432	0.322652183
1.132075472	0.002687075	0.322467811
1.132647227	0.002683679	0.322283543
1.133218982	0.002677552	0.322099381
1.133790738	0.002661094	0.321915324
1.134362493	0.002654345	0.321731373
1.134934248	0.002645467	0.321547526
1.135506003	0.002644166	0.321363785
1.136077759	0.002641621	0.321180148
1.136649514	0.002641151	0.320996617
1.137221269	0.002637504	0.32081319
1.137793025	0.002632978	0.320629868
1.13836478	0.002630306	0.320446651
1.138936535	0.002627251	0.320263539
1.13950829	0.002612318	0.320080531
1.140080046	0.002607789	0.319897628
1.140651801	0.002589275	0.319714829
1.141223556	0.002587894	0.319532135
1.141795312	0.002581438	0.319349545
1.142367067	0.002578406	0.31916706
1.142938822	0.002577591	0.318984679
1.143510577	0.002567894	0.318802402
1.144082333	0.002559888	0.318620229
1.144654088	0.002557564	0.31843816
1.145225843	0.002541275	0.318256196
1.145797599	0.002541062	0.318074335
1.146369354	0.002537769	0.317892578
1.146941109	0.002536698	0.317710925
1.147512864	0.002493059	0.317529376
1.14808462	0.002486691	0.317347931
1.148656375	0.002480961	0.317166589
1.14922813	0.002479906	0.316985351
1.149799886	0.002478709	0.316804217
1.150371641	0.002470219	0.316623186
1.150943396	0.002441548	0.316442258
1.151515152	0.002436751	0.316261434
1.152086907	0.002431636	0.316080713
1.152658662	0.002426955	0.315900096
1.153230417	0.00242163	0.315719581
1.153802173	0.002417712	0.31553917
1.154373928	0.00238818	0.315358862
1.154945683	0.002374849	0.315178657
1.155517439	0.002367766	0.314998555
1.156089194	0.00236552	0.314818556
1.156660949	0.002352499	0.314638659
1.157232704	0.002343494	0.314458866
1.15780446	0.002342502	0.314279175
1.158376215	0.002333138	0.314099587
1.15894797	0.002311114	0.313920102
1.159519726	0.00230733	0.313740719
1.160091481	0.002307139	0.313561438
1.160663236	0.002307105	0.31338226
1.161234991	0.002307036	0.313203185
1.161806747	0.002306407	0.313024211
1.162378502	0.002303635	0.31284534
1.162950257	0.002297965	0.312666572
1.163522013	0.002295011	0.312487905
1.164093768	0.002280364	0.312309341
1.164665523	0.002269387	0.312130878
1.165237278	0.002267452	0.311952518
1.165809034	0.002265892	0.311774259
1.166380789	0.002264569	0.311596102
1.166952544	0.002262845	0.311418047
1.1675243	0.002246843	0.311240094
1.168096055	0.002239943	0.311062243
1.16866781	0.002214682	0.310884493
1.169239565	0.002203102	0.310706845
1.169811321	0.00220075	0.310529298
1.170383076	0.00219977	0.310351852
1.170954831	0.002197893	0.310174509
1.171526587	0.002186462	0.309997266
1.172098342	0.002181251	0.309820125
1.172670097	0.002178746	0.309643085
1.173241852	0.00217406	0.309466146
1.173813608	0.002166619	0.309289308
1.174385363	0.002166491	0.309112571
1.174957118	0.002165906	0.308935935
1.175528874	0.002090643	0.308759401
1.176100629	0.002087669	0.308582967
1.176672384	0.00208359	0.308406634
1.17724414	0.002072949	0.308230401
1.177815895	0.002071976	0.30805427
1.17838765	0.002070345	0.307878238
1.178959405	0.002069793	0.307702308
1.179531161	0.002062705	0.307526478
1.180102916	0.002057802	0.307350749
1.180674671	0.002051357	0.30717512
1.181246427	0.002045315	0.306999591
1.181818182	0.002044741	0.306824163
1.182389937	0.002041929	0.306648835
1.182961692	0.002035843	0.306473607
1.183533448	0.002034953	0.306298479
1.184105203	0.002024699	0.306123451
1.184676958	0.002016321	0.305948524
1.185248714	0.002014959	0.305773696
1.185820469	0.001996633	0.305598968
1.186392224	0.001994991	0.30542434
1.186963979	0.001992261	0.305249812
1.187535735	0.00197469	0.305075383
1.18810749	0.001973857	0.304901055
1.188679245	0.001971327	0.304726825
1.189251001	0.001962408	0.304552696
1.189822756	0.001954292	0.304378666
1.190394511	0.001950348	0.304204735
1.190966266	0.001947218	0.304030904
1.191538022	0.001946621	0.303857172
1.192109777	0.001946436	0.303683539
1.192681532	0.001929317	0.303510006
1.193253288	0.001924535	0.303336571
1.193825043	0.001922672	0.303163236
1.194396798	0.001921727	0.30299
1.194968553	0.001919001	0.302816863
1.195540309	0.001918569	0.302643825
1.196112064	0.001914895	0.302470885
1.196683819	0.001910559	0.302298045
1.197255575	0.001909464	0.302125303
1.19782733	0.001905346	0.30195266
1.198399085	0.001902757	0.301780116
1.19897084	0.001902508	0.30160767
1.199542596	0.001901651	0.301435323
1.200114351	0.001888479	0.301263074
1.200686106	0.00187752	0.301090924
1.201257862	0.001877087	0.300918872
1.201829617	0.001872863	0.300746918
1.202401372	0.001870373	0.300575063
1.202973128	0.001869846	0.300403306
1.203544883	0.001868077	0.300231646
1.204116638	0.00186092	0.300060086
1.204688393	0.001849057	0.299888623
1.205260149	0.001840269	0.299717258
1.205831904	0.001834515	0.299545991
1.206403659	0.001829374	0.299374822
1.206975415	0.001828395	0.29920375
1.20754717	0.001826851	0.299032777
1.208118925	0.001811848	0.298861901
1.20869068	0.001811488	0.298691123
1.209262436	0.001810411	0.298520442
1.209834191	0.001787972	0.298349859
1.210405946	0.001785092	0.298179373
1.210977702	0.00178163	0.298008985
1.211549457	0.001780162	0.297838694
1.212121212	0.001774562	0.297668501
1.212692967	0.001773254	0.297498404
1.213264723	0.001770027	0.297328405
1.213836478	0.001718018	0.297158503
1.214408233	0.001717671	0.296988698
1.214979989	0.001714673	0.296818991
1.215551744	0.001703017	0.29664938
1.216123499	0.00170096	0.296479866
1.216695254	0.001695637	0.296310449
1.21726701	0.001694232	0.296141128
1.217838765	0.001693243	0.295971905
1.21841052	0.001687961	0.295802778
1.218982276	0.001687908	0.295633748
1.219554031	0.001687842	0.295464814
1.220125786	0.00168674	0.295295977
1.220697541	0.001684422	0.295127237
1.221269297	0.001673904	0.294958593
1.221841052	0.001665505	0.294790045
1.222412807	0.001655569	0.294621593
1.222984563	0.00165029	0.294453238
1.223556318	0.001644023	0.294284979
1.224128073	0.001642731	0.294116816
1.224699828	0.001641975	0.29394875
1.225271584	0.001638247	0.293780779
1.225843339	0.001636611	0.293612904
1.226415094	0.00162057	0.293445125
1.22698685	0.001617277	0.293277443
1.227558605	0.001606255	0.293109855
1.22813036	0.001606211	0.292942364
1.228702115	0.001599325	0.292774968
1.229273871	0.001583692	0.292607668
1.229845626	0.001580864	0.292440464
1.230417381	0.001567426	0.292273355
1.230989137	0.001566923	0.292106342
1.231560892	0.001566255	0.291939424
1.232132647	0.001563283	0.291772601
1.232704403	0.00156283	0.291605874
1.233276158	0.001519858	0.291439242
1.233847913	0.001519446	0.291272706
1.234419668	0.001519411	0.291106264
1.234991424	0.001513166	0.290939918
1.235563179	0.001507806	0.290773666
1.236134934	0.001500536	0.29060751
1.23670669	0.001496801	0.290441448
1.237278445	0.001494692	0.290275482
1.2378502	0.001486319	0.29010961
1.238421955	0.001473367	0.289943833
1.238993711	0.001470505	0.289778151
1.239565466	0.001469274	0.289612564
1.240137221	0.00146892	0.289447071
1.240708977	0.001468098	0.289281672
1.241280732	0.001467854	0.289116369
1.241852487	0.001467597	0.288951159
1.242424242	0.001454422	0.288786044
1.242995998	0.001446918	0.288621024
1.243567753	0.001437327	0.288456097
1.244139508	0.001434762	0.288291265
1.244711264	0.001434635	0.288126527
1.245283019	0.001429079	0.287961884
1.245854774	0.001428904	0.287797334
1.246426529	0.001425922	0.287632878
1.246998285	0.001419825	0.287468517
1.24757004	0.001419725	0.287304249
1.248141795	0.001419406	0.287140075
1.248713551	0.001411465	0.286975995
1.249285306	0.00140842	0.286812009
1.249857061	0.001396094	0.286648116
1.250428816	0.001394756	0.286484317
1.251000572	0.001394434	0.286320612
1.251572327	0.001392048	0.286157
1.252144082	0.001387732	0.285993482
1.252715838	0.001378869	0.285830057
1.253287593	0.001368825	0.285666726
1.253859348	0.00136769	0.285503488
1.254431103	0.001364001	0.285340343
1.255002859	0.001363949	0.285177291
1.255574614	0.001359368	0.285014333
1.256146369	0.001357771	0.284851467
1.256718125	0.001356899	0.284688695
1.25728988	0.001354751	0.284526016
1.257861635	0.001351402	0.284363429
1.258433391	0.001350533	0.284200936
1.259005146	0.001335579	0.284038536
1.259576901	0.001326863	0.283876228
1.260148656	0.001317981	0.283714013
1.260720412	0.001311605	0.283551891
1.261292167	0.001307656	0.283389861
1.261863922	0.001307112	0.283227924
1.262435678	0.001304142	0.283066079
1.263007433	0.001302651	0.282904327
1.263579188	0.00130222	0.282742668
1.264150943	0.001302047	0.2825811
1.264722699	0.001300255	0.282419625
1.265294454	0.001300229	0.282258243
1.265866209	0.001287217	0.282096952
1.266437965	0.001283111	0.281935754
1.26700972	0.00127964	0.281774648
1.267581475	0.001278601	0.281613634
1.26815323	0.001277789	0.281452712
1.268724986	0.001276986	0.281291882
1.269296741	0.001272398	0.281131143
1.269868496	0.001271932	0.280970497
1.270440252	0.001270974	0.280809943
1.271012007	0.001268461	0.28064948
1.271583762	0.001268046	0.280489109
1.272155517	0.001266061	0.280328829
1.272727273	0.00126515	0.280168641
1.273299028	0.001264835	0.280008545
1.273870783	0.001258575	0.27984854
1.274442539	0.001258471	0.279688627
1.275014294	0.00125554	0.279528804
1.275586049	0.001255442	0.279369074
1.276157804	0.001255035	0.279209434
1.27672956	0.001254857	0.279049886
1.277301315	0.001236913	0.278890429
1.27787307	0.001224245	0.278731063
1.278444826	0.001222777	0.278571788
1.279016581	0.001220674	0.278412604
1.279588336	0.001219822	0.278253511
1.280160091	0.001211887	0.278094509
1.280731847	0.001202533	0.277935598
1.281303602	0.001201003	0.277776778
1.281875357	0.001200728	0.277618048
1.282447113	0.00119925	0.277459409
1.283018868	0.001189522	0.277300861
1.283590623	0.001188109	0.277142403
1.284162379	0.001188009	0.276984036
1.284734134	0.001183055	0.27682576
1.285305889	0.001181337	0.276667574
1.285877644	0.00117828	0.276509478
1.2864494	0.001173776	0.276351472
1.287021155	0.001173575	0.276193557
1.28759291	0.001169883	0.276035732
1.288164666	0.001167192	0.275877998
1.288736421	0.001166495	0.275720353
1.289308176	0.001164912	0.275562799
1.289879931	0.001159878	0.275405334
1.290451687	0.001154434	0.27524796
1.291023442	0.001154113	0.275090675
1.291595197	0.001151661	0.27493348
1.292166953	0.001151497	0.274776376
1.292738708	0.001144007	0.274619361
1.293310463	0.001125698	0.274462435
1.293882218	0.001117946	0.2743056
1.294453974	0.001117203	0.274148853
1.295025729	0.001114741	0.273992197
1.295597484	0.00111297	0.27383563
1.29616924	0.001112596	0.273679153
1.296740995	0.001108742	0.273522764
1.29731275	0.001095113	0.273366466
1.297884505	0.001094574	0.273210256
1.298456261	0.001087354	0.273054136
1.299028016	0.00108661	0.272898105
1.299599771	0.001084239	0.272742163
1.300171527	0.001083976	0.272586311
1.300743282	0.001071928	0.272430547
1.301315037	0.00104672	0.272274873
1.301886792	0.001043822	0.272119287
1.302458548	0.001043749	0.27196379
1.303030303	0.001042911	0.271808382
1.303602058	0.001034406	0.271653063
1.304173814	0.001022681	0.271497833
1.304745569	0.001022226	0.271342691
1.305317324	0.001020777	0.271187638
1.305889079	0.001019628	0.271032674
1.306460835	0.001008956	0.270877798
1.30703259	0.00100483	0.270723011
1.307604345	0.001003989	0.270568312
1.308176101	0.000990082	0.270413702
1.308747856	0.00098528	0.270259179
1.309319611	0.000961526	0.270104746
1.309891366	0.000953869	0.2699504
1.310463122	0.00095267	0.269796143
1.311034877	0.000952305	0.269641973
1.311606632	0.000944333	0.269487892
1.312178388	0.000941506	0.269333899
1.312750143	0.000939237	0.269179994
1.313321898	0.000937379	0.269026177
1.313893654	0.000932351	0.268872448
1.314465409	0.000926648	0.268718806
1.315037164	0.00092636	0.268565253
1.315608919	0.000925424	0.268411787
1.316180675	0.000921231	0.268258409
1.31675243	0.000916922	0.268105118
1.317324185	0.000916214	0.267951915
1.317895941	0.000914237	0.2677988
1.318467696	0.00090795	0.267645772
1.319039451	0.000904467	0.267492832
1.319611206	0.000903239	0.267339979
1.320182962	0.000897272	0.267187213
1.320754717	0.000894057	0.267034534
1.321326472	0.000889204	0.266881943
1.321898228	0.000885233	0.266729439
1.322469983	0.000877327	0.266577022
1.323041738	0.000873394	0.266424693
1.323613493	0.000873235	0.26627245
1.324185249	0.000871293	0.266120294
1.324757004	0.000868518	0.265968226
1.325328759	0.000865619	0.265816244
1.325900515	0.000857038	0.265664349
1.32647227	0.000856272	0.265512541
1.327044025	0.000855584	0.265360819
1.32761578	0.000855201	0.265209184
1.328187536	0.000852696	0.265057636
1.328759291	0.000850147	0.264906175
1.329331046	0.000849778	0.2647548
1.329902802	0.000847221	0.264603511
1.330474557	0.00084703	0.264452309
1.331046312	0.000842635	0.264301194
1.331618067	0.000841291	0.264150164
1.332189823	0.000840937	0.263999222
1.332761578	0.000834783	0.263848365
1.333333333	0.000833809	0.263697594
1.333905089	0.000833795	0.26354691
1.334476844	0.000832396	0.263396312
1.335048599	0.00082607	0.2632458
1.335620354	0.000825477	0.263095373
1.33619211	0.000822465	0.262945033
1.336763865	0.000822206	0.262794779
1.33733562	0.000821026	0.26264461
1.337907376	0.000820121	0.262494528
1.338479131	0.000820049	0.262344531
1.339050886	0.000818641	0.26219462
1.339622642	0.000816203	0.262044794
1.340194397	0.000815557	0.261895054
1.340766152	0.000814142	0.2617454
1.341337907	0.000811833	0.261595831
1.341909663	0.000804621	0.261446348
1.342481418	0.000801645	0.26129695
1.343053173	0.000801034	0.261147638
1.343624929	0.00079847	0.26099841
1.344196684	0.000795956	0.260849268
1.344768439	0.000795776	0.260700212
1.345340194	0.000793596	0.26055124
1.34591195	0.000789211	0.260402354
1.346483705	0.000788443	0.260253552
1.34705546	0.000787744	0.260104836
1.347627216	0.000783268	0.259956205
1.348198971	0.000783146	0.259807658
1.348770726	0.000769219	0.259659197
1.349342481	0.0007689	0.25951082
1.349914237	0.000762009	0.259362528
1.350485992	0.00076135	0.259214321
1.351057747	0.000760494	0.259066199
1.351629503	0.000760321	0.258918161
1.352201258	0.000757113	0.258770207
1.352773013	0.000754252	0.258622339
1.353344768	0.000753805	0.258474555
1.353916524	0.000741695	0.258326855
1.354488279	0.000741131	0.258179239
1.355060034	0.000736404	0.258031708
1.35563179	0.000734134	0.257884262
1.356203545	0.000734041	0.257736899
1.3567753	0.000725513	0.257589621
1.357347055	0.000723933	0.257442427
1.357918811	0.000723366	0.257295317
1.358490566	0.000722011	0.257148291
1.359062321	0.000720808	0.257001349
1.359634077	0.000719607	0.256854491
1.360205832	0.000718674	0.256707717
1.360777587	0.00071857	0.256561027
1.361349342	0.00071582	0.256414421
1.361921098	0.000715133	0.256267898
1.362492853	0.00071416	0.25612146
1.363064608	0.000713394	0.255975105
1.363636364	0.000711399	0.255828833
1.364208119	0.000711066	0.255682645
1.364779874	0.000710656	0.255536541
1.36535163	0.000709302	0.25539052
1.365923385	0.000709163	0.255244582
1.36649514	0.000706996	0.255098728
1.367066895	0.000706614	0.254952958
1.367638651	0.00070534	0.25480727
1.368210406	0.000703781	0.254661666
1.368782161	0.000702382	0.254516145
1.369353917	0.000701249	0.254370707
1.369925672	0.00070044	0.254225353
1.370497427	0.000698989	0.254080081
1.371069182	0.000697169	0.253934892
1.371640938	0.00069349	0.253789787
1.372212693	0.000691271	0.253644764
1.372784448	0.000689029	0.253499824
1.373356204	0.000686884	0.253354967
1.373927959	0.000671172	0.253210193
1.374499714	0.00067031	0.253065501
1.375071469	0.000667905	0.252920893
1.375643225	0.000666038	0.252776366
1.37621498	0.00066066	0.252631923
1.376786735	0.000649991	0.252487562
1.377358491	0.000645076	0.252343283
1.377930246	0.00064338	0.252199087
1.378502001	0.000642104	0.252054973
1.379073756	0.00063969	0.251910942
1.379645512	0.000639684	0.251766992
1.380217267	0.000638506	0.251623126
1.380789022	0.000637184	0.251479341
1.381360778	0.000632981	0.251335639
1.381932533	0.00063243	0.251192018
1.382504288	0.0006316	0.25104848
1.383076043	0.000625814	0.250905024
1.383647799	0.000625677	0.250761649
1.384219554	0.000623982	0.250618357
1.384791309	0.000622566	0.250475146
1.385363065	0.000622446	0.250332018
1.38593482	0.000621931	0.250188971
1.386506575	0.000621461	0.250046006
1.38707833	0.000620146	0.249903122
1.387650086	0.000617655	0.249760321
1.388221841	0.000616943	0.2496176
1.388793596	0.000616287	0.249474962
1.389365352	0.000616217	0.249332405
1.389937107	0.000616001	0.249189929
1.390508862	0.000614876	0.249047535
1.391080617	0.000612499	0.248905222
1.391652373	0.000608847	0.24876299
1.392224128	0.000607349	0.24862084
1.392795883	0.000606295	0.248478771
1.393367639	0.000605437	0.248336783
1.393939394	0.000603201	0.248194876
1.394511149	0.000599481	0.248053051
1.395082905	0.00059898	0.247911306
1.39565466	0.000598185	0.247769643
1.396226415	0.000598045	0.24762806
1.39679817	0.000597971	0.247486558
1.397369926	0.000587173	0.247345137
1.397941681	0.000586253	0.247203797
1.398513436	0.000585837	0.247062538
1.399085192	0.000585459	0.246921359
1.399656947	0.00058444	0.246780261
1.400228702	0.000583527	0.246639244
1.400800457	0.000580054	0.246498307
1.401372213	0.000579231	0.246357451
1.401943968	0.0005773	0.246216675
1.402515723	0.000576079	0.24607598
1.403087479	0.000575842	0.245935365
1.403659234	0.000575766	0.245794831
1.404230989	0.000574992	0.245654377
1.404802744	0.000573059	0.245514003
1.4053745	0.000572466	0.245373709
1.405946255	0.000572439	0.245233495
1.40651801	0.000571226	0.245093362
1.407089766	0.000570972	0.244953309
1.407661521	0.000570769	0.244813335
1.408233276	0.000566971	0.244673442
1.408805031	0.00056527	0.244533629
1.409376787	0.000563383	0.244393895
1.409948542	0.000550819	0.244254241
1.410520297	0.000549811	0.244114668
1.411092053	0.000547212	0.243975174
1.411663808	0.000546718	0.243835759
1.412235563	0.00054569	0.243696424
1.412807318	0.000544768	0.243557169
1.413379074	0.000544533	0.243417994
1.413950829	0.00054302	0.243278898
1.414522584	0.000541066	0.243139881
1.41509434	0.000539137	0.243000944
1.415666095	0.000538163	0.242862087
1.41623785	0.000537438	0.242723308
1.416809605	0.000535464	0.242584609
1.417381361	0.000534352	0.242445989
1.417953116	0.000534125	0.242307449
1.418524871	0.000532075	0.242168987
1.419096627	0.000529596	0.242030605
1.419668382	0.000526863	0.241892302
1.420240137	0.000525531	0.241754078
1.420811893	0.000524665	0.241615933
1.421383648	0.000524462	0.241477866
1.421955403	0.000522374	0.241339879
1.422527158	0.000521467	0.24120197
1.423098914	0.000521431	0.241064141
1.423670669	0.000520481	0.24092639
1.424242424	0.000520144	0.240788718
1.42481418	0.000519748	0.240651124
1.425385935	0.000519237	0.240513609
1.42595769	0.000518524	0.240376173
1.426529445	0.000518524	0.240238815
1.427101201	0.000516085	0.240101536
1.427672956	0.000512545	0.239964335
1.428244711	0.000512497	0.239827212
1.428816467	0.000512469	0.239690168
1.429388222	0.000511266	0.239553202
1.429959977	0.00050991	0.239416315
1.430531732	0.000507344	0.239279506
1.431103488	0.000506079	0.239142774
1.431675243	0.000506047	0.239006121
1.432246998	0.000504476	0.238869546
1.432818754	0.000501855	0.23873305
1.433390509	0.000500207	0.238596631
1.433962264	0.000499986	0.23846029
1.434534019	0.000492103	0.238324027
1.435105775	0.000491967	0.238187842
1.43567753	0.00049195	0.238051734
1.436249285	0.000490512	0.237915705
1.436821041	0.000489724	0.237779753
1.437392796	0.000489303	0.237643879
1.437964551	0.000488771	0.237508082
1.438536306	0.000488698	0.237372363
1.439108062	0.000486638	0.237236722
1.439679817	0.000486265	0.237101158
1.440251572	0.000485704	0.236965672
1.440823328	0.000485618	0.236830263
1.441395083	0.0004843	0.236694931
1.441966838	0.000480811	0.236559677
1.442538593	0.000480275	0.2364245
1.443110349	0.00047895	0.2362894
1.443682104	0.000478385	0.236154378
1.444253859	0.000477428	0.236019432
1.444825615	0.000474801	0.235884564
1.44539737	0.000474697	0.235749773
1.445969125	0.000472965	0.235615059
1.446540881	0.000472547	0.235480422
1.447112636	0.000464858	0.235345861
1.447684391	0.000464453	0.235211378
1.448256146	0.000463539	0.235076972
1.448827902	0.000463221	0.234942642
1.449399657	0.000462807	0.234808389
1.449971412	0.00046243	0.234674213
1.450543168	0.000462073	0.234540113
1.451114923	0.000458989	0.23440609
1.451686678	0.000457903	0.234272144
1.452258433	0.000457772	0.234138274
1.452830189	0.00045747	0.234004481
1.453401944	0.000456963	0.233870764
1.453973699	0.000456286	0.233737123
1.454545455	0.000453831	0.233603559
1.45511721	0.000453658	0.233470072
1.455688965	0.000449856	0.23333666
1.45626072	0.000449005	0.233203325
1.456832476	0.000448841	0.233070066
1.457404231	0.000446783	0.232936883
1.457975986	0.000446164	0.232803776
1.458547742	0.000444938	0.232670745
1.459119497	0.000444869	0.232537791
1.459691252	0.000443859	0.232404912
1.460263007	0.000440599	0.232272109
1.460834763	0.000439953	0.232139382
1.461406518	0.000437893	0.232006731
1.461978273	0.00043781	0.231874156
1.462550029	0.000434344	0.231741656
1.463121784	0.000433386	0.231609233
1.463693539	0.00043334	0.231476885
1.464265294	0.00043287	0.231344612
1.46483705	0.000426613	0.231212415
1.465408805	0.000424908	0.231080294
1.46598056	0.000424009	0.230948248
1.466552316	0.000421774	0.230816277
1.467124071	0.000419147	0.230684382
1.467695826	0.000418442	0.230552563
1.468267581	0.000417394	0.230420818
1.468839337	0.000416845	0.230289149
1.469411092	0.000416692	0.230157556
1.469982847	0.000415554	0.230026037
1.470554603	0.000414713	0.229894594
1.471126358	0.000412185	0.229763225
1.471698113	0.000411552	0.229631932
1.472269868	0.000408844	0.229500714
1.472841624	0.000407199	0.22936957
1.473413379	0.000407181	0.229238502
1.473985134	0.00040501	0.229107509
1.47455689	0.000401924	0.22897659
1.475128645	0.000399853	0.228845746
1.4757004	0.000393182	0.228714977
1.476272156	0.000393038	0.228584283
1.476843911	0.000392202	0.228453663
1.477415666	0.000387568	0.228323118
1.477987421	0.000386354	0.228192648
1.478559177	0.000385012	0.228062252
1.479130932	0.000384582	0.227931931
1.479702687	0.000384283	0.227801684
1.480274443	0.000379982	0.227671512
1.480846198	0.000379644	0.227541414
1.481417953	0.000379529	0.22741139
1.481989708	0.000378585	0.227281441
1.482561464	0.000377744	0.227151566
1.483133219	0.000377384	0.227021765
1.483704974	0.000377249	0.226892038
1.48427673	0.00037686	0.226762385
1.484848485	0.000376641	0.226632807
1.48542024	0.000374483	0.226503303
1.485991995	0.000373328	0.226373872
1.486563751	0.000373035	0.226244516
1.487135506	0.000370508	0.226115233
1.487707261	0.000369647	0.225986024
1.488279017	0.000367599	0.225856889
1.488850772	0.000365788	0.225727828
1.489422527	0.000365631	0.225598841
1.489994282	0.000364099	0.225469927
1.490566038	0.000363614	0.225341087
1.491137793	0.000362298	0.225212321
1.491709548	0.000361295	0.225083628
1.492281304	0.000359632	0.224955009
1.492853059	0.000357393	0.224826463
1.493424814	0.000357325	0.224697991
1.493996569	0.000354308	0.224569592
1.494568325	0.000354248	0.224441267
1.49514008	0.000353782	0.224313015
1.495711835	0.00035367	0.224184836
1.496283591	0.000353265	0.22405673
1.496855346	0.000348225	0.223928698
1.497427101	0.000347631	0.223800738
1.497998856	0.000347445	0.223672852
1.498570612	0.000347414	0.223545039
1.499142367	0.000344368	0.223417299
1.499714122	0.00034145	0.223289632
1.500285878	0.000341302	0.223162038
1.500857633	0.000341246	0.223034517
1.501429388	0.000340548	0.222907069
1.502001144	0.000339351	0.222779693
1.502572899	0.000334999	0.222652391
1.503144654	0.000334808	0.222525161
1.503716409	0.000332588	0.222398003
1.504288165	0.000332231	0.222270919
1.50485992	0.000331049	0.222143907
1.505431675	0.00033093	0.222016967
1.506003431	0.000330911	0.221890101
1.506575186	0.000330573	0.221763306
1.507146941	0.000325092	0.221636584
1.507718696	0.000321846	0.221509935
1.508290452	0.000321583	0.221383358
1.508862207	0.000321115	0.221256853
1.509433962	0.000317553	0.221130421
1.510005718	0.000316955	0.22100406
1.510577473	0.000315013	0.220877772
1.511149228	0.000314922	0.220751556
1.511720983	0.000311817	0.220625413
1.512292739	0.000311345	0.220499341
1.512864494	0.000308325	0.220373341
1.513436249	0.000307778	0.220247414
1.514008005	0.000305987	0.220121558
1.51457976	0.000303235	0.219995774
1.515151515	0.000301896	0.219870062
1.51572327	0.000291981	0.219744422
1.516295026	0.000290764	0.219618854
1.516866781	0.000289117	0.219493358
1.517438536	0.000289055	0.219367933
1.518010292	0.000289018	0.21924258
1.518582047	0.000288148	0.219117298
1.519153802	0.000286485	0.218992088
1.519725557	0.000284112	0.21886695
1.520297313	0.000283861	0.218741883
1.520869068	0.000283174	0.218616888
1.521440823	0.000282946	0.218491964
1.522012579	0.00028249	0.218367111
1.522584334	0.000281897	0.21824233
1.523156089	0.000281645	0.21811762
1.523727844	0.000281421	0.217992982
1.5242996	0.000281306	0.217868414
1.524871355	0.000280767	0.217743918
1.52544311	0.000279815	0.217619493
1.526014866	0.000279424	0.217495139
1.526586621	0.000279412	0.217370856
1.527158376	0.000279067	0.217246644
1.527730132	0.000276796	0.217122503
1.528301887	0.000275253	0.216998433
1.528873642	0.000275069	0.216874434
1.529445397	0.000274984	0.216750506
1.530017153	0.000273917	0.216626648
1.530588908	0.000272771	0.216502862
1.531160663	0.000272088	0.216379146
1.531732419	0.00027203	0.216255501
1.532304174	0.000271962	0.216131926
1.532875929	0.000271466	0.216008422
1.533447684	0.000271195	0.215884989
1.53401944	0.000268553	0.215761626
1.534591195	0.000268091	0.215638333
1.53516295	0.00026792	0.215515112
1.535734706	0.000267241	0.21539196
1.536306461	0.000266756	0.215268879
1.536878216	0.000266469	0.215145868
1.537449971	0.000266436	0.215022928
1.538021727	0.00026598	0.214900057
1.538593482	0.000265963	0.214777257
1.539165237	0.000262099	0.214654528
1.539736993	0.000261534	0.214531868
1.540308748	0.00026144	0.214409278
1.540880503	0.000261412	0.214286759
1.541452258	0.000260606	0.214164309
1.542024014	0.000260344	0.214041929
1.542595769	0.000259779	0.21391962
1.543167524	0.000259001	0.21379738
1.54373928	0.000257914	0.21367521
1.544311035	0.000253837	0.21355311
1.54488279	0.000253592	0.21343108
1.545454545	0.000253169	0.213309119
1.546026301	0.000250936	0.213187228
1.546598056	0.000250594	0.213065407
1.547169811	0.000248877	0.212943655
1.547741567	0.000247804	0.212821973
1.548313322	0.000247394	0.21270036
1.548885077	0.000247238	0.212578817
1.549456832	0.000247219	0.212457344
1.550028588	0.000246092	0.21233594
1.550600343	0.000245695	0.212214605
1.551172098	0.0002453	0.212093339
1.551743854	0.000242943	0.211972143
1.552315609	0.000241333	0.211851016
1.552887364	0.000240922	0.211729958
1.553459119	0.000240555	0.21160897
1.554030875	0.000240201	0.21148805
1.55460263	0.000240177	0.2113672
1.555174385	0.000240109	0.211246419
1.555746141	0.000240108	0.211125707
1.556317896	0.000239914	0.211005063
1.556889651	0.000238733	0.210884489
1.557461407	0.000237662	0.210763984
1.558033162	0.000237159	0.210643547
1.558604917	0.000236964	0.210523179
1.559176672	0.000236677	0.21040288
1.559748428	0.000236265	0.21028265
1.560320183	0.000234849	0.210162489
1.560891938	0.000234535	0.210042396
1.561463694	0.000234082	0.209922372
1.562035449	0.000233978	0.209802416
1.562607204	0.00023393	0.209682529
1.563178959	0.000233761	0.20956271
1.563750715	0.000233716	0.20944296
1.56432247	0.000233289	0.209323278
1.564894225	0.000232683	0.209203665
1.565465981	0.00023267	0.20908412
1.566037736	0.000231636	0.208964643
1.566609491	0.000230722	0.208845235
1.567181246	0.00023037	0.208725895
1.567753002	0.000230181	0.208606623
1.568324757	0.000230111	0.208487419
1.568896512	0.000230078	0.208368284
1.569468268	0.000229692	0.208249216
1.570040023	0.000227956	0.208130216
1.570611778	0.000227167	0.208011285
1.571183533	0.000227069	0.207892421
1.571755289	0.000226327	0.207773626
1.572327044	0.000225755	0.207654898
1.572898799	0.000225717	0.207536238
1.573470555	0.000225464	0.207417646
1.57404231	0.000225319	0.207299121
1.574614065	0.00022522	0.207180665
1.57518582	0.000224435	0.207062276
1.575757576	0.000222802	0.206943955
1.576329331	0.000222692	0.206825701
1.576901086	0.000222489	0.206707515
1.577472842	0.00022247	0.206589396
1.578044597	0.000221476	0.206471345
1.578616352	0.000220748	0.206353361
1.579188107	0.000220734	0.206235445
1.579759863	0.000220434	0.206117596
1.580331618	0.000220254	0.205999815
1.580903373	0.000220146	0.205882101
1.581475129	0.000219779	0.205764454
1.582046884	0.000219469	0.205646874
1.582618639	0.00021838	0.205529362
1.583190395	0.000218115	0.205411916
1.58376215	0.000217023	0.205294538
1.584333905	0.00021571	0.205177227
1.58490566	0.000215597	0.205059983
1.585477416	0.000214211	0.204942806
1.586049171	0.000214111	0.204825695
1.586620926	0.00021242	0.204708652
1.587192682	0.000211623	0.204591676
1.587764437	0.000211546	0.204474766
1.588336192	0.000211392	0.204357924
1.588907947	0.000211365	0.204241148
1.589479703	0.000210866	0.204124438
1.590051458	0.000210597	0.204007796
1.590623213	0.000210522	0.20389122
1.591194969	0.000210491	0.203774711
1.591766724	0.000209238	0.203658268
1.592338479	0.00020921	0.203541892
1.592910234	0.000208783	0.203425582
1.59348199	0.000207952	0.203309339
1.594053745	0.00020627	0.203193162
1.5946255	0.000205837	0.203077052
1.595197256	0.000205638	0.202961008
1.595769011	0.000204962	0.20284503
1.596340766	0.000204845	0.202729119
1.596912521	0.000204376	0.202613273
1.597484277	0.000204045	0.202497494
1.598056032	0.000203335	0.202381782
1.598627787	0.000203331	0.202266135
1.599199543	0.000202953	0.202150554
1.599771298	0.000202935	0.20203504
1.600343053	0.000202403	0.201919591
1.600914808	0.00020197	0.201804208
1.601486564	0.000200821	0.201688892
1.602058319	0.000199225	0.201573641
1.602630074	0.000198559	0.201458456
1.60320183	0.00019683	0.201343337
1.603773585	0.000196376	0.201228284
1.60434534	0.000195408	0.201113296
1.604917095	0.000194819	0.200998374
1.605488851	0.00019444	0.200883518
1.606060606	0.000192718	0.200768727
1.606632361	0.000192645	0.200654002
1.607204117	0.000190933	0.200539343
1.607775872	0.000190845	0.200424749
1.608347627	0.000189083	0.20031022
1.608919383	0.000187486	0.200195757
1.609491138	0.000187188	0.20008136
1.610062893	0.000186688	0.199967028
1.610634648	0.000186675	0.199852761
1.611206404	0.000184811	0.199738559
1.611778159	0.000184655	0.199624423
1.612349914	0.000184087	0.199510352
1.61292167	0.000183976	0.199396346
1.613493425	0.00018386	0.199282405
1.61406518	0.000183781	0.199168529
1.614636935	0.000183456	0.199054719
1.615208691	0.000182953	0.198940973
1.615780446	0.00018272	0.198827293
1.616352201	0.000181263	0.198713677
1.616923957	0.000180291	0.198600127
1.617495712	0.000179153	0.198486641
1.618067467	0.000176165	0.19837322
1.618639222	0.000175731	0.198259864
1.619210978	0.000175111	0.198146572
1.619782733	0.000174886	0.198033346
1.620354488	0.000174197	0.197920184
1.620926244	0.000173809	0.197807087
1.621497999	0.000173619	0.197694054
1.622069754	0.000173494	0.197581086
1.622641509	0.000173376	0.197468182
1.623213265	0.000173361	0.197355343
1.62378502	0.000171678	0.197242569
1.624356775	0.000171635	0.197129859
1.624928531	0.000171246	0.197017213
1.625500286	0.0001711	0.196904632
1.626072041	0.000171079	0.196792115
1.626643796	0.000170812	0.196679662
1.627215552	0.000165746	0.196567274
1.627787307	0.000165684	0.19645495
1.628359062	0.000165397	0.19634269
1.628930818	0.000165094	0.196230494
1.629502573	0.000164866	0.196118362
1.630074328	0.000164771	0.196006295
1.630646083	0.0001629	0.195894291
1.631217839	0.000162898	0.195782352
1.631789594	0.000162458	0.195670476
1.632361349	0.000162038	0.195558664
1.632933105	0.00016123	0.195446916
1.63350486	0.000161029	0.195335233
1.634076615	0.000158656	0.195223612
1.63464837	0.000158604	0.195112056
1.635220126	0.000158074	0.195000563
1.635791881	0.000157808	0.194889135
1.636363636	0.000156202	0.194777769
1.636935392	0.000156018	0.194666468
1.637507147	0.000155637	0.19455523
1.638078902	0.000154741	0.194444055
1.638650658	0.00015469	0.194332944
1.639222413	0.000154566	0.194221897
1.639794168	0.00015444	0.194110913
1.640365923	0.000152386	0.193999993
1.640937679	0.000151151	0.193889135
1.641509434	0.000148524	0.193778342
1.642081189	0.000148396	0.193667611
1.642652945	0.000147867	0.193556944
1.6432247	0.000146056	0.19344634
1.643796455	0.000145968	0.193335799
1.64436821	0.000145839	0.193225322
1.644939966	0.000145564	0.193114907
1.645511721	0.000145335	0.193004556
1.646083476	0.000145096	0.192894267
1.646655232	0.000144329	0.192784042
1.647226987	0.000143744	0.19267388
1.647798742	0.000143283	0.192563781
1.648370497	0.000142946	0.192453744
1.648942253	0.000142924	0.19234377
1.649514008	0.000142865	0.19223386
1.650085763	0.00014285	0.192124012
1.650657519	0.000142464	0.192014227
1.651229274	0.000142174	0.191904504
1.651801029	0.00014168	0.191794845
1.652372784	0.000141533	0.191685248
1.65294454	0.000141131	0.191575713
1.653516295	0.000140773	0.191466241
1.65408805	0.00014052	0.191356832
1.654659806	0.0001404	0.191247485
1.655231561	0.000140004	0.191138201
1.655803316	0.00013924	0.191028979
1.656375071	0.000138791	0.19091982
1.656946827	0.000138692	0.190810723
1.657518582	0.000138477	0.190701688
1.658090337	0.000138204	0.190592716
1.658662093	0.000137954	0.190483805
1.659233848	0.000137578	0.190374958
1.659805603	0.000137564	0.190266172
1.660377358	0.000137514	0.190157448
1.660949114	0.000137166	0.190048787
1.661520869	0.0001367	0.189940188
1.662092624	0.000136671	0.18983165
1.66266438	0.000136236	0.189723175
1.663236135	0.000134478	0.189614762
1.66380789	0.000134249	0.189506411
1.664379646	0.000134118	0.189398121
1.664951401	0.000134111	0.189289894
1.665523156	0.000133785	0.189181728
1.666094911	0.000133379	0.189073624
1.666666667	0.000133174	0.188965582
1.667238422	0.000131986	0.188857602
1.667810177	0.000130929	0.188749683
1.668381933	0.000130835	0.188641826
1.668953688	0.000130118	0.188534031
1.669525443	0.000130066	0.188426297
1.670097198	0.000128721	0.188318625
1.670668954	0.000128409	0.188211014
1.671240709	0.000128366	0.188103465
1.671812464	0.000128325	0.187995978
1.67238422	0.000128322	0.187888551
1.672955975	0.000128017	0.187781186
1.67352773	0.000127296	0.187673883
1.674099485	0.000126517	0.187566641
1.674671241	0.000126052	0.18745946
1.675242996	0.000125937	0.18735234
1.675814751	0.00012516	0.187245281
1.676386507	0.000125151	0.187138284
1.676958262	0.00012496	0.187031348
1.677530017	0.000124923	0.186924473
1.678101772	0.000124458	0.186817659
1.678673528	0.000123825	0.186710906
1.679245283	0.000123804	0.186604214
1.679817038	0.000123699	0.186497583
1.680388794	0.000122083	0.186391013
1.680960549	0.000122026	0.186284504
1.681532304	0.000121953	0.186178056
1.682104059	0.000121234	0.186071668
1.682675815	0.000120992	0.185965342
1.68324757	0.000120939	0.185859076
1.683819325	0.00012038	0.18575287
1.684391081	0.000120243	0.185646726
1.684962836	0.000119673	0.185540642
1.685534591	0.00011887	0.185434619
1.686106346	0.000118707	0.185328656
1.686678102	0.000118055	0.185222754
1.687249857	0.000117221	0.185116913
1.687821612	0.00011683	0.185011131
1.688393368	0.000116107	0.184905411
1.688965123	0.000115916	0.184799751
1.689536878	0.000115619	0.184694151
1.690108634	0.000113994	0.184588611
1.690680389	0.000113902	0.184483132
1.691252144	0.0001139	0.184377713
1.691823899	0.00011355	0.184272354
1.692395655	0.000113109	0.184167056
1.69296741	0.000111895	0.184061818
1.693539165	0.000111598	0.183956639
1.694110921	0.000111022	0.183851521
1.694682676	0.000110994	0.183746463
1.695254431	0.000110674	0.183641465
1.695826186	0.000110593	0.183536527
1.696397942	0.0001103	0.183431649
1.696969697	0.000109677	0.183326831
1.697541452	0.000109426	0.183222073
1.698113208	0.000109383	0.183117375
1.698684963	0.000109351	0.183012736
1.699256718	0.000109181	0.182908158
1.699828473	0.000108347	0.182803639
1.700400229	0.000107982	0.182699179
1.700971984	0.00010784	0.18259478
1.701543739	0.00010734	0.18249044
1.702115495	0.000107265	0.18238616
1.70268725	0.000106784	0.182281939
1.703259005	0.000106575	0.182177778
1.70383076	0.000106366	0.182073676
1.704402516	0.000106174	0.181969634
1.704974271	0.000104671	0.181865652
1.705546026	0.00010446	0.181761728
1.706117782	0.00010404	0.181657864
1.706689537	0.000103803	0.18155406
1.707261292	0.000103092	0.181450315
1.707833047	0.000102701	0.181346629
1.708404803	0.000102591	0.181243002
1.708976558	0.000102517	0.181139435
1.709548313	0.00010216	0.181035927
1.710120069	0.000102094	0.180932478
1.710691824	0.0001016	0.180829088
1.711263579	0.000101511	0.180725757
1.711835334	0.000101407	0.180622485
1.71240709	9.97094E-05	0.180519272
1.712978845	9.84458E-05	0.180416118
1.7135506	9.8347E-05	0.180313023
1.714122356	9.82071E-05	0.180209987
1.714694111	9.76256E-05	0.18010701
1.715265866	9.72619E-05	0.180004092
